,,,tot_carbon_footprint_actual,tot_carbon_footprint_actual,migration_carbon_footprint_actual,migration_carbon_footprint_actual,tot_water_footprint_actual,tot_water_footprint_actual,migration_water_footprint_actual,migration_water_footprint_actual,tot_land_use_footprint_actual,tot_land_use_footprint_actual,migration_land_use_footprint_actual,migration_land_use_footprint_actual,tot_carbon_footprint_forecast,tot_carbon_footprint_forecast,migration_carbon_footprint_forecast,migration_carbon_footprint_forecast,tot_water_footprint_forecast,tot_water_footprint_forecast,migration_water_footprint_forecast,migration_water_footprint_forecast,tot_land_use_footprint_forecast,tot_land_use_footprint_forecast,migration_land_use_footprint_forecast,migration_land_use_footprint_forecast,eu-central-1,eu-central-1,eu-north-1,eu-north-1,eu-west-2,eu-west-2,us-east-1,us-east-1,us-west-1,us-west-1,migration,migration,tot_carbon_footprint_forecast_improvement,tot_carbon_footprint_forecast_improvement,tot_carbon_footprint_actual_improvement,tot_carbon_footprint_actual_improvement,tot_water_footprint_forecast_improvement,tot_water_footprint_forecast_improvement,tot_water_footprint_actual_improvement,tot_water_footprint_actual_improvement,tot_land_use_footprint_forecast_improvement,tot_land_use_footprint_forecast_improvement,tot_land_use_footprint_actual_improvement,tot_land_use_footprint_actual_improvement,eu-central-1_perc,eu-central-1_perc,eu-north-1_perc,eu-north-1_perc,eu-west-2_perc,eu-west-2_perc,us-east-1_perc,us-east-1_perc,us-west-1_perc,us-west-1_perc
,,,mean,std,mean,std,mean,std,mean,std,mean,std,mean,std,mean,std,mean,std,mean,std,mean,std,mean,std,mean,std,mean,std,mean,std,mean,std,mean,std,mean,std,mean,std,mean,std,mean,std,mean,std,mean,std,mean,std,mean,std,mean,std,mean,std,mean,std,mean,std,mean,std
algorithm,mae,period,,,,,,,,,,,,,,,,,,,,,,,,,,,,,,,,,,,,,,,,,,,,,,,,,,,,,,,,,,
L,0.05,autumn,13130688.68710886,211434.45834197893,0.0,0.0,203288.55656379784,7055.228565901983,0.0,0.0,2395.1127827527125,73.77442315325494,0.0,0.0,13553169.745711619,220387.76011892947,0.0,0.0,206582.4528452583,7127.709336402612,0.0,0.0,2420.513768279363,74.29338619945815,0.0,0.0,14021.333333333334,550.3514028933395,13704.333333333334,731.2908222223678,13324.0,782.5358777717479,14041.0,595.678100990795,14368.333333333334,1058.6602224824858,,,0.0,0.0,0.0,0.0,0.0,0.0,0.0,0.0,0.0,0.0,0.0,0.0,20.187899863762944,0.8158761458281504,19.7238208656604,0.8859342822096473,19.18471743430861,1.1487504865433016,20.218841941637574,0.9473722817223479,20.684719894630476,1.4921423831159761
L,0.05,spring,12030578.438292595,233794.17384927397,0.0,0.0,250801.4012817406,9602.051694531365,0.0,0.0,2261.525977058991,65.65312549309974,0.0,0.0,12367952.249346284,239481.19145822423,0.0,0.0,253955.97534378734,9690.754695559737,0.0,0.0,2289.5608603438336,66.30290787233483,0.0,0.0,14021.333333333334,550.3514028933395,13704.333333333334,731.2908222223678,13324.0,782.5358777717479,14041.0,595.678100990795,14368.333333333334,1058.6602224824858,,,0.0,0.0,0.0,0.0,0.0,0.0,0.0,0.0,0.0,0.0,0.0,0.0,20.187899863762944,0.8158761458281504,19.7238208656604,0.8859342822096473,19.18471743430861,1.1487504865433016,20.218841941637574,0.9473722817223479,20.684719894630476,1.4921423831159761
L,0.05,summer,14440230.245490499,228535.83049872034,0.0,0.0,243301.41952608278,9062.252352865136,0.0,0.0,2049.845479967438,62.50286326029222,0.0,0.0,14766129.433104651,237252.55131235803,0.0,0.0,246531.5101065874,9137.767814650564,0.0,0.0,2078.879030417908,62.77075257956715,0.0,0.0,14021.333333333334,550.3514028933395,13704.333333333334,731.2908222223678,13324.0,782.5358777717479,14041.0,595.678100990795,14368.333333333334,1058.6602224824858,,,0.0,0.0,0.0,0.0,0.0,0.0,0.0,0.0,0.0,0.0,0.0,0.0,20.187899863762944,0.8158761458281504,19.7238208656604,0.8859342822096473,19.18471743430861,1.1487504865433016,20.218841941637574,0.9473722817223479,20.684719894630476,1.4921423831159761
L,0.05,winter,17206643.416116085,262968.39581728796,0.0,0.0,214945.94994354306,8442.94819350893,0.0,0.0,2033.912607917866,65.20749106370963,0.0,0.0,17671297.782560233,272627.0031018065,0.0,0.0,218093.53825362885,8523.172311989627,0.0,0.0,2053.25755366543,65.75328868395184,0.0,0.0,14021.333333333334,550.3514028933395,13704.333333333334,731.2908222223678,13324.0,782.5358777717479,14041.0,595.678100990795,14368.333333333334,1058.6602224824858,,,0.0,0.0,0.0,0.0,0.0,0.0,0.0,0.0,0.0,0.0,0.0,0.0,20.187899863762944,0.8158761458281504,19.7238208656604,0.8859342822096473,19.18471743430861,1.1487504865433016,20.218841941637574,0.9473722817223479,20.684719894630476,1.4921423831159761
L,0.1,autumn,13130688.68710886,211434.45834197893,0.0,0.0,203288.55656379784,7055.228565901983,0.0,0.0,2395.1127827527125,73.77442315325494,0.0,0.0,14020395.595757946,230805.89749325774,0.0,0.0,210485.70746978562,7236.005211327461,0.0,0.0,2446.2996037469707,75.35295692118727,0.0,0.0,14021.333333333334,550.3514028933395,13704.333333333334,731.2908222223678,13324.0,782.5358777717479,14041.0,595.678100990795,14368.333333333334,1058.6602224824858,,,0.0,0.0,0.0,0.0,0.0,0.0,0.0,0.0,0.0,0.0,0.0,0.0,20.187899863762944,0.8158761458281504,19.7238208656604,0.8859342822096473,19.18471743430861,1.1487504865433016,20.218841941637574,0.9473722817223479,20.684719894630476,1.4921423831159761
L,0.1,spring,12030578.438292595,233794.17384927397,0.0,0.0,250801.4012817406,9602.051694531365,0.0,0.0,2261.525977058991,65.65312549309974,0.0,0.0,12794884.81644111,252832.36750297886,0.0,0.0,257514.90124098412,9777.49689368112,0.0,0.0,2317.4795758194045,66.79496692052282,0.0,0.0,14021.333333333334,550.3514028933395,13704.333333333334,731.2908222223678,13324.0,782.5358777717479,14041.0,595.678100990795,14368.333333333334,1058.6602224824858,,,0.0,0.0,0.0,0.0,0.0,0.0,0.0,0.0,0.0,0.0,0.0,0.0,20.187899863762944,0.8158761458281504,19.7238208656604,0.8859342822096473,19.18471743430861,1.1487504865433016,20.218841941637574,0.9473722817223479,20.684719894630476,1.4921423831159761
L,0.1,summer,14440230.245490499,228535.83049872034,0.0,0.0,243301.41952608278,9062.252352865136,0.0,0.0,2049.845479967438,62.50286326029222,0.0,0.0,15163837.427480018,253542.5417585379,0.0,0.0,250547.1839822548,9215.232862678855,0.0,0.0,2114.2481410024725,63.14925128831578,0.0,0.0,14021.333333333334,550.3514028933395,13704.333333333334,731.2908222223678,13324.0,782.5358777717479,14041.0,595.678100990795,14368.333333333334,1058.6602224824858,,,0.0,0.0,0.0,0.0,0.0,0.0,0.0,0.0,0.0,0.0,0.0,0.0,20.187899863762944,0.8158761458281504,19.7238208656604,0.8859342822096473,19.18471743430861,1.1487504865433016,20.218841941637574,0.9473722817223479,20.684719894630476,1.4921423831159761
L,0.1,winter,17206643.416116085,262968.39581728796,0.0,0.0,214945.94994354306,8442.94819350893,0.0,0.0,2033.912607917866,65.20749106370963,0.0,0.0,17932242.81496218,285096.3728246331,0.0,0.0,222094.62121734643,8623.093917171398,0.0,0.0,2093.8786384298232,66.77776728541029,0.0,0.0,14021.333333333334,550.3514028933395,13704.333333333334,731.2908222223678,13324.0,782.5358777717479,14041.0,595.678100990795,14368.333333333334,1058.6602224824858,,,0.0,0.0,0.0,0.0,0.0,0.0,0.0,0.0,0.0,0.0,0.0,0.0,20.187899863762944,0.8158761458281504,19.7238208656604,0.8859342822096473,19.18471743430861,1.1487504865433016,20.218841941637574,0.9473722817223479,20.684719894630476,1.4921423831159761
L,0.15,autumn,13130688.68710886,211434.45834197893,0.0,0.0,203288.55656379784,7055.228565901983,0.0,0.0,2395.1127827527125,73.77442315325494,0.0,0.0,14305079.67664774,234925.16611671125,0.0,0.0,214007.5194143795,7302.9076825287375,0.0,0.0,2476.2675783403643,75.50279009793081,0.0,0.0,14021.333333333334,550.3514028933395,13704.333333333334,731.2908222223678,13324.0,782.5358777717479,14041.0,595.678100990795,14368.333333333334,1058.6602224824858,,,0.0,0.0,0.0,0.0,0.0,0.0,0.0,0.0,0.0,0.0,0.0,0.0,20.187899863762944,0.8158761458281504,19.7238208656604,0.8859342822096473,19.18471743430861,1.1487504865433016,20.218841941637574,0.9473722817223479,20.684719894630476,1.4921423831159761
L,0.15,spring,12030578.438292595,233794.17384927397,0.0,0.0,250801.4012817406,9602.051694531365,0.0,0.0,2261.525977058991,65.65312549309974,0.0,0.0,13722915.979018116,280363.52744297637,0.0,0.0,259711.70366317176,9818.825255943257,0.0,0.0,2306.0696382249685,65.79721268193938,0.0,0.0,14021.333333333334,550.3514028933395,13704.333333333334,731.2908222223678,13324.0,782.5358777717479,14041.0,595.678100990795,14368.333333333334,1058.6602224824858,,,0.0,0.0,0.0,0.0,0.0,0.0,0.0,0.0,0.0,0.0,0.0,0.0,20.187899863762944,0.8158761458281504,19.7238208656604,0.8859342822096473,19.18471743430861,1.1487504865433016,20.218841941637574,0.9473722817223479,20.684719894630476,1.4921423831159761
L,0.15,summer,14440230.245490499,228535.83049872034,0.0,0.0,243301.41952608278,9062.252352865136,0.0,0.0,2049.845479967438,62.50286326029222,0.0,0.0,15413917.181164088,251941.44389545993,0.0,0.0,254192.49190646774,9340.15372652228,0.0,0.0,2152.939250839893,64.17721463021486,0.0,0.0,14021.333333333334,550.3514028933395,13704.333333333334,731.2908222223678,13324.0,782.5358777717479,14041.0,595.678100990795,14368.333333333334,1058.6602224824858,,,0.0,0.0,0.0,0.0,0.0,0.0,0.0,0.0,0.0,0.0,0.0,0.0,20.187899863762944,0.8158761458281504,19.7238208656604,0.8859342822096473,19.18471743430861,1.1487504865433016,20.218841941637574,0.9473722817223479,20.684719894630476,1.4921423831159761
L,0.15,winter,17206643.416116085,262968.39581728796,0.0,0.0,214945.94994354306,8442.94819350893,0.0,0.0,2033.912607917866,65.20749106370963,0.0,0.0,18232402.163397733,278742.94216777175,0.0,0.0,225677.54057674945,8685.456303191482,0.0,0.0,2125.359763646846,67.32884397467515,0.0,0.0,14021.333333333334,550.3514028933395,13704.333333333334,731.2908222223678,13324.0,782.5358777717479,14041.0,595.678100990795,14368.333333333334,1058.6602224824858,,,0.0,0.0,0.0,0.0,0.0,0.0,0.0,0.0,0.0,0.0,0.0,0.0,20.187899863762944,0.8158761458281504,19.7238208656604,0.8859342822096473,19.18471743430861,1.1487504865433016,20.218841941637574,0.9473722817223479,20.684719894630476,1.4921423831159761
L,0.2,autumn,13130688.68710886,211434.45834197893,0.0,0.0,203288.55656379784,7055.228565901983,0.0,0.0,2395.1127827527125,73.77442315325494,0.0,0.0,14808828.607786862,252095.0571823396,0.0,0.0,217334.44810019076,7348.370537590258,0.0,0.0,2490.4050700670778,75.42192988218558,0.0,0.0,14021.333333333334,550.3514028933395,13704.333333333334,731.2908222223678,13324.0,782.5358777717479,14041.0,595.678100990795,14368.333333333334,1058.6602224824858,,,0.0,0.0,0.0,0.0,0.0,0.0,0.0,0.0,0.0,0.0,0.0,0.0,20.187899863762944,0.8158761458281504,19.7238208656604,0.8859342822096473,19.18471743430861,1.1487504865433016,20.218841941637574,0.9473722817223479,20.684719894630476,1.4921423831159761
L,0.2,spring,12030578.438292595,233794.17384927397,0.0,0.0,250801.4012817406,9602.051694531365,0.0,0.0,2261.525977058991,65.65312549309974,0.0,0.0,13856144.618367827,263066.82342433097,0.0,0.0,263356.5785331097,9921.280592237192,0.0,0.0,2354.364961856954,67.29385330259804,0.0,0.0,14021.333333333334,550.3514028933395,13704.333333333334,731.2908222223678,13324.0,782.5358777717479,14041.0,595.678100990795,14368.333333333334,1058.6602224824858,,,0.0,0.0,0.0,0.0,0.0,0.0,0.0,0.0,0.0,0.0,0.0,0.0,20.187899863762944,0.8158761458281504,19.7238208656604,0.8859342822096473,19.18471743430861,1.1487504865433016,20.218841941637574,0.9473722817223479,20.684719894630476,1.4921423831159761
L,0.2,summer,14440230.245490499,228535.83049872034,0.0,0.0,243301.41952608278,9062.252352865136,0.0,0.0,2049.845479967438,62.50286326029222,0.0,0.0,16204996.352387993,277281.8369500988,0.0,0.0,256245.57542555468,9385.109683533192,0.0,0.0,2147.7656192119684,64.01824410701344,0.0,0.0,14021.333333333334,550.3514028933395,13704.333333333334,731.2908222223678,13324.0,782.5358777717479,14041.0,595.678100990795,14368.333333333334,1058.6602224824858,,,0.0,0.0,0.0,0.0,0.0,0.0,0.0,0.0,0.0,0.0,0.0,0.0,20.187899863762944,0.8158761458281504,19.7238208656604,0.8859342822096473,19.18471743430861,1.1487504865433016,20.218841941637574,0.9473722817223479,20.684719894630476,1.4921423831159761
L,0.2,winter,17206643.416116085,262968.39581728796,0.0,0.0,214945.94994354306,8442.94819350893,0.0,0.0,2033.912607917866,65.20749106370963,0.0,0.0,18498857.51284131,292893.49894886377,0.0,0.0,229382.072860428,8794.018101994241,0.0,0.0,2166.8984230786236,68.06114201808289,0.0,0.0,14021.333333333334,550.3514028933395,13704.333333333334,731.2908222223678,13324.0,782.5358777717479,14041.0,595.678100990795,14368.333333333334,1058.6602224824858,,,0.0,0.0,0.0,0.0,0.0,0.0,0.0,0.0,0.0,0.0,0.0,0.0,20.187899863762944,0.8158761458281504,19.7238208656604,0.8859342822096473,19.18471743430861,1.1487504865433016,20.218841941637574,0.9473722817223479,20.684719894630476,1.4921423831159761
"RP_[0.0, 0.0, 1.0]",0.05,autumn,16721671.534023339,430546.0129182282,335765.2013937664,5957.603212031249,175293.82642992446,3851.9080369037697,5092.462475242845,78.3017260091935,1409.2949783847935,25.36787247106849,60.13821024731529,1.056491016390947,16967978.70726903,433041.44843305525,347193.7684749498,6136.65933944971,178016.5321510851,3910.640872690011,5178.627615692073,80.05916938269374,1440.1107980809786,25.998506607380964,60.814028283571396,1.0721178823871917,8218.5,429.5838684122112,10936.5,387.58624846606733,7942.833333333333,373.5448656676554,32134.5,829.304467611263,10292.333333333334,894.2529097893204,6389.333333333333,106.79637946422453,-25.18664578679474,1.8029418928350651,-27.338832828835262,1.9040165901232364,13.794271213925894,1.2880904047485922,13.736624242255552,1.3053860174574792,40.481242080493196,1.0376786845557964,41.136352241363504,1.0643953659523502,11.821806157643843,0.6309106752496684,15.727948119112853,0.4432343307151337,11.426315857543159,0.5689466087134014,46.22206838870127,1.1937530956425666,14.80186147699888,1.2556544736141795
"RP_[0.0, 0.0, 1.0]",0.05,spring,14937885.1775434,349330.5343418698,274013.22402378125,4397.3755159144675,251043.63243119605,8112.0391301143845,5760.280177421381,84.61189858934061,1389.5538788435795,24.842471452872143,51.07544279419824,0.805280142743381,15248433.60782023,353284.6573358634,282128.9937711447,4455.408975895707,253922.6802624782,8182.536851621089,5834.445031510298,85.21752637920069,1422.0419249240113,25.52595209816525,51.74983042251859,0.8094100837713006,8218.5,429.5838684122112,15016.833333333334,575.3800193495309,7942.833333333333,373.5448656676554,28350.0,554.2183685155161,9991.666666666666,893.0528913041302,5760.0,94.6424851744712,-23.290201620931672,1.5511623364001403,-24.166138319661787,1.5841931151488338,-0.007654779304963684,0.902673336488614,-0.1175897149055588,0.9109462568076881,37.87050913861146,0.9796814167462509,38.53673311748639,1.0007122941766293,11.822630367177814,0.630992318699613,21.596657129974698,0.6568711422525659,11.42711293928613,0.5690302190794415,40.783795496972104,0.9424742630667126,14.369804066589253,1.2453269811565795
"RP_[0.0, 0.0, 1.0]",0.05,summer,18205890.750838358,466085.453969951,337545.22861537774,5048.0072549450115,230519.57430107147,6026.90475569836,5586.796303855462,77.9672780598186,1228.1913899903627,22.01547093092776,46.45886317194347,0.7169012859979111,18368989.371414166,467189.3877791453,345165.56779697054,5050.435091660444,233167.80774006224,6078.696856912297,5664.402616339299,79.12602180170158,1263.969459172605,22.778076520063603,47.18567569477566,0.7359106268995088,8218.5,429.5838684122112,14198.833333333334,456.52269019914723,7942.833333333333,373.5448656676554,28820.666666666668,711.6900074236445,10338.333333333334,868.0943881091888,5825.333333333333,83.58628276617307,-24.388477311894288,1.6357492261591244,-26.06627184340628,1.7213771255295889,5.383262236760864,1.4829011071164375,5.215439556916729,1.4993381160983985,39.17737605017654,1.0339524869003631,40.06091878847212,1.0522934524562484,11.8227511989867,0.6310996073563588,20.421621311427486,0.5098914148300062,11.427250982840127,0.56959064003229,41.45934684526848,1.0560394769106245,14.869029661477212,1.2140539302968532
"RP_[0.0, 0.0, 1.0]",0.05,winter,22175287.087764233,563028.5583741214,408155.0111765163,6166.226211601873,187936.2143961114,4404.454779741624,5097.049709038253,77.57572811679479,1266.059293741832,25.20557714475262,47.79804571409835,0.682481763542349,22533816.48112761,567577.4967205824,419872.5171452846,6526.780339719224,190676.05120413285,4460.536890571464,5172.985354410041,78.29910933942044,1292.205527753453,25.871528175260107,48.262335272811754,0.6761386540000155,8218.5,429.5838684122112,10696.333333333334,355.57483975482097,7947.5,373.7821558073634,31204.666666666668,713.7914728172838,11457.333333333334,813.6924890071598,5998.166666666667,75.65293561169095,-27.50565786452421,1.7443407958300972,-28.865858195820106,1.8702213717420348,12.519079492496878,1.8517845321354476,12.512621447616139,1.8713929131102223,37.042599638181976,1.0005729008313478,37.72938770089698,1.0061533337860529,11.821873025386706,0.631128577430386,15.383292555626872,0.4184995067847567,11.433097918161998,0.5696234991153223,44.88388230326431,0.9779272053173669,16.477854197560113,1.1341284525027713
"RP_[0.0, 0.0, 1.0]",0.1,autumn,16524259.354876777,440841.39403863414,331908.1041228101,5690.294061025187,179162.1275064228,3672.8867231982995,5043.316859091785,76.15124555049572,1411.7040970503865,24.70661940507718,59.436023486586215,1.016916719400535,17037659.199774444,439321.19265777484,355393.2933340618,5958.88153561107,185273.2488661475,3815.8758517102524,5228.623575111691,79.31037770373871,1474.9092377416398,26.366730932609908,60.77684855799001,1.0494421253414137,8219.0,429.35346743679645,11235.0,251.85869053896081,7947.833333333333,372.6351656334472,31832.0,704.0178974997725,10290.666666666666,826.5017039708184,6329.833333333333,104.04310004352351,-21.511478693600598,1.7533109553766573,-25.835254429265195,2.0529695357654547,11.93839471889599,1.5856808628807946,11.82656989098385,1.6295360770467018,39.68645316167311,0.9618468824559994,41.03598466775359,1.0171928564262214,11.822550603107691,0.630499442744586,16.159159237328094,0.28788336632704126,11.433569768786297,0.5685514132459704,45.78546512978269,0.9220065244575834,14.79925526099523,1.1507461828529444
"RP_[0.0, 0.0, 1.0]",0.1,spring,14604992.36101065,329201.21428404003,278104.21709746803,4482.464390966865,258902.57047254613,7946.112229300698,5855.598770890832,88.49916629514443,1392.0143872355372,25.209020038491694,51.78666720090971,0.8191317925230484,15366229.987555156,352802.3641318597,296855.91707605036,4974.914392590898,264677.57142735046,8082.147029156373,6016.036436049971,91.12902438691971,1450.176459735411,25.936478691591375,53.14255782002321,0.8303618732535959,8218.5,429.5838684122112,15528.833333333334,496.96415028316335,7943.0,373.64903318488604,27901.5,481.41115483544843,9929.166666666666,804.867049062556,5849.166666666667,96.72314442090212,-20.099293650746645,1.6046096873388727,-21.40415988740782,1.811504632447365,-2.8127516165444013,1.5267970250324534,-3.2626422764233673,1.5710545307286548,37.40503577711352,0.9631004175430384,38.42838697648411,0.9819316774862997,11.82244020518283,0.6311222623865675,22.333588037091044,0.5373662729739581,11.427174931732145,0.5694161373044586,40.13657613902691,0.7683935267273188,14.280220686967082,1.1229276012135871
"RP_[0.0, 0.0, 1.0]",0.1,summer,17856748.552095547,420416.70456776937,337078.4547240853,5097.285670997408,236596.42740080063,6796.781288090802,5583.316197382585,78.31865212806727,1234.733352384935,23.15343461586771,46.388132208126585,0.7183415727697915,18313465.726333264,429085.60534732975,354462.1181703564,5443.247819946497,242190.4725486733,6901.470226735366,5754.032431976375,80.76670604046996,1303.6663747069942,24.49867442702554,47.92525659918553,0.7362557303784815,8218.5,429.5838684122112,14525.166666666666,395.4720807676146,7948.333333333333,374.0500857728369,28121.5,583.2171979631598,10704.833333333334,846.4252871143835,5814.166666666667,88.67788149627104,-20.7627841897465,1.2766200870179727,-23.65133367292786,1.458020191657293,3.304592568698016,1.4003274206255953,2.7235034788551897,1.4474009164551562,38.319060337168814,0.9572286460173853,39.74325527346826,0.9990999207664817,11.822890230995718,0.631065019710443,20.89158953511553,0.40359650206706754,11.435302744170457,0.5704392076587924,40.454600973107794,0.9064814901528091,15.395616516610504,1.1679783971313806
"RP_[0.0, 0.0, 1.0]",0.1,winter,21979080.10412117,558225.731232426,396128.01028862357,5849.700652735331,190293.1134602469,4681.513316298952,4956.991868408974,73.86687381316516,1270.951365798486,25.26723494196225,46.443473964418736,0.655386484027495,22370865.094825167,566424.8342417004,413720.0887878991,6141.559553816522,196322.34758585386,4801.907222334373,5129.174195053923,76.02053168075818,1342.1091402479096,27.129139478252046,47.9328628071956,0.6693770296610909,8218.5,429.5838684122112,10758.0,364.64667830654923,7968.0,375.0957211166237,30885.666666666668,699.2251902403596,11689.833333333334,815.9189706500681,5839.833333333333,85.59302931119261,-24.740894591502883,1.6100159006261126,-27.724995138933604,1.8054379966143541,11.556572765556261,1.7107462431027203,11.419788501428435,1.7610693864405291,35.88057693115287,0.9922517704550944,37.4888637529163,1.0014376776796519,11.822612520055394,0.6311693699750285,15.472417956710594,0.41089275908639267,11.463305168352663,0.5715289908498068,44.428742120801,1.0089645075514146,16.812922234080354,1.1297946262653464
"RP_[0.0, 0.0, 1.0]",0.15,autumn,16268390.72303555,434942.2854187328,326064.2852651502,6135.561681213045,182782.71410787254,3783.2374402756373,4955.212898708677,83.05061818973968,1422.5330911295907,24.76640400039679,58.26456984197015,1.068242438849363,16796199.237554397,425878.6651226309,355989.75255445624,6860.189827625677,191907.4259864745,3994.639627827063,5226.337252982765,87.4199475558634,1526.6961433059885,27.623097082778834,60.39538549450006,1.0900521909812977,8218.5,429.5838684122112,11802.0,363.24702338766656,7967.5,369.7992698748876,31099.833333333332,821.4493086409329,10436.0,798.0233079302884,6218.333333333333,109.31361610827193,-17.404011805848224,1.4803401034285804,-23.88560439341794,1.9524258258978247,10.289974568889365,1.4180937098144675,10.047640218142737,1.4830601442473617,38.3251907813447,0.9664174733213851,40.5833929875224,1.0397617703324669,11.82193253756816,0.6305651706688582,16.974674637642966,0.462400258063506,11.46191627088163,0.5636609630393444,44.7321730946058,1.0795017468427994,15.00930345930144,1.121349529481071
"RP_[0.0, 0.0, 1.0]",0.15,spring,14115760.408813925,330191.9653416261,275840.17061155115,4750.127836191655,269166.2798867025,8016.852924215979,5795.508397459006,93.7192930416613,1395.2551693623652,25.207790801661062,51.35956103960749,0.8808877588050916,15761673.581560127,380670.55216219655,315429.3997822651,5212.932874278487,276490.7616722191,8167.169705069911,6009.478233181738,98.39919655607538,1445.006445866093,25.31354574071701,52.520889558976144,0.9295622020007901,8218.5,429.5838684122112,16518.0,526.9918405440449,7952.166666666667,373.21329915567947,26675.5,580.1009394924298,10155.833333333334,810.0954059039384,5790.5,99.19022129222216,-14.855268857510305,1.3001405831481165,-17.333348550651625,1.5755446694395465,-6.493963175858984,1.471020322259277,-7.357606121908624,1.5303703709673038,37.31943866704091,0.9832961374584968,38.28450993143418,1.0207731452953666,11.822607000710901,0.6311146961745758,23.757553655925687,0.6171458327892063,11.440525503768042,0.5689444555507945,38.37267995822808,0.8525610811613646,14.606633881367292,1.1325183270689858
"RP_[0.0, 0.0, 1.0]",0.15,summer,16912906.793883506,406195.02632420877,349060.0949854599,4017.0793954047795,255403.85306208357,7038.729891331486,5809.62608992472,63.844087745144165,1239.2224516596343,21.840723977646192,48.04352741884717,0.5684434820155436,17663970.266733665,408646.38204597874,374036.31687829364,4298.276782313274,263334.55240054196,7180.853722556261,6079.175776465276,68.12130647139244,1331.874877156458,23.870487393717692,50.58857305013914,0.6120577635050487,8218.5,429.5838684122112,16139.666666666666,394.5258757884794,7961.0,375.40218433035255,26690.333333333332,582.14247969605,10512.166666666666,834.0017785752419,6031.5,66.70157419431713,-14.589541447739101,1.1297035825924213,-17.114585981312516,1.3831827732030602,-3.631431652350376,1.4362232510746178,-5.01123070640836,1.5086729547904238,38.11595393446981,0.9765306691509091,39.52233540392281,1.0591738694517774,11.822331750433378,0.631267604789007,23.21339218622194,0.4063149370352159,11.452944969087094,0.5715297022146271,38.39258598516217,0.8260750942298182,15.118745109095414,1.1649762266170596
"RP_[0.0, 0.0, 1.0]",0.15,winter,21908977.590424705,548621.7526802862,408774.4759613779,5556.111573402529,192063.06800595904,4764.46789808579,5125.556046826235,71.08102399693416,1274.436286189227,25.738447922235512,47.994903787400325,0.6147037562831856,22669200.828330815,562488.6786930267,434984.14194921847,5556.884071311156,199955.11122699184,4924.535300451826,5388.853123870658,74.73316545652241,1357.1112546871882,27.466217064863237,50.209862792681186,0.6576154538924802,8218.5,429.5838684122112,10912.833333333334,393.08798845381494,7967.5,375.81471498598864,30882.833333333332,691.8553076089443,11540.833333333334,881.9000888233694,6030.5,71.64007258511118,-24.322666159026806,1.4947235986909615,-27.317598498319274,1.7099846666685752,11.354156894365019,1.5400369561956329,10.598691611857054,1.6273830345749765,36.12481206462447,0.9710102378758078,37.317674564857,1.0130741588995067,11.822183034630115,0.6310760042384692,15.694477962258901,0.4580459684147871,11.462174618282587,0.572591336444757,44.423938827611295,1.0449660862169863,16.59722555721711,1.2163910472662969
"RP_[0.0, 0.0, 1.0]",0.2,autumn,16328659.902181556,407174.72832801455,322969.9355442283,5170.432249892891,182000.8691389544,4258.378161805008,4921.74688651268,67.2466674564852,1429.505694733856,25.82326608407711,57.71137307959418,0.9312067400680404,17142724.106052708,395721.18320689304,364928.0025388932,5418.926947906104,193808.81950122621,4515.089748527773,5272.1650806351045,71.63359121956621,1554.3382679412964,29.60950417646025,60.13235742735941,0.9713919421340779,8227.166666666666,429.6172327394078,11456.833333333334,318.0933301197415,7991.833333333333,372.4209535816516,31033.0,611.6391092793201,10814.333333333334,817.3106304622906,6149.833333333333,96.24846319119426,-15.75355497730134,1.1695980085019086,-24.347142418111176,1.7792825104392307,10.794322885949653,1.2883384932678055,10.438002531543455,1.3834853650555414,37.566966400251694,0.9201691092802874,40.29311927835047,1.0183665386070093,11.834521066981429,0.630793153124014,16.477403468921832,0.3388421116482304,11.496974933034304,0.5658590486426271,44.63823878423401,0.8562646301363481,15.55286174682842,1.1353669314845534
"RP_[0.0, 0.0, 1.0]",0.2,spring,13772934.70218656,311061.77390851267,281722.2969255306,4425.579465010939,278386.4229871281,8224.939403625374,5922.171411352135,87.24853787797464,1400.762775045984,25.4249160962728,52.3165103202117,0.8046417503315171,15614030.081608409,360121.06896331056,324305.2692868667,5120.249825725464,288468.81565881823,8442.364462417627,6229.68224231431,90.95955068406383,1489.24866681835,26.574273623717303,54.70409278113667,0.83232414616149,8218.5,429.5838684122112,17251.666666666668,575.8967500053002,7947.666666666667,374.9931554930924,25946.0,330.66720430063816,10156.333333333334,772.9268184418671,5907.833333333333,90.28491937564462,-12.684302268111049,1.1963544736087892,-14.48703373760422,1.6696908642966188,-9.573444862466378,1.7920459191219404,-11.039912434277838,1.9048530690265673,36.72597062458451,0.9716506400660245,38.04153083146084,0.983302719106516,11.822571705880875,0.6308731470467402,24.811938707808153,0.6521979964653347,11.434039317855943,0.5715372629108807,37.324143730219056,0.5778025535945647,14.607306538235973,1.0767433162249544
"RP_[0.0, 0.0, 1.0]",0.2,summer,17170218.162609413,405736.24892756215,350495.37222552043,4283.197435037643,250527.14180029475,6950.529807431546,5823.9072382797285,66.24927119875733,1241.7595595040798,22.430115370686146,48.15047949007701,0.5893598241492635,18554579.177479867,440994.4460913545,392388.1303484915,4171.7154062232485,260266.05187952446,7130.199989728065,6145.6866720939115,70.80272985603689,1340.2600349308366,23.719855859592343,50.71982065794021,0.6627369795659799,8218.833333333334,429.06895327751994,15929.333333333334,563.3296252343443,7952.833333333333,373.56039226163506,27126.5,531.3811249941043,10294.166666666666,805.0054451161596,6070.0,75.08395301261118,-14.491719755237549,1.2135027843360526,-18.899730174258,1.6274990868810006,-1.6028612446356714,1.437825340105501,-3.0060684227453667,1.5141555224855867,37.57669875377065,0.9410641016469824,39.399614857077125,1.0117381686760385,11.822798468974666,0.6302281602784555,22.908338403835774,0.6049708880853101,11.44121114806712,0.5694091840757939,39.02246501593227,0.8916551152725419,14.805186963190172,1.1230026938903575
"RP_[0.0, 0.0, 1.0]",0.2,winter,21619150.747866128,499425.3886917367,418780.034714851,6976.497364475812,196616.87225794405,5554.646557289826,5245.594643167516,88.69725728442027,1285.3176001947377,26.553841935427553,48.89243825226669,0.7673682987643229,22607832.012529004,525542.4574682991,450047.35655473504,7809.558933627949,206930.40455505752,5715.323683547094,5610.320224426058,94.18550148927014,1396.491839177632,27.91849119294715,52.3942170778804,0.8082305598827163,8218.5,429.5838684122112,11140.5,415.0955311732469,7980.0,373.8834042853468,30252.333333333332,610.1726531619285,11932.333333333334,814.4769282592765,6156.0,93.36808876698717,-22.203470919001898,1.3260667886012756,-25.636835803304802,1.5681286875365912,9.749218111706881,1.586707879534311,8.485024909514967,1.7098488096616906,35.532326069035584,0.9115217021841905,36.783957139507706,0.9456526896158934,11.821977737843701,0.6308758611654309,16.021267653588453,0.47550255067395103,11.479953876819472,0.569684220293243,43.515980701382,0.9141175853805231,17.160820030366384,1.1258723205061807
"RP_[0.0, 1.0, 0.0]",0.05,autumn,13505820.635399468,232246.20666188712,280682.94935542415,4372.171218460933,136161.68838743895,2922.282109329127,4278.988974165953,60.2395514635707,2861.814458838442,92.94908605863031,50.26668925382836,0.817741481828953,13960356.05997268,244367.41343883876,290365.87383505935,4587.6830477966105,139462.1433744259,2994.6776130935236,4350.505552619755,61.48557734435605,2880.7969153213667,93.10448988081434,50.81594911455465,0.8267376465363533,9291.333333333334,434.97892669262365,8194.0,443.2773398223735,30305.5,797.7307189772747,12311.166666666666,598.9358618973046,9417.0,794.9201217732509,5375.0,77.4002583975015,-3.0060394868721296,0.9174202060928056,-2.8587716303533433,0.9096068916341319,32.46209199755484,1.1434361543340303,32.99130263027069,1.1545290223844855,-19.019251004622518,1.5160547797200354,-19.48917150602565,1.560223401896279,13.366672672987592,0.6547594154748407,11.783350694062008,0.5480382313482451,43.59288199234644,1.0547894682369439,17.7132190643804,0.9417091484069733,13.543875576223561,1.110972176117503
"RP_[0.0, 1.0, 0.0]",0.05,spring,12037411.237237386,216737.19413096237,231976.7761107703,4552.182781704762,168505.36088787555,3949.398721401805,4852.775476958975,89.80127447705829,2749.777543367594,86.09849983513094,42.91131447889256,0.7690310980737154,12275319.5210952,219794.28338715967,238778.662398166,4722.331498098387,171307.38232853514,4008.8013058897477,4914.4628944609,90.72671839785653,2773.2826194532463,86.44180243485765,43.46400764204773,0.773572281457145,10263.0,440.57825638585496,8193.5,442.88813486026015,28529.833333333332,748.4331410798601,13287.333333333334,546.0767955761042,9240.0,771.0968810726702,4876.5,80.5475015130824,0.7441580994903743,0.757053645396365,-0.06160670058989498,0.7634559125814544,32.50828291489618,1.3115594785032336,32.776802787539026,1.3170103385434508,-21.129254982768,1.5656699678157988,-21.591739749954698,1.616170160658674,14.7658671180186,0.6728265118791218,11.783523361681626,0.5470629212957393,41.0407884534611,0.9350304913904709,19.119092693844284,0.886084810711605,13.290728372994392,1.082604059899572
"RP_[0.0, 1.0, 0.0]",0.05,summer,18238118.67074233,431325.7819300461,294766.3165632942,5652.892430447362,171028.62389378142,4191.351743859401,4866.903257007697,85.11369309278834,1894.4888894230553,59.2968504178701,40.73255515988974,0.8088010788571592,18440894.456609614,432129.8326363301,301588.8747994803,5815.646654048199,173980.86378747696,4253.443975762184,4933.517939775594,86.2079593261069,1924.2271545228225,59.63174317121132,41.346821091781315,0.8164767110190315,9318.5,421.7581060276141,8193.5,442.88813486026015,18619.5,765.9417079647773,23960.833333333332,810.3817413211295,9421.166666666666,798.3519065341218,5073.5,86.70813110660386,-24.884697988152833,2.0118243732767858,-26.299265848311986,2.123466462093179,29.39695271882481,1.2019122599172203,29.673143590552836,1.205160666317169,7.4314573713945755,1.4262176130949225,7.570950020519338,1.4484736879716562,13.406424426999381,0.6272020892852337,11.783557761156734,0.5472145456528988,26.787780383897672,1.1327883309594797,34.47091233406911,1.1753348155095096,13.551325093877098,1.1215754644529208
"RP_[0.0, 1.0, 0.0]",0.05,winter,17827510.534971613,309439.869298228,342202.11050128104,7405.342059202941,140255.67718384694,3218.9383614354747,4285.233010795048,90.0705381374783,2444.991731314464,77.66708724766264,39.68128299466961,0.8851648517777151,18292502.400967833,322437.83247426065,351560.83957648947,7680.574229461901,143466.03074574762,3294.3398338101547,4349.595638404537,91.3163357994557,2455.551867002874,77.45510249204919,40.101057078065246,0.8874148667172564,10905.333333333334,323.3039849223428,8193.5,442.88813486026015,28923.666666666668,750.9646241113275,12080.666666666666,554.464306034813,9406.666666666666,804.7920642418552,5023.166666666667,93.90935345675993,-3.5155452261560867,0.9090413557553844,-3.6090643884468876,0.9535584797038773,34.17729167630409,1.4454306644574906,34.70700526420804,1.4584387415020674,-19.604316285019966,1.6243221759302855,-20.222212831416986,1.646065689012378,15.690635008966046,0.5117723693520668,11.784197125145823,0.5478094714707096,41.610150982010396,0.9642457209719781,17.383909436186645,0.8823793364340534,13.53110744769109,1.1298079499188087
"RP_[0.0, 1.0, 0.0]",0.1,autumn,13527210.996543705,236598.099790564,275999.054093803,4511.82095371336,136484.11842926007,2970.0628429401067,4203.339461156292,63.38885179307766,2842.0479344366117,91.46022547382223,49.51202629582978,0.8213499618118204,14575021.518837685,269511.46423889545,295382.7930211347,4835.598641434091,144095.59846357853,3166.105956106432,4357.405471136722,65.5117496193292,2875.8642996875656,91.91857890301195,50.63163761724389,0.8332306799307705,9338.5,419.09557382535047,8197.666666666666,443.4639406610945,29939.666666666668,764.7981868876692,12513.0,586.3916779764189,9529.0,789.9574672094694,5286.5,76.03880588225982,-3.9554433663043,0.8064068324272493,-3.0210314831274645,0.8813397564995374,31.51346485470566,1.1341459401226033,32.83290398536867,1.1622669716023697,-17.56481657423997,1.5301580566003579,-18.66500293580251,1.5740144231208633,13.43471131662713,0.63195137623372,11.78880423988744,0.5477623260819563,43.06746827463787,1.0105353913319095,18.003819776899732,0.9260352733828143,13.705196391947823,1.102918349234702
"RP_[0.0, 1.0, 0.0]",0.1,spring,12094007.334742444,228264.4384142454,234666.6458490787,4358.390602901642,168519.20647448875,3957.5882270583975,4913.489776469864,85.70916102337883,2733.707198177475,84.46999498200603,43.42494133724682,0.7178640896050631,12918776.878770681,245610.3572359257,249818.6862466134,4469.870038169136,174537.43021557646,4071.773812713457,5047.892290946097,88.2146801695735,2767.113806267284,84.6366520498864,44.58523510697399,0.7477595170342167,10341.833333333334,404.9169873772483,8193.5,442.88813486026015,28148.5,766.9578215260601,13544.833333333334,572.4331984316307,9285.333333333334,773.5964494920247,4935.5,78.7089575588446,-0.9716977181714878,0.69931219206803,-0.5310512544778407,0.814443035539497,32.18662537254047,1.3015361195893587,32.77131382206241,1.3187773842368353,-19.405316915753104,1.5570015826785895,-20.882733081654717,1.6401579029332611,14.879104123084346,0.621450962480103,11.78346809057784,0.5470572272869707,40.49221958092782,0.9781340146544563,19.48922273824628,0.9147982649254875,13.355985467163721,1.0875239200912044
"RP_[0.0, 1.0, 0.0]",0.1,summer,18345627.638905652,427961.452062968,292620.17277177237,6010.445534549673,171239.18560512245,4185.743069170053,4835.213512780293,90.99732014456136,1862.017169898438,59.96416241937684,40.41075113457398,0.8486659956521142,18848358.943781745,434761.12326520676,307320.69329447905,6569.790443750454,177609.4926882726,4321.903599068768,4983.502812139656,93.04208174892825,1921.5824343844204,60.51441191907303,41.77183766088,0.8488843245239093,9342.166666666666,428.92955909644047,8193.5,442.88813486026015,18136.166666666668,774.3896736570458,24367.166666666668,715.3540149231477,9474.666666666666,788.601969732936,5035.5,90.80253300431654,-24.296453323765192,1.851813836129041,-27.044516544164498,2.126314952055827,29.08035119976705,1.1880516807949228,29.586515308290288,1.2038117186169313,9.108146971927235,1.3209441767721917,9.158075584420553,1.376858993650854,13.440405581814383,0.6364720143855891,11.783530503573814,0.5472305368955833,26.092527061351756,1.1480895131893312,35.055052579776195,1.0249927592158974,13.628484273483847,1.1101585497085826
"RP_[0.0, 1.0, 0.0]",0.1,winter,17862127.885849196,305595.28513179056,330339.0595711554,6966.96797703123,140875.72873383333,3188.6903450900363,4135.952773279169,83.24591326068682,2428.2546949265147,78.00617124654225,38.2878245755718,0.8359833647581562,18657245.16685614,332864.94066621223,344386.0087726075,7089.407413203938,148301.19560129638,3376.4046343331975,4276.50748197987,86.67493944343855,2469.4243671395075,78.09525730721968,39.50943895204252,0.8754224551515141,10877.333333333334,338.49057101589517,8193.5,442.88813486026015,28665.166666666668,820.3792822022432,12215.166666666666,646.0982639402979,9558.833333333334,815.7794840927704,4848.666666666667,86.58791293631386,-4.043836784821621,0.9565353553665462,-3.8106659998127834,0.9633586269735335,33.185512375146736,1.4383392035573241,34.418023522624026,1.4621942623157653,-17.946541771045663,1.649882311272551,-19.39915124354405,1.717076797964022,15.650348078566507,0.5325708122216725,11.784155845428872,0.5473867263626928,41.23838606495931,1.0835287339270439,17.577634750359056,1.0082765627847845,13.749475260686259,1.1380441781139705
"RP_[0.0, 1.0, 0.0]",0.15,autumn,13577630.423153983,247225.11983820592,275682.8609434588,4667.2598538036555,136760.4684981151,3015.681372184808,4195.28174113217,66.17311097506015,2820.4306311205546,86.15405508196662,49.31038356056741,0.8686704118428489,14940719.51481522,291227.37004391203,299959.669627777,4931.242404971083,148287.84427435385,3311.9074280261334,4427.620505200717,70.9733610131943,2878.4077114012125,86.58440747880518,51.20789680659831,0.9169253124188012,9345.833333333334,413.11907080969615,8197.5,442.2238121132782,29601.833333333332,657.8587741047976,12851.166666666666,495.17407713516934,9521.333333333334,799.24380927641,5270.166666666667,77.561373548092,-4.441902307220435,0.8949045009215113,-3.404768825544425,0.997195163274262,30.682719050990727,1.0759894352910653,32.697923744359414,1.1179233932587713,-16.24606861752286,1.1593898162523415,-17.76466251616539,1.288007209108996,13.445296152213418,0.6236813339258114,11.788632189326037,0.5468569453460672,42.582130083945465,0.8778777914664073,18.48978596816161,0.7969773653237447,13.69415560635347,1.1161813883293539
"RP_[0.0, 1.0, 0.0]",0.15,spring,12355120.23750791,260695.34415099275,228158.5659978051,5203.2858076968305,169163.59076888105,4003.1601388265076,4773.513676989439,104.50166257242655,2665.8299515952667,77.15207274074244,42.19783203563473,0.9009884169310756,13840421.695351765,300369.9514490423,260518.08959901574,6109.2475265554895,177902.31661191618,4200.3289218121845,4944.340247175055,108.4914275647516,2698.192281605964,76.81558645997815,43.085981724656286,0.9201293841727186,10538.166666666666,391.4692410224161,8193.5,442.88813486026015,26847.833333333332,619.9423897965567,14563.833333333334,464.0394020626552,9366.166666666666,772.02549612475,4796.166666666667,95.03350286434076,-0.8571418566664494,0.8444570267987458,-2.6996194676128713,1.0744267036583868,31.465077847566494,1.2876104307789933,32.51467195626419,1.3115594864796785,-17.01106866666525,1.3719497791224788,-17.88517831316054,1.4215198189444656,15.163109477386945,0.6208921431165844,11.78423951083068,0.5473654999393834,38.62391118314273,0.7637762606640791,20.955590610950647,0.7561843916082445,13.473149217688992,1.0851259426802724
"RP_[0.0, 1.0, 0.0]",0.15,summer,18217841.549483713,390163.26960734976,301268.89566246525,5892.031257172341,171103.37113136688,4198.181242096096,4980.213742142671,90.15687351238117,1909.0282930074516,61.57827307854981,41.62083821801975,0.8409608766630104,18798106.726802856,404287.18520082074,322190.3511306065,6186.554701141955,180573.3605283658,4396.117953613162,5212.966182883432,95.21014612717993,2001.7402669845862,62.40230074480084,43.86202733784646,0.8921070107747812,9284.333333333334,432.613299225378,8193.5,442.88813486026015,18969.166666666668,755.5460056586016,23683.333333333332,696.4959918525492,9383.333333333334,794.7693166363853,5182.5,89.28773711994279,-21.953819619090567,1.5627078482011594,-26.161128949451633,1.886839986897979,28.930920666852412,1.1945559555940104,29.6424007587301,1.2086581315052165,7.022895729926099,0.7803333520299763,6.870187515821747,0.8446244306273556,13.357109645515182,0.6392184077934151,11.783531508784371,0.5472440995516269,27.28964685531957,1.0867790375958828,34.07282802747861,1.060502339104946,13.496883962902272,1.116650465407922
"RP_[0.0, 1.0, 0.0]",0.15,winter,17940620.785542913,309737.40619281435,318407.04130117875,6493.070211170844,141440.51009355855,3220.3689964095997,3989.444186125374,78.45437017424426,2424.320667598009,79.36363852418188,36.80215125530494,0.7823943885450338,18978342.500045683,339367.3444675098,337012.27179735876,6646.886416719492,153138.09392177747,3507.8290617966377,4191.785492573733,82.78558338313964,2501.0817093316105,80.31561142510029,38.59111722843036,0.835343457169069,11151.0,314.09934734093304,8193.5,442.88813486026015,28181.833333333332,783.2408101386618,12342.5,624.630690888624,9640.0,812.5827957814516,4668.666666666667,76.90166881587592,-4.090386429170652,0.8419849349273382,-4.266886902737768,1.0021780761466972,32.10345392759117,1.4144284126953681,34.15573878004676,1.442657107765046,-17.686273114851797,1.5822532733011545,-19.203772727690303,1.7127431196077871,16.043879829560364,0.4840052680265063,11.784348656104763,0.5472432959804941,40.54383770556339,1.0342296526779524,17.76110454587394,0.9803591372395228,13.86682926289754,1.1377853546316596
"RP_[0.0, 1.0, 0.0]",0.2,autumn,13626384.932544343,232716.51821560418,272441.77537452255,4964.736354164608,137301.527456841,2913.822044341082,4156.218914103932,68.51690614300198,2802.05946775815,92.38862050759394,48.67274339171539,0.9341692632811633,15573948.185259223,300246.5211569714,305946.4653061526,5147.184679708384,152235.79817681658,3274.6738027477163,4457.761739018074,73.3297239440566,2859.0802007840607,91.25191540737771,50.90404499873008,0.9803135601403802,9559.666666666666,435.17475416970893,8204.333333333334,442.71465603328124,29032.0,832.0882164770752,13170.5,569.4217242079899,9550.0,811.7462657752112,5204.166666666667,85.119719611067,-5.165645484303189,0.8084732973506512,-3.7768765486554567,0.8809342113614048,29.925568929326612,1.1331207732198412,32.429835791040944,1.1811117226728371,-14.806862219920257,1.4358923339773584,-16.993005229968162,1.556854249591901,13.753179479986434,0.655763248306187,11.798637733580868,0.5469094035909524,41.76215844119319,1.0989166055615396,18.95018237694457,0.9123425085977599,13.735841968294933,1.1377211838301922
"RP_[0.0, 1.0, 0.0]",0.2,spring,12271888.825229054,227835.60404095284,223734.88347710573,5082.348697028929,169408.4824433692,3975.768557419491,4679.14459300933,99.87829440429064,2693.5713552783345,86.73271849362533,41.33599811750468,0.8380367081182554,13819332.157750716,245591.45548781287,258107.64769664584,5628.888492670437,181912.07340844543,4295.954349845436,4916.301349376248,105.14249560248152,2773.2804521294306,89.04961428031959,43.13672193340303,0.8935957887428263,10578.5,426.48645933956686,8193.5,442.88813486026015,27259.333333333332,820.3754425058486,14070.166666666666,601.0758410272923,9409.333333333334,782.3954669262001,4700.833333333333,87.14910594301391,0.2624870397121625,0.5451269706271222,-2.0097498345526486,0.7636740868452428,30.890819886369624,1.2827090823173781,32.41640347169748,1.3333669768992205,-17.79241352534478,1.6227221255422313,-19.10560979595106,1.7393882872205804,15.220281696709185,0.6522691848680239,11.784006180353336,0.5471306946565616,39.21553759373117,1.096388734002834,20.245208317338346,0.9360378181796654,13.534966211867962,1.0999308930244587
"RP_[0.0, 1.0, 0.0]",0.2,summer,18277802.118808676,449126.1836730753,289018.90394912806,6664.791159124454,171597.06312890878,4140.861355257163,4758.684653110657,103.58610858282374,1886.8419574867723,44.70391518833292,39.905607090502265,0.939261483052729,19305231.542688005,462132.4306154853,323236.6544593508,7329.420751308326,183491.71863644672,4417.591339472407,5020.668865490494,109.65641909724367,1988.3387583927154,46.947149686681655,42.00713884545733,0.9977548336453055,9426.333333333334,437.97427626136533,8193.5,442.88813486026015,18593.333333333332,484.4929996054302,23749.166666666668,575.210019616024,9551.5,789.495725130922,4965.5,96.76311280648225,-19.124668633060843,1.4301167559397872,-26.571506123575645,2.0960165274819866,28.36081182793777,1.205463792830211,29.438527229256604,1.2326601393746897,7.406832786078328,0.8468811611340523,7.9336724102226865,0.9496816898756376,13.561603069591285,0.6530255516019843,11.783508020809544,0.5474219873101089,26.750261720548096,0.7640647801205892,34.16567233428699,0.8162967161498457,13.73895485476409,1.1109665875796426
"RP_[0.0, 1.0, 0.0]",0.2,winter,17902104.894364025,325849.77996567683,318207.5373770322,6169.579910657548,141418.49061403878,3220.1988003951174,3992.851838318206,72.71927787715886,2412.501627282402,74.89777719758634,36.93045685872681,0.7197135489731245,19094796.91161057,360281.40963509114,341037.69420338783,6774.093871740027,156360.81403003036,3639.5866287805966,4264.367500551433,78.71960801875946,2524.91729357276,77.37533398467892,39.565126968212475,0.7687206523759913,10920.5,337.034567960024,8193.5,442.88813486026015,28291.833333333332,724.8540312826212,12452.0,611.3395128731662,9651.166666666666,800.6101215115046,4676.666666666667,71.46654228844902,-3.2206005106118774,0.9478784569503349,-4.041924382406059,1.0367190810266143,31.795679597286234,1.38192716301232,34.16593624566951,1.4446364867909909,-16.533398647355284,1.5260809746749406,-18.6279162245814,1.709772558887684,15.712955476962298,0.5409344899106007,11.784333259567545,0.5476618278168442,40.70152877372301,0.9189832351974445,17.918200334015655,0.9554978773044024,13.882982155731492,1.121915160407994
"RP_[0.333, 0.333, 0.334]",0.05,autumn,11918815.316364326,116522.51021618745,174297.70826140835,3100.1973673204625,198838.7596994211,7424.981772426504,2668.9237156404815,42.921001056023165,1878.23599180852,53.09782662866149,31.62219858486957,0.5948277994390085,12296557.703971276,118463.06954993473,180108.92272781057,3097.443691482223,202147.61289836917,7523.416117056789,2714.4801473627385,43.638814323925104,1911.0408923275966,54.22737004694916,31.989451342512993,0.6056384719609798,8748.666666666666,417.3318423828533,15385.333333333334,691.95047992372,12352.5,523.6184679707161,17013.0,575.6391230623574,15997.833333333334,816.2044882666764,3362.6666666666665,58.45910251335253,9.251233465570548,1.741910504255656,9.207837606342935,1.8206218157645133,2.142070759047709,1.658716338253674,2.183805415471181,1.6728536292728535,21.04068237335173,0.710336525387024,21.5726047860111,0.7137616269549989,12.589577551316625,0.6196931701454489,22.13382962238251,0.8476073979360436,17.775826986869692,0.7802407765266475,24.48310664251292,0.8952035659615205,23.01765919691825,1.1168999512801918
"RP_[0.333, 0.333, 0.334]",0.05,spring,10759140.475044323,165764.96207958623,189762.23039534572,3203.748919748783,215400.36198792074,5572.041875581227,3994.1841130364533,63.57737549039953,1992.27361558784,55.03826180912046,35.393064083209445,0.5536495811341952,11018907.650802085,168742.30654914997,195493.729937725,3244.228578800849,218605.20845172144,5646.289630133491,4045.885186303373,64.53722732730017,2026.9521405740397,55.805893013548086,35.866108382930214,0.5642388901974873,8832.833333333334,427.2963452531121,11504.666666666666,364.9929679687908,16041.0,488.4481548741892,14500.333333333334,571.816987039268,18623.833333333332,815.8880846456005,4027.3333333333335,65.18486531908056,10.900680840665382,0.5748453082552311,10.561571835295661,0.5575196644631382,13.881487339606963,1.4510074925407752,14.076380591908732,1.451217328455721,11.458187404118712,1.349074027806474,11.893574174137873,1.3926279799763621,12.709917081557968,0.6383567873330799,16.5501995898538,0.3813893229486781,23.079362838610976,0.6478490504577102,20.866924501711466,0.9135393029318835,26.79359598826579,1.0830078995764674
"RP_[0.333, 0.333, 0.334]",0.05,summer,11885533.964194959,93967.74528949591,171507.28125430323,3510.241037079344,271452.4966311646,10817.408590700623,2841.16195416056,63.5649311482713,1620.3546771226772,36.807486357028864,23.468515088782905,0.4766192823296532,12234372.18761664,90517.79790547224,175963.26230683716,3647.752795392733,274889.74528828514,10917.520643989892,2877.3993311297,64.16351869089121,1657.1060262043618,37.712351109022094,23.76982345943011,0.48041809850997486,9783.666666666666,429.7248732231669,18042.666666666668,783.7414539672291,10972.666666666666,439.0351542492546,12856.666666666666,590.4315935539584,17835.0,864.602798977658,2926.0,63.13794421740384,17.130595568275808,1.2630896254399875,17.676036302037485,1.3294496665354065,-11.507860701236636,1.8639609805988373,-11.57593014939661,1.8890515697328205,20.26871310573152,1.1355757744885622,20.931685623979096,1.1596965012432952,14.08019163542677,0.6369682134301169,25.960064261932885,0.9718048370940582,15.791196786895789,0.6407387740734187,18.50573946404243,0.9417749711672209,25.662807851702127,1.1564670496065361
"RP_[0.333, 0.333, 0.334]",0.05,winter,17176960.050527696,249781.92421519157,140915.88170505132,3448.198727294414,211501.3010948112,6709.181729999246,1765.7002558925506,41.42001171744816,1673.9976035589198,52.36606088781771,16.229354174346067,0.4322843924859312,17626122.249269765,257631.3539081631,145064.22599243734,3477.204558885636,214424.07914966354,6773.6296748140885,1791.9720425315465,42.00677535470369,1695.0276150446532,52.60905171595913,16.381496420799166,0.4390403864684005,8910.0,412.7866276903844,13536.166666666666,587.0919575898366,13810.0,634.6246134527088,16228.333333333334,647.823638551934,16997.0,939.8067886539237,2081.1666666666665,44.51254504818468,0.25349247278937886,0.5352876310498335,0.17033691302470522,0.5613273673262689,1.6560479809370963,1.0219711235672893,1.5756862577932018,1.0328855060359856,17.43717089853273,1.1749806305493067,17.686120713391997,1.1954915737213958,12.824694488207868,0.6146045262202536,19.476848585579653,0.6770643015372507,19.876568508827077,0.906883020354342,23.359946073749114,1.0101283460574266,24.46194234363628,1.3208637502077727
"RP_[0.333, 0.333, 0.334]",0.1,autumn,12869280.733399548,187284.96043015076,177087.21068390293,3276.2871947186945,188130.8061086412,5103.396727109535,2714.6344751099737,45.56635509075448,1816.7281283266864,44.84678235793435,31.881505530830225,0.6580298054015924,13560260.089861473,203578.33677773105,190986.5927375042,3449.9571460571624,194721.75529073013,5251.403075842676,2809.9618891550285,47.792497757030034,1878.0280718588458,46.4885645167887,32.48751583158159,0.6788497285626468,8777.166666666666,420.07781025265615,13711.0,518.8976777747228,11975.833333333334,495.47327543134674,19155.333333333332,411.06333656343884,15877.5,865.5416223382908,3406.8333333333335,53.98672676377646,3.277267915880204,0.7961059639957567,1.9852973979362307,0.9043172683130419,7.466314227510902,1.0970506664773494,7.43237917612549,1.1311067233471732,23.21568156763371,0.7833227838370138,24.134405109488878,0.7801202410400759,12.63065580996612,0.6231172279706624,19.72515252325269,0.5871613119576299,17.234089793198603,0.7442477072956029,27.56536329357112,0.6687018780109641,22.84473858001147,1.1936553763421651
"RP_[0.333, 0.333, 0.334]",0.1,spring,11694865.424882298,223979.8703297497,188220.66574010722,3192.080640682687,210621.1392516149,5392.72360168999,3961.0266555781313,63.72265349852064,1893.7294108659607,55.61909057720461,35.06435375644671,0.5761357853953122,12353096.63508779,235240.08377507783,200828.02058913143,3443.157927284407,216874.96169540312,5543.543589580144,4071.552398288783,65.61221516265554,1955.6755006813912,56.66168935608315,36.026004667942566,0.5916624655894618,8877.0,428.55758072865797,11216.333333333334,434.33013557277667,14542.666666666666,575.0195359000134,16997.833333333332,622.3257721376049,17866.833333333332,835.070156733353,3987.0,67.26663363064932,3.4464775719822947,1.0910302667936287,2.783359224449388,1.2364644253386035,15.74022601530948,1.6488584023102821,15.978289809159307,1.671204878598941,15.605349984952731,1.1525732533058095,16.256332861003,1.2017725375943107,12.773930986167224,0.6424861559589495,16.136555117101203,0.5381579334599407,20.926425993818572,0.8553008382884039,24.45695135323693,0.8551505839524497,25.706136549676064,1.1441952236101085
"RP_[0.333, 0.333, 0.334]",0.1,summer,13502607.797035558,198123.41404635736,151123.10007004996,4285.222339177632,243797.0041422644,8818.255684445996,2546.745179836776,74.2437320682383,1629.6125561689423,40.16442783181079,20.671255744563478,0.5865591458396854,14122195.59295196,205686.977710329,159751.62022683214,4509.5814685581645,250686.45140007933,8984.848573874602,2623.245418327306,76.70681154485227,1703.1418000889978,41.695200325596694,21.3419669267026,0.6137133650560804,9856.333333333334,411.0696615741259,15057.666666666666,714.6060919602259,11536.833333333334,539.9064425126516,14712.833333333334,576.4031286058972,18323.666666666668,909.7581363563982,2600.0,75.0066663703967,6.862958702453221,0.921576872081926,6.4880740675341855,0.9198077416280902,-0.06635285481550102,1.2986687562060537,-0.21525094312083146,1.327662421326833,19.42896100290451,1.0501632741856917,20.483900050949583,1.0778170792874675,14.185613707398284,0.6150544054539097,21.664815307087313,0.8760167946410682,16.60401967147804,0.7866598106007845,21.17687826724151,0.9101978586083629,26.368673046794854,1.2574894368936436
"RP_[0.333, 0.333, 0.334]",0.1,winter,17307259.609279584,220456.95474683493,147194.63888101294,3448.5667139965944,207735.4022244661,6417.94303099626,1848.5985819940267,41.5621761725046,1680.0675919844564,53.200451645375004,16.991974749847504,0.4298384353028447,17913601.256225448,239367.452276794,153786.15909244024,3531.9859124327686,214477.60315828715,6578.051928112825,1912.054249566725,43.063856607761686,1747.3313307569172,54.518268514263106,17.52646521105252,0.4467435650302656,8946.166666666666,407.1375279517556,13254.333333333334,559.7759075439623,13968.0,627.2613490404141,16557.833333333332,600.4606287398597,16757.166666666668,929.9983691741974,2180.8333333333335,40.98495658978636,0.09945910599361157,0.5867070704435426,-0.5894427682241893,0.644516901166253,3.401265252868793,1.0941878528029572,3.325032322937359,1.1252944001737235,16.543772670803104,0.9601135658168075,17.390758050158485,0.9939630854157457,12.87641805485155,0.6075774346785214,19.07099422695058,0.6426382620333254,20.102571607019915,0.8745546862588137,23.83413518003836,0.9688698097168703,24.115880931139596,1.3032239565980228
"RP_[0.333, 0.333, 0.334]",0.15,autumn,14256312.08094219,339240.52898997837,185308.48668889469,1428.2707255207833,175878.8173919182,3834.5644334876183,2865.0567181216843,16.56097372940404,1721.6625368813573,36.07643297519012,32.93786109502708,0.312480386466502,14855472.904531447,326789.93454115366,202418.64309218348,1703.3745049559786,185670.7400643632,4095.8811539887515,3019.9466850174854,18.2609834418262,1828.5143481892082,39.987075611225606,34.17639778041178,0.31818497925887274,8747.5,405.74659579594726,11989.166666666666,407.61767217168904,11579.333333333334,471.9218861916313,22635.333333333332,487.469657175364,14549.833333333334,790.8937771070564,3530.6666666666665,27.768087198556977,-3.8444111250238353,1.2271203608551025,-8.569434282802229,1.6653787137361455,13.207221622558594,1.379489683180687,13.446585573757497,1.4505939570906745,26.14011732777585,0.8844484127170562,28.09700249363668,0.9663482439357488,12.587178698359855,0.6027195854777324,17.24754565920248,0.45069562401037894,16.661627924532173,0.6851731368666247,32.56800672884655,0.6119532621403845,20.935640989058935,1.145986869898081
"RP_[0.333, 0.333, 0.334]",0.15,spring,12350209.668615969,276801.81261359033,197966.88677452455,2852.6858132111283,204917.83996714742,4636.892352385397,4153.696333289787,54.57453398812938,1826.9672594233643,47.92749362300453,36.56041974970109,0.5079327853372843,13565071.310626758,304383.7183963898,227754.82275291916,3486.752616017915,213146.37671225637,4833.701739866917,4301.768788630221,57.37439352111473,1894.9276257596791,49.03336059722656,37.241185450544876,0.5136451810139389,8824.5,431.3795312714776,10490.0,346.9501405101315,14052.666666666666,639.5760053869025,18697.166666666668,644.0569591788188,17440.166666666668,777.4713928284865,4149.5,53.40692838948892,1.1508664074066723,0.8274001737598154,-2.6566242801008073,1.124625857868822,17.886351694696938,1.536472927576886,18.249822850656702,1.5653550170308976,17.815696176549306,1.2377709041542089,19.20091728317559,1.31187940559024,12.697631241877696,0.6451148506664609,15.09028208356654,0.382605631560268,20.220726824323695,0.9551284291947136,26.900510883431526,0.8833292704164334,25.09084896680054,1.0599516286118582
"RP_[0.333, 0.333, 0.334]",0.15,summer,15344716.940873638,310915.0057328848,165602.8822072719,2462.6721077637635,220595.39023782336,5744.052437845567,2791.8919602894753,40.988731116988355,1557.2568549858618,32.83257665370291,22.71611973524624,0.3673710371774483,15962431.563537633,322176.7159631226,179108.3052733078,2724.303001015631,230567.95694007244,5938.584447433309,2920.1855894826926,43.30195671482837,1676.1987104136479,35.22262236215615,23.87006093663848,0.38937844093650814,9651.5,434.6809174555515,12858.166666666666,467.9779553212595,11211.333333333334,485.760297540533,18328.5,441.9433221579436,17441.166666666668,918.8256454119389,2852.1666666666665,47.637870089527084,-3.555616443942474,0.8699651216115566,-6.2609648984021815,1.0487994273970938,9.259421453213557,1.3402137028269074,9.296710451586058,1.3696407254848413,22.124281144897342,0.9650888428045294,24.00977608729211,0.9970532192565217,13.890118193667922,0.6474661581227171,18.500452004235722,0.5363431870300438,16.1348964345775,0.7133265355205893,26.378456925613296,0.7310421631150438,25.096076441905563,1.2433379476775421
"RP_[0.333, 0.333, 0.334]",0.15,winter,17122773.488196287,233238.3275441305,152592.45877557006,3622.2912028990104,208993.05909566887,6987.6265524394885,1917.3700795738368,43.87921147393482,1699.4108333783795,50.18468275759416,17.56124677167668,0.42101140940164367,17986556.859635696,258376.5346287888,162256.1126456264,3758.2078079159132,218847.008156459,7190.601669672649,2014.1256323227701,46.68213226294727,1798.107074172628,51.756043939311816,18.39317600900941,0.4509254412863595,8951.833333333334,400.37653111373373,13531.833333333334,588.4768191413036,14384.666666666666,691.5656633080239,16226.333333333334,691.2492073533733,16389.666666666668,953.1765139084505,2255.1666666666665,51.06238015081803,1.345589030711496,0.6354451980723915,0.48267672653354093,0.813526124707568,3.0054081191598185,1.0457378046310462,2.7468016673805042,1.0902467999208758,15.382088426192324,1.3246281601122307,16.430319907568613,1.400389008113855,12.884453463774923,0.5990129846403853,19.470104355309577,0.6878259381027514,20.703702293647222,1.0095908491332668,23.354667998501355,1.0258613597439785,23.587071888766925,1.3470775279306895
"RP_[0.333, 0.333, 0.334]",0.2,autumn,14418756.411622653,369696.01282891404,191558.37610454691,2696.3949960532464,175417.12364232578,3680.899585108188,2953.5635983670822,36.857411350064446,1704.8772991528233,30.901875159556287,33.937659013387496,0.5556569052548128,15253686.051474907,357915.0971640038,217196.4243116211,3145.540822567533,188041.5538976801,3888.749829603408,3166.2386557899176,40.41650762952699,1835.6797414033608,34.50028267721686,35.382530885552434,0.5681603879534317,8741.833333333334,411.5023288714979,12098.333333333334,343.0840518978791,11333.166666666666,480.5794072436592,23247.833333333332,644.9227602330892,14080.833333333334,828.6508110577498,3643.0,55.44366510251644,-2.9992183758515623,1.254241575052803,-9.804017610325461,1.8084735998083568,13.441960725029938,1.4648324557966297,13.671161061560005,1.5415172335375467,26.26672866727091,1.0214503293707489,28.79377455943491,1.0446454232101903,12.578941759370272,0.6122563123151115,17.40502325272786,0.3547981208897551,16.30782537723714,0.714077114825933,33.44847189857763,0.839188012560876,20.259737712087098,1.1845491633806502
"RP_[0.333, 0.333, 0.334]",0.2,spring,11902562.472095296,245868.48551103732,200006.1252325524,4265.087576007095,204078.88892287374,4480.345875479776,4194.579153323211,87.25591315610879,1922.2610999238868,54.07556036547975,36.79224641535489,0.7515356013941654,13133728.859049184,251694.65819684404,232601.6182834858,4596.629358050301,215668.63750471847,4775.874753027745,4410.09660492304,92.26694669120772,2042.8233958360925,57.3405449964812,38.37690688802649,0.8050351315077283,8868.166666666666,425.49191139981315,10478.333333333334,383.14679519300023,15462.666666666666,490.75683048396473,17259.166666666668,537.4050303697077,17436.833333333332,885.096247120429,4185.5,91.0203273999824,5.213707410331437,0.24124982228810685,1.0647912350426154,0.5551861034948804,18.06285734463768,1.6085246759800669,18.58158346626894,1.6719391814457445,13.2238204306552,1.2469804188608753,14.99102636903563,1.3217470461766532,12.76019215259124,0.6334542676697416,15.073165440059656,0.44039803690298956,22.246950556489935,0.6749398454347613,24.833792461860117,0.8255295347815794,25.085899388999053,1.2244462799251847
"RP_[0.333, 0.333, 0.334]",0.2,summer,15244705.564874655,319073.95370019745,178795.53495957702,3888.690303508548,219769.33806303176,5418.220115809434,3017.165219274653,68.85191676299875,1572.266138985996,36.145345318604974,24.511262085223738,0.5367963461779968,16300045.528733814,332987.5074351973,201376.3200013572,3994.150262564584,231827.94726916635,5720.581695055479,3175.603711414699,71.99423977265967,1701.0300805688082,39.884758570425944,25.69676460616368,0.5905406378001246,9648.333333333334,418.23565924806854,12706.833333333334,406.794501765531,11278.5,485.543303939,18307.833333333332,430.85051545363905,17551.333333333332,937.2685136430583,3084.5,61.34085098855407,-0.5835521348249982,0.7244530165198622,-5.56836298343292,1.178378468123323,9.492649350988168,1.3552203419710414,9.633015996401124,1.4224652401474738,20.784927647763105,0.8638969496309876,23.280254337527623,0.9814812255990739,13.88529293016788,0.6282661070982831,18.282614717557077,0.45236321472976265,16.2309099331972,0.709430301284356,26.345646847145684,0.6080437008926731,25.25553557193216,1.3110788684058547
"RP_[0.333, 0.333, 0.334]",0.2,winter,18341900.295290835,369129.2192125417,166568.977973739,4784.640851014108,196865.09426548192,5046.442556002092,2095.95289691913,58.74440944507681,1628.1400563761865,46.84997499769659,18.997374241859543,0.5480348563506149,19232545.72022902,375893.48031338304,180266.14349458867,5367.542226676003,209335.79233401237,5282.128456540198,2242.0046978731357,63.69149425876887,1766.8544146403844,48.99191555052543,20.33007253248002,0.5838351029616328,8929.666666666666,394.10743036216223,12343.333333333334,448.60390843891093,13777.5,634.584194571532,19129.333333333332,603.267326039349,15307.0,825.8336394214031,2451.3333333333335,63.908267592438,-3.9633976279525007,0.8655018956020305,-6.5949713937663565,1.1137169783521137,8.698972707738632,1.3574484832244251,8.36844113153486,1.432759994758786,18.446862507364305,1.1598635450890864,19.934417133596476,1.2918659307651654,12.852123264359557,0.5910281365909905,17.760357786014243,0.5047993827086532,19.82852211185305,0.913594468327071,27.530751222529446,0.8763901738415512,22.0282456152437,1.163997197303493
"RP_[1.0, 0.0, 0.0]",0.05,autumn,6245741.050238658,123050.28007684443,439040.20948083163,4978.311171026814,339044.9595836787,10846.15842689308,6726.082751529383,70.78404585480102,1877.500613983864,42.50361950379241,78.17795363940702,0.9296857967850977,6819584.814834841,115290.78244710372,453747.16625949275,5205.738848750302,343061.036814972,10964.648085583874,6838.063798809283,72.59809600267319,1919.7344462449857,43.826012782143735,79.05555491646936,0.9433587111687892,8234.833333333334,429.2963622797973,36217.666666666664,1057.7757166179715,8094.0,362.8795943560342,8169.0,517.1757921635547,8829.0,787.2359239770503,8329.833333333334,98.82796500316465,49.669978300549765,1.2533200472279333,52.42095546381239,1.3239698549062582,-66.10005009054122,2.9573128865163083,-66.81694695423509,3.01560955500019,20.671476162466696,0.8338527837432879,21.59310575682983,0.8562867069291554,11.841879772433314,0.6295126651258679,52.07444121552837,1.246301378293014,11.640279880040973,0.5514263023306504,11.749813486225415,0.7963653003907267,12.693585645771934,1.1042015425861103
"RP_[1.0, 0.0, 0.0]",0.05,spring,6387572.531022255,122213.96834885287,353446.8705268444,5146.132930857043,433402.51201200695,15356.673344982342,7426.483954762149,103.88677086365766,1553.5773170220093,28.475339443800863,65.38562820246709,0.9481344577529481,6958523.873405539,118369.91368839945,363458.1577113951,5302.818836367701,437188.18928895326,15446.164037784762,7520.5884657217275,104.86533924295001,1592.8367629003287,29.27046594432298,66.24729340704694,0.9552596810520871,8304.666666666666,430.26580931636516,34117.0,1082.8128185425214,9174.333333333334,391.1795836526575,8169.0,517.1757921635547,9768.833333333334,775.8939145699409,7365.666666666667,99.66878481584223,43.72693181297287,1.061173437381475,46.894343255748254,1.1674162229828604,-72.19247880969775,3.200235809135477,-72.84907861301092,3.235856658824548,30.410199847733335,0.9897242028267424,31.283558500139417,1.0003965322914317,11.944167752171866,0.6317942910833771,49.06003407753806,1.252160192041507,13.196587878059809,0.6148304798401705,11.751637635708692,0.7968498759796546,14.047572656521567,1.0894746800964878
"RP_[1.0, 0.0, 0.0]",0.05,summer,6994304.028199684,138253.97974429405,489871.88021716423,5422.664789654011,418178.86179129226,13953.264235210445,8148.234580036456,90.08764680934235,1420.8906155226066,28.625908214881637,67.67049402729769,0.7645693561317426,7505791.723422329,129097.4988884928,501216.80258663784,5454.573504275023,421868.6923908866,14052.955308189159,8259.412886709615,90.97618174091483,1461.0238740080638,29.66330064461804,68.69037525019225,0.7755560827410104,8394.833333333334,430.23036464976155,36309.666666666664,1074.8783497059883,7984.5,373.30349583147483,8169.0,517.1757921635547,8685.833333333334,790.4741404161595,8416.333333333334,92.64915901759039,49.15609213326197,1.2752763849400761,51.55070065409172,1.3466508891979103,-71.16632495357325,3.143718646757188,-71.92310297058225,3.196036251202385,29.70108678586409,0.9160664943211009,30.66274659758483,0.9352136212565251,12.07210426394017,0.6316607952146095,52.20705189761287,1.266550694913529,11.483025679167048,0.567565310380345,11.74991869825955,0.7962842532441791,12.487899461020353,1.1101949514426788
"RP_[1.0, 0.0, 0.0]",0.05,winter,8305428.915000611,150425.12993296664,580289.4824267941,6563.347978253437,405404.9373048166,14024.534826822322,7297.139182766114,79.85048937567451,1620.451077403053,37.74150155770571,67.3096871384944,0.7137894934540571,8959671.329089982,134896.63273009035,596538.6991970628,6975.804101465793,409152.8977998617,14126.934553873418,7406.021698972596,80.38173819868624,1654.112753201268,38.74586288875978,67.99635680316855,0.7020352164610076,8228.166666666666,429.4742910427431,36393.5,1062.79777003906,8111.0,374.6625148049908,8169.0,517.1757921635547,8642.833333333334,792.9868641198709,8482.0,95.47146170453249,49.285167670966,1.237130621164798,51.7178287693964,1.3220898281123956,-87.66456071674133,3.7972594473983197,-88.67003183397793,3.86082588193681,19.41864262527607,0.9674300262939891,20.307221792810978,0.9734074501456677,11.832279621647588,0.6294467427440816,52.327211402497106,1.249778758362127,11.664775427155623,0.5686703679745564,11.749815047369031,0.7963887102076892,12.42591850133065,1.1137119508574809
"RP_[1.0, 0.0, 0.0]",0.1,autumn,6300947.889171548,122220.93778478766,425963.92293050414,5425.871890447759,336997.48800224334,10927.626846638845,6525.3121454622315,78.90451752149087,1885.4231425026303,42.54483307792006,75.85686040081775,0.9782373568057774,7565236.970581417,97845.21005039422,455145.34930815565,5656.6012840980475,345290.6880462087,11147.950270220826,6758.677826477316,81.88090830941583,1965.1050066242015,44.96916295379079,77.53448346978347,1.0076576689052588,8322.333333333334,429.94309701013526,35861.0,1077.440671220462,8247.0,370.29933837370004,8177.0,518.9874757641073,8933.833333333334,776.4419918233855,8080.5,101.62824410566188,46.028812199889224,1.1340166747336649,52.00041112374968,1.325260367659402,-64.07615981873253,2.83653989751301,-65.80701936092645,2.9559104861137353,19.652238718941867,0.8636234875784332,21.262175726434595,0.8551768335623023,11.968389770269647,0.6330759142119466,51.56368848984869,1.2668710684411602,11.86082359305595,0.5610768518921287,11.761883863072422,0.7989113489868254,12.845214283753293,1.091378800678275
"RP_[1.0, 0.0, 0.0]",0.1,spring,6500210.471577741,119755.81792742027,347533.2201159974,3894.9412186952422,423455.0951997831,14327.070816935848,7294.6133034292,78.19882902104303,1578.4584267898638,30.623440045088373,64.29711697313273,0.7214166063042836,7358866.66711463,119613.68158231182,370444.0441692273,4352.96816583512,431444.6355169038,14560.669772110434,7492.165039897914,80.43614292301831,1671.4797586310094,33.192098447941476,65.98539485653137,0.7318035599922932,8497.0,427.20580520400216,33068.333333333336,966.8252513596581,9176.833333333334,341.90081407722136,8171.166666666667,515.9885334643266,10620.666666666666,780.3580374845042,7237.333333333333,75.77246641535872,42.47589024132776,0.9682368967227472,45.95877149072188,1.1055011786062197,-67.584373782498,2.866689961396727,-68.88609631722748,2.9510986544128177,27.85786563454086,0.8558547821489331,30.185693635404075,0.8861032556270582,12.22080314754642,0.6287677268084951,47.55301379420147,1.11829450255956,13.199039473222959,0.5175776355998528,11.754718020979704,0.7951684470806135,15.272425564049447,1.0903923307860885
"RP_[1.0, 0.0, 0.0]",0.1,summer,7067320.040669148,138655.8908772523,472026.2522494987,4732.033976415839,414127.53743757313,13810.459927106765,7847.493653907434,78.72804995613713,1439.6983316222747,29.38531919077085,65.23554986880806,0.6681180289514635,8110200.200807013,118069.58257442388,496027.43746812775,5064.708529315767,422088.39189657307,14009.66734686926,8085.987193648289,81.1293561734044,1527.0914294127658,31.682454702877813,67.38569082075783,0.6852637960803228,8689.166666666666,414.32471162925674,35747.166666666664,1070.4629683770772,8089.333333333333,377.8886961350743,8169.0,517.1757921635547,8848.0,781.8033000697808,8104.833333333333,85.06330975612596,46.503325350375825,1.1976057439675918,51.045287881514895,1.3401449656257935,-68.50831648791645,3.002577628514485,-70.25700742354327,3.12730441863107,27.753022078428035,0.89075878963563,29.7457563881418,0.9031598235630128,12.495593713774163,0.6099823723205352,51.398951366940935,1.2592418388609419,11.633977373058444,0.5742369127733618,11.750109778393764,0.7961899080978917,12.721367767832689,1.097639497973218
"RP_[1.0, 0.0, 0.0]",0.1,winter,8325199.314160436,149686.15336705744,579288.9513513,6864.5241145732425,404352.11621182045,14062.753799566784,7281.021486604576,83.42979551099005,1625.5939640243103,37.43743506634693,67.14391142463182,0.7579297924499734,9348477.868294664,128079.27941914786,604415.8615225897,7086.418043249757,412786.93469154666,14279.093165645823,7529.792816638397,85.58114536451018,1718.873654229417,40.00161699954629,69.28512598661133,0.7789530894946628,8248.333333333334,427.7820317248806,36296.0,1059.2946709957528,8196.166666666666,370.79234979522784,8169.0,517.1757921635547,8635.0,796.4031642327898,8464.666666666666,101.17048317897208,47.85449079141029,1.209999846968622,51.60283760977356,1.3236880067209202,-85.91778421225479,3.711833096310692,-88.17930027326487,3.8640821940602423,17.888235977443294,0.9906768363854502,20.0536772597013,0.9978391673566446,11.861303244125933,0.6275940556176017,52.18703862800496,1.24625461179697,11.787198190220337,0.5626530929623513,11.749811330832621,0.7963435209672518,12.414648606816149,1.1187796734205135
"RP_[1.0, 0.0, 0.0]",0.15,autumn,6479856.066856097,119303.54362683788,414229.0256882908,5550.120617037742,329933.01563421654,10484.924796619427,6333.515543977465,81.23783717555872,1911.2516731245096,44.34515087718585,73.88431939986242,1.0305131155322937,7991313.330358024,105891.90960530787,450481.49365778244,6306.638253135019,341487.88105114637,10786.394971028314,6678.535917973856,86.98837465316745,2028.6136093653386,47.74421306831769,76.64258801039983,1.0721281318633606,8437.666666666666,414.2220016689924,34796.833333333336,1018.7243820909902,8711.0,368.3047651062905,8248.166666666666,517.8433804411009,9345.166666666666,749.8123543038395,7874.166666666667,101.81437357596742,44.12497390625911,1.114544142572745,50.63888451139568,1.2684357788605531,-59.5991897946119,2.666902118958501,-62.33314266798707,2.8377088217731665,18.061782835890686,0.7884617426239607,20.184907963719528,0.8199230811422524,12.13458975860199,0.6093227517334683,50.03531293766778,1.1868224061932653,12.528276946643677,0.5540291913989638,11.864636737817984,0.7982031901760868,13.437183619268566,1.0501716718460623
"RP_[1.0, 0.0, 0.0]",0.15,spring,6731110.246871781,123086.48728855212,345112.95066051226,5093.8212681538735,403380.5735024636,14104.193310960783,7252.8675196012555,102.88023633278864,1677.7141339242705,35.357616877379925,64.04932740510266,0.9628048235274718,8422781.360878717,134291.6558949521,394647.0090759907,5683.171457390161,413453.1072264353,14375.205782817522,7513.922058324856,108.04006431342914,1770.0269104486208,37.03740420792275,65.41883441630661,1.010279083550992,8494.333333333334,433.18618014274983,31262.0,974.2447331138106,10910.833333333334,349.90422499116363,8177.166666666667,516.6311708236994,10689.833333333334,813.6717806749026,7226.333333333333,107.0507667729038,38.61192182651587,0.9628890601256068,44.03872011534251,1.1621534495915877,-59.23745577687367,3.0696862034506145,-60.8804403569985,3.1819605587144477,23.227564931202604,0.9963510947732053,25.796374675032727,1.0666024779857164,12.216890320430224,0.6361395917558985,44.95489092986289,1.141517121786579,15.693215461529638,0.5472056555665629,11.763324529875343,0.7962144283646619,15.371678758301902,1.1362703899017936
"RP_[1.0, 0.0, 0.0]",0.15,summer,7221569.462997175,136556.233229091,459495.0994707485,5077.366577024656,407474.2911691226,13369.633063281193,7633.834728812013,80.42325404135042,1474.5938213116513,31.962033157079443,63.46475678059655,0.7229638367524585,8697994.415018225,113436.70489834901,492161.3761522801,5763.131496474095,419810.51912565815,13688.815583969283,7982.854462128333,84.42873351989806,1614.130469025292,35.845608012174715,66.72598521915916,0.7341371243167719,9213.666666666666,424.85793704092043,34882.5,1039.1821303313484,8244.166666666666,383.8184032412553,8171.833333333333,517.1817539962783,9027.166666666666,778.823578653514,7887.666666666667,81.73534527159384,43.558309759390056,1.1517115031355245,49.97780678524294,1.3013049996744877,-65.19716734977355,2.9002663858384663,-67.52347561805955,3.036253155509795,25.011105724113616,0.7678640938486967,28.045343023774773,0.8442180545456524,13.250505205079465,0.6264793531492043,50.158062608413296,1.217851557339601,11.85713637552419,0.5812908579156411,11.754751516856984,0.7962873044046109,12.97954429412607,1.0915518326379068
"RP_[1.0, 0.0, 0.0]",0.15,winter,8381914.942224141,153224.50712826062,574214.0300198892,7642.824057924153,400716.69368217856,14060.746968190866,7219.667373180964,95.10532892313763,1641.0382177978063,38.33183880120322,66.61805949660436,0.8692470923723131,9952869.681552958,138377.07824542237,609880.9911794938,7973.417039507337,412542.95532900956,14374.452255632094,7585.801076006895,100.52968832932594,1764.7361015571166,41.59211538748417,69.74552971687929,0.9238934766425961,8271.333333333334,427.12605477384125,35947.166666666664,1075.1763421256385,8482.666666666666,383.4697728200578,8171.833333333333,517.432668727697,8668.333333333334,790.3641354886155,8391.666666666666,114.66240302150798,45.39923505567321,1.1907467266851197,51.27315444842089,1.3414421724371766,-82.85459962341096,3.6499536805411674,-86.4870977382386,3.906902025396764,16.94749405252291,0.9516829142894989,19.29487525501489,0.9858465473018151,11.894947632312144,0.6273974673490168,51.687755784530715,1.2755583097408039,12.199719872611945,0.5802972132473407,11.754408861901611,0.7965153518482845,12.463167848643579,1.1100200800678262
"RP_[1.0, 0.0, 0.0]",0.2,autumn,6510955.5122075,127771.71933380469,420310.4345945707,5122.411413054432,327307.0447409063,10589.293750524652,6439.064416575745,74.65098991227494,1915.3587932524822,44.17836281519125,74.91860298487777,0.9562788529575643,8301677.102507439,105120.8626153374,474377.15852076,5764.006842270997,342452.14498012443,10956.101010353641,6898.578295045075,81.13521617596297,2072.4589251202938,48.91287607879773,78.14258379877317,1.0158942591673246,8426.833333333334,426.20812599792913,34476.666666666664,1063.0811195137778,8862.333333333334,388.49538821801593,8212.5,521.3439363798143,9560.833333333334,777.461617487749,7983.0,106.42368157510812,43.928426255231955,1.1293695547502585,50.40155114348878,1.3370392073352295,-57.5964898374144,2.614389540265505,-61.03881121275628,2.8253485651531163,16.766968073321383,0.7499853457093573,20.013301622057334,0.8099739146793739,12.11899758843334,0.6274112271264829,49.574338530501784,1.252783586189421,12.74617026010029,0.5908529177082391,11.81333321562469,0.8034345491059919,13.747160405339892,1.0894328779195543
"RP_[1.0, 0.0, 0.0]",0.2,spring,6914141.125160154,119544.47509204228,356187.9899293792,5469.553663290736,391871.2366667152,13139.93887700112,7503.127540576907,112.09413092244385,1716.2944451367093,35.86883135331338,66.06729287515837,0.9873733856085263,8382149.479380269,113412.59655980796,412007.2635244012,5769.4115409529595,406085.9646532328,13539.340458492663,7882.52606559985,118.1683826009509,1883.0982866427123,41.267245156609825,68.95200628618805,1.0698410138914656,8541.666666666666,414.3320729398901,30155.5,939.6285968402625,11312.166666666666,381.8143091434198,8217.166666666666,507.9930773806537,11307.166666666666,812.2136213254903,7467.0,114.66298443700119,39.496001876113525,0.8800563258881775,42.51860169102787,1.0467594951132573,-54.234794066134505,2.568726931424095,-56.29089151936188,2.740692288158878,20.00203715344333,0.8262500745465245,24.092060213101874,0.8759832999951118,12.284949375619219,0.6069781917389869,43.36426942124262,1.1103613796236398,16.27037739978595,0.5855360777928408,11.820847619470511,0.7833716265703086,16.259556183881706,1.1303426557447969
"RP_[1.0, 0.0, 0.0]",0.2,summer,7547582.980703019,128968.19785933527,451111.7137974296,6787.865729221361,395475.6627441691,13045.444933902367,7482.418062123151,112.91597939660969,1511.206242353867,32.51757410681728,62.18046016422654,0.9711857178345197,9683572.70995262,109441.4752196523,502689.9248013425,7069.642133590371,409973.2354111105,13405.648635834345,7893.698815046271,119.58270353089458,1660.0120157787533,36.074881665843606,65.54635487826118,1.0666599412806046,9149.666666666666,407.802730087314,33580.0,1032.8552657560492,8798.166666666666,364.6013805057064,8187.333333333333,519.0748179854871,9822.0,776.9084888196293,7727.333333333333,118.89771514485334,40.232279870914915,0.9920282878425913,47.72070689150676,1.2400015559260107,-60.02932225276607,2.59136006631486,-62.58701110135966,2.772445979902178,22.69347925160844,0.7457610038217457,26.259167547894734,0.8001083209694234,13.158795215007634,0.5999277507322839,48.28641640262888,1.2158072584796527,12.65415933805457,0.5555110238819151,11.777449139150882,0.7995902086343072,14.12317990515803,1.0881190867223351
"RP_[1.0, 0.0, 0.0]",0.2,winter,8607142.542430675,140979.95691501885,565306.4049750856,6462.097233398002,389706.10599882674,13055.504196955517,7108.811032407561,78.6629111392385,1688.2885792415157,41.21331537594002,65.47460450664802,0.697635793990693,10237853.939870272,119858.70319015815,607716.3607001827,7399.823096349157,405843.0615914082,13501.165263154768,7595.232876728456,85.51952424392258,1876.6387912571051,46.764050464496286,70.11894066099805,0.7504343807701132,8479.166666666666,408.4122508773049,34886.166666666664,1002.0605603787969,9283.166666666666,388.87294411756983,8181.833333333333,519.4695050401579,8711.166666666666,786.7763129801676,8253.666666666666,91.83826363050758,44.64498485259255,1.1015664489385226,49.96533993139145,1.2483255384066714,-76.98393163595684,3.3668805972822984,-81.36873547536963,3.6710214250168804,13.378072243157654,0.8848478751811959,16.973459688291193,0.9501714012366358,12.193738084549222,0.5994938860286795,50.16222653731948,1.1752973366362016,13.350512937009048,0.5813828378710318,11.768776502197987,0.7996200270141077,12.524745938924262,1.104705899923211
"R_[0.0, 0.0, 1.0]",0.05,autumn,16595394.2195666,404864.8025308565,637287.333134209,32471.169220082706,187543.61588092017,5293.278033059069,9688.868675045573,481.1148147782243,1479.6002976734228,28.388514814302503,115.09031013828849,5.8925564461001265,16877913.296606142,409760.9525293128,658758.4206284401,33500.12042448387,190358.61221289553,5360.126788575863,9853.335659098435,489.45708243146584,1510.3077451767683,29.226279040934518,116.39834565151251,5.96275482181421,8219.0,429.49831198736985,11622.333333333334,429.4772015679838,7942.833333333333,373.5448656676554,30780.5,687.3676599899067,10994.0,847.1762508474843,12233.0,492.5505050246116,-24.522287085834417,1.5156570969336602,-26.37733742802087,1.5914246344679588,7.834138959723021,0.9162816213662128,7.725258874154673,0.9333476633273805,37.5837772425084,0.9003091926774976,38.20359355729451,0.9242771398619779,11.816852354491559,0.6331828068889807,16.705635799309327,0.4859911800324802,11.420980746784169,0.5743348611566865,44.25303109719285,1.0033574537430976,15.803500002222089,1.18431657431973
"R_[0.0, 0.0, 1.0]",0.05,spring,13759188.30729434,270922.45023041853,521988.4283361535,26077.648993284405,288085.35226573254,10927.6716693061,11018.543807854918,553.2784077953252,1446.6828474121394,26.377014715418756,97.00229796261323,4.830956171530096,14169070.150990734,279344.1470861839,537235.7111320872,26861.37992812604,291017.22915634623,11004.049914144729,11159.499513868375,559.9220738695047,1476.512529094203,27.16798781162097,98.29521229636042,4.887734478941446,8219.0,429.49831198736985,17701.0,757.836130043956,7942.833333333333,373.5448656676554,24801.166666666668,564.9323558326843,10884.666666666666,854.9888108429643,10996.166666666666,438.25673601972966,-14.56616371904955,1.0160466826232646,-14.371635353745004,0.9648986851590944,-14.600624074420656,1.179883987740335,-14.873161288729952,1.1973734294647023,35.49239954536379,0.912755895056361,36.011581362264316,0.9273768116576223,11.818560997293277,0.633385762594256,25.445544123321607,0.884061075449127,11.42264391733935,0.5747891844594395,35.66471978827993,0.9733514592551062,15.648531173765834,1.1958452744730024
"R_[0.0, 0.0, 1.0]",0.05,summer,17176596.340535596,361204.06983268016,643678.0631313183,32842.54979611052,259610.2407510796,8814.832917769658,10687.860337101893,539.5557020496699,1282.2834940969158,23.802648396304207,88.75869229567716,4.534317505569564,17424128.40987893,366997.0327568884,658662.1205328662,33594.52774750077,262355.6372669504,8878.183083275811,10834.599464292574,546.8944118450137,1316.1024836566987,24.681032598909667,90.10734787586524,4.603642653701321,8219.0,429.49831198736985,16077.5,594.8121552221339,7943.0,373.7014851455639,26008.166666666668,540.7466751323274,11303.0,846.9561972144725,11152.666666666666,445.68538978372055,-17.99451328640725,0.8907471497080074,-18.943287500610804,0.9263583948443206,-6.435012696444307,1.183563349319699,-6.719901497982462,1.201828443691858,36.67130084976754,0.9333757520576353,37.42357226969912,0.9594863130337731,11.818223527999244,0.6333864344542324,23.11217518806936,0.677034221497664,11.422576337711073,0.5753915991438127,37.39763304141028,0.8732745443730053,16.24939190481004,1.1787340182065231
"R_[0.0, 0.0, 1.0]",0.05,winter,21987294.890359614,521099.4521048248,782754.4354433751,39784.50353223599,202547.5501357982,6367.305458046343,9754.852697073002,493.68320851814235,1322.9268745598167,27.66684714900536,91.35135543797924,4.623306003472629,22394758.70963356,527614.9888192441,805154.5550519895,41122.39717057399,205327.38669028223,6429.008388135919,9900.000731830163,500.294165352309,1347.6468975140572,28.48570237533437,92.24205692869519,4.650450364111754,8219.0,429.49831198736985,11432.0,435.2222420786879,7951.666666666667,374.5977398045358,29635.333333333332,620.5316000548777,12320.833333333334,922.7672331995033,11483.833333333334,455.2232053253294,-26.719340438140676,1.380318827779418,-27.773601780346127,1.472443576650439,5.823692256041771,1.327845697468729,5.737809138578796,1.3433408241920042,34.343972121986866,0.9394036670495604,34.9346404976546,0.9589447827138422,11.816814395328075,0.6329334876885016,16.432134004141584,0.5050894162333569,11.433683834275344,0.5764783884111055,42.606842447455485,0.9258065696938479,17.710525318799508,1.2829850492089097
"R_[0.0, 0.0, 1.0]",0.1,autumn,16245812.4652116,394668.5879085228,629633.4181032097,32390.032150033505,193771.28614006704,5455.614905361782,9589.784571600874,483.0548452517696,1489.6994453576247,28.148193486406747,113.71538450171728,5.9043768736381885,16891074.396344345,403981.3595500072,674712.7280777632,34721.576170360895,199850.6612784541,5608.617510186924,9945.001507287088,501.77912728865374,1547.3222101848403,30.074262962363413,116.29215203111329,6.04732661032806,8219.5,429.268563955014,12171.333333333334,405.73718915902543,7952.333333333333,373.4571818383826,29927.5,627.1174531138486,11286.666666666666,864.2232736201145,12102.0,487.4427145829547,-20.467093899930276,1.4098721718992853,-23.71613712561367,1.6194134916162553,5.030797724084634,1.1604870305029151,4.658682314846352,1.2001406122560156,36.72835923413011,0.8825819593420628,37.781573655867994,0.9247805788095349,11.817785720060371,0.6325090785269584,17.495602090250063,0.44849115034045944,11.434905319563407,0.5752606190717814,43.027333381530916,0.9061830822588159,16.224373488595248,1.2050973751766882
"R_[0.0, 0.0, 1.0]",0.1,spring,13703277.727576068,276581.0966616693,525101.835350274,26263.758671995434,287792.1264075486,10485.667303927416,11093.830414275706,556.1725101229769,1452.4487534391337,26.945299565672972,97.56452190922676,4.845762660343922,14609611.402362665,301369.9241361169,560009.5849034545,28095.723509527972,293647.58115133754,10639.194829485377,11394.274095630893,570.8469773280675,1506.9745452975433,28.104971894340274,100.1241657817633,4.965850544567928,8219.0,429.49831198736985,17746.0,721.291619249801,7943.0,373.64903318488604,24661.5,559.5121982584476,10980.666666666666,848.6847863999137,11068.5,440.8749255741363,-14.186161914638701,1.0818509095825999,-13.907239212605843,1.120987388691529,-14.042572689424945,1.1346112396404784,-14.761119008076319,1.1774021572473197,34.95546808356868,0.8932848252172655,35.75702118282383,0.9177662638450874,11.818303934058255,0.6332919754806539,25.509956092548904,0.827938246656214,11.422645140129523,0.5750560844575457,35.462981355249134,0.9594497479874403,15.786113478014181,1.184261982159948
"R_[0.0, 0.0, 1.0]",0.1,summer,17313050.864870276,356162.14858136483,635656.0921339038,31507.39294438508,255167.48171408894,8871.707959529593,10559.039297566605,520.0597341984236,1290.4570126621456,24.081387563319197,87.69614760907638,4.348651248066493,17885152.518925928,367232.8509330182,668189.0462675706,33160.59653273229,260834.03637850363,8997.536122807369,10881.292593416996,537.1073254418882,1355.8941189942818,25.838865278269537,90.62173857727565,4.510450831236592,8219.166666666666,429.49571204689187,15678.5,595.7498636172735,7952.166666666667,375.8475311435032,26176.833333333332,556.7848477344431,11522.0,865.0505187559858,11010.833333333334,435.11902586150654,-17.940868131044954,0.6816884885950423,-19.888585771080177,0.8492053629421197,-4.118062853261123,1.0642158420830123,-4.890590669101701,1.115250918786963,35.84935009464723,0.9044555916436533,37.02484780627375,0.9612286868282838,11.818801021453035,0.6333768397198075,22.53898370807508,0.6783115877481316,11.436094527011235,0.5785574579834188,37.64121623801782,0.8938868185518517,16.56490450544283,1.2076150030409665
"R_[0.0, 0.0, 1.0]",0.1,winter,21560813.991676822,511663.21518841194,756414.8941739254,38049.243508477855,207398.91396318618,6558.9127779612045,9443.35209970717,474.5254270783275,1335.0978905787736,27.98520134706399,88.37574818375866,4.459311392666102,22100131.934263043,530310.5948418544,790236.5428786533,39696.786875398706,213339.91876602624,6675.53595180944,9769.138478997285,491.0925710116259,1399.5209188666697,29.73234417094349,91.16467536704793,4.607226971161982,8219.0,429.49831198736985,11796.333333333334,446.12987645602357,7988.166666666667,376.5636289747945,28583.333333333332,617.3859948740876,12965.5,927.0703856773769,11122.0,433.60765675896437,-23.231852199382185,1.3077103091266338,-25.294976013007467,1.4304376893988697,3.912084713487508,1.3618636820758694,3.4800744285351253,1.4111680047622899,33.13997587331603,0.9447911507730374,34.335921965517244,0.9809001661389964,11.817900132502695,0.6324200323049682,16.957300200886813,0.5115114331208965,11.48724907629233,0.5794163754730065,41.098064215509005,0.9108335542299449,18.639486374809152,1.2930324022104098
"R_[0.0, 0.0, 1.0]",0.15,autumn,16020969.691929445,378300.6466910412,616986.6800311446,31750.08272708492,196223.82141306356,5718.543161944905,9396.682870250099,475.84882473463523,1502.0351490822125,30.038688199212377,111.17922177765716,5.701231196489733,16787895.455571387,393831.8122334874,675053.5743775273,34855.74222605021,205224.268272644,5914.471762234776,9910.213337710518,500.2231198226051,1595.6152079541291,32.350760952502654,115.11891003075915,5.871238956590639,8219.0,429.49831198736985,12452.0,474.61015581211495,7987.0,373.59175579768885,29310.5,664.262824490427,11587.666666666666,851.8135163676773,11853.0,476.2566534968302,-17.34763507553392,1.1789377009733821,-22.003746621304618,1.4334383676131996,4.085648891494695,1.0593853284034271,3.455200993856515,1.118852625283228,35.54519180984668,0.8488576485709098,37.26782346273301,0.9046047197876327,11.817244012196598,0.6323764218335728,17.898850783070785,0.5478296741416094,11.484863636846216,0.5738785611199738,42.141309451732816,0.9784192863078096,16.657732116153582,1.1912145726505434
"R_[0.0, 0.0, 1.0]",0.15,spring,13504427.169252366,279573.77450593637,518469.9079043286,26835.139896841712,290167.041884833,10745.973548633985,10938.161803286692,566.8214166690402,1457.241091992496,26.73994016785165,96.19506515756244,4.915388726276913,15348539.023671413,332145.92083795747,592205.1734482523,30317.462109106364,297592.37932818383,10916.302614515726,11339.702356153393,588.2541497668689,1502.100340782719,27.237478915699,98.43514043106728,5.063255476060646,8219.0,429.49831198736985,17945.333333333332,747.5425517431546,7961.333333333333,373.0092045334361,24127.5,569.6724497463431,11296.0,864.6485991430274,10906.0,441.5359555007947,-11.848153628883852,1.0495671556649964,-12.252659856555413,1.0253732756719154,-14.59443818819905,1.0879640519410814,-15.705728202104824,1.1474429945580062,34.84481987652905,0.9108214426939983,35.54440322758696,0.9582067491176546,11.81847448723066,0.6333825786563683,25.796743607016122,0.8646813459517613,11.449176211642458,0.5744843250876104,34.69576989161044,0.9740786388374304,16.23983580250032,1.208293799882987
"R_[0.0, 0.0, 1.0]",0.15,summer,16633494.48831076,330920.0178477536,652190.6010481756,31811.33530374473,268227.38818591886,9031.172097933648,10869.40782745936,527.8816335653302,1299.5805249515267,24.60042326048935,89.94625843204005,4.383305202440923,17537763.208057303,350504.777560444,698322.7619741402,34183.871118499126,276259.5324054,9190.395246115,11369.376503395906,552.8372727669419,1387.5713745066823,26.333159778088927,94.69707036087046,4.618714421315646,8219.0,429.49831198736985,16877.166666666668,606.4224325226328,7974.666666666667,376.27844300021576,24832.333333333332,508.29859990626204,11647.833333333334,860.2577326979786,11322.5,419.4271092812196,-13.774081535223297,0.6285140151144116,-15.183590304600886,0.7163486462094545,-8.697231584082951,1.0657714050506752,-10.262099731392679,1.136479158318097,35.530927078405234,0.8680206323093289,36.58022344548865,0.9404543771037618,11.818160729287944,0.6332586104405931,24.261603424326726,0.6769304016354267,11.4680029433992,0.5777483078330794,35.70728743698883,0.8535394912280911,16.744945465997294,1.1941615054608257
"R_[0.0, 0.0, 1.0]",0.15,winter,21523984.161700267,477479.42772005376,776892.1408206699,37493.262569417995,208873.00653427548,6941.805095443307,9719.201391561553,470.3208399400288,1338.8711281596422,28.53349004503068,91.01442504584922,4.430947057169335,22491523.645621926,509533.27327377215,826733.1482901801,39680.46370192912,216807.34441352158,7123.02602173853,10216.536990211094,494.0695273168431,1414.7290630582622,30.331100257920486,95.23957192508492,4.640790662881378,8219.0,429.49831198736985,11923.833333333334,487.7677384438894,7991.666666666667,375.57884214458454,28609.0,570.9644472294224,12813.333333333334,912.4945296639681,11443.666666666666,429.6895002983745,-23.350626143169222,1.165356382780161,-25.083365424989903,1.283864741599734,3.906632337750777,1.2849112445059723,2.7987291774722145,1.38256200810585,33.415667148237226,0.8937528759792471,34.15121423686948,0.9451034945688161,11.817141757660314,0.6326265882798576,17.139235871336886,0.5744029483929745,11.491531716877043,0.5781552718364888,41.132899937321284,0.8799134022882529,18.41919071680447,1.2669460553347212
"R_[0.0, 0.0, 1.0]",0.2,autumn,15948695.954223236,386997.5072084834,607803.7749312669,30763.410051706145,197384.7335387657,5583.153716468344,9278.900243791348,459.84181872201555,1515.711890104483,30.144252832177127,109.57488825270333,5.5794514183279205,17091545.217099342,393708.73087488784,687252.9841082109,34183.65400550831,209011.50793163027,5833.605326662026,9939.583478872699,492.6886948570731,1625.7466376134068,33.54564287367562,114.13758257248448,5.835446951383006,8237.166666666666,425.5657019388038,12489.333333333334,425.7185298605956,8033.5,380.7964022939292,28735.0,606.6343214820606,12061.5,848.1228095034348,11667.5,462.5696704281422,-15.406775304878456,0.9915492020526406,-21.45229824808486,1.471936091983985,3.8099137435929236,1.0441089395363699,2.881745379657096,1.1533095944155347,34.7016655965671,0.852341403758334,36.69634559341163,0.9254400920864555,11.843364563845725,0.6280578878119198,17.952741360015334,0.47051256330226676,11.55167257319357,0.5839150195932252,41.31391106674958,0.9100527927620503,17.338310436195787,1.1733094203736727
"R_[0.0, 0.0, 1.0]",0.2,spring,13343274.700374156,269050.831648521,526371.2823214117,26066.851297605393,294076.61987503275,10262.912727217376,11102.416032884494,552.5777529703628,1464.599373767479,26.917741060038498,97.54821561171589,4.79828988037497,15400992.588027155,326876.0632977569,604957.5001031809,29994.355993685323,304216.7513116283,10502.28410206894,11677.295382297076,580.410226436965,1547.961274421997,28.52183133647708,102.11949663110846,5.01571377346649,8219.0,429.49831198736985,18324.0,679.319365247304,7955.666666666667,376.25239755603775,23663.333333333332,501.9428918379727,11388.333333333334,874.4641025603435,11069.333333333334,428.1862523092801,-11.148292017688213,0.891447071106473,-10.914131360301072,1.0125215230497278,-15.534450856513791,1.4779670292827098,-17.276439570313435,1.5931903368002855,34.23325424788465,0.9065458572292372,35.21930237415359,0.9346954084800068,11.818261596207597,0.6329489114353501,26.341477582285425,0.7616915550642915,11.440854540511424,0.5790562366486757,34.02718558109294,0.8604449108593464,16.372220699902616,1.2208031070419985
"R_[0.0, 0.0, 1.0]",0.2,summer,16680868.533808554,343622.0847809728,655345.0149573021,31420.290788433576,267217.6278633826,8944.437513768335,10904.237910254988,520.8212666406289,1303.7927225870058,24.45624781214521,90.35698120929275,4.348002188903404,18299836.70203567,396526.1653012649,734273.924002068,34885.72004020112,277116.7961813421,9150.940337019054,11506.625343624699,549.4644611099741,1396.3325969574316,25.994444497714493,95.16074628750688,4.5945121966603635,8220.166666666666,429.26468136415184,17024.166666666668,629.9175872022206,7961.166666666667,372.2759281321675,24815.5,538.6638098109063,11531.333333333334,860.4551508746208,11395.0,428.58698067020174,-12.920786379553098,0.7098336897762401,-15.511151452901155,0.8831747283912454,-8.162424944691187,1.1807257765558608,-9.849143064598355,1.283249148008782,34.967203170968084,0.8778556460012144,36.37443637871121,0.9484377973296545,11.819589541479827,0.6324307951147864,24.472116312108863,0.7025948637979557,11.44840720403103,0.5732300730140699,35.68261020816413,0.9018665414588807,16.57727673421616,1.1977996259087536
"R_[0.0, 0.0, 1.0]",0.2,winter,21230537.753869023,469863.1662425416,786633.8914262826,36838.93198883516,212756.40085082044,6928.121331964241,9823.557491289734,460.631924237611,1353.2980274722263,29.356694804035662,91.5191225319179,4.302115547392915,22521461.243083537,512888.71027606534,845970.1157180587,39942.174600003134,223012.77682163042,7101.165995754227,10501.414377855794,492.11106252372076,1454.0280632393321,30.857357618841295,98.00765346102695,4.595527025561013,8219.0,429.49831198736985,12163.666666666666,460.3145301494038,8015.5,376.7942409326341,27588.5,550.9122434653276,13568.166666666666,928.3694128237241,11535.833333333334,416.5647208617965,-21.73636579905276,1.161259856068734,-23.37836502139804,1.2962765452146956,2.748826486068466,1.4303417565336065,0.9877149713974099,1.5614301662357477,32.87855161942699,0.8645919563718043,33.44240634213798,0.9300165348716771,11.817466335579143,0.6322080362296438,17.484818241454995,0.5311080012893022,11.526121434965093,0.5795197246273622,39.666913387280744,0.8544600704087165,19.504680600720025,1.2818717812430442
"R_[0.0, 1.0, 0.0]",0.05,autumn,13929914.170574958,261293.54279621266,546488.6837734653,22935.079293821254,142764.1972120843,3254.5228962818655,8352.480756861201,344.412090248788,2813.4043159630073,88.64723207945212,98.78057927873682,4.25931280813237,14366940.090054194,271596.3284761734,565066.0838830876,23722.824303378362,146085.43454205396,3331.6403640468575,8493.018885599506,350.58762696943705,2834.0560945303296,88.95409233144392,99.88199576042871,4.309357609849754,10234.5,403.17824842121644,8195.5,443.71916794296817,27372.0,691.2733178707247,13692.833333333334,597.2284041023721,10055.833333333334,827.6942470904742,10613.0,487.1660907739782,-6.004071082391431,0.9890435859217817,-6.086539258083035,0.9950265024525216,29.25728376247524,1.1273734686432995,29.7447189480454,1.1405173405255289,-17.090020307761296,1.386816362941225,-17.469889807636566,1.4306429092162163,14.717327802648017,0.629453751137689,11.780182766569373,0.5495712713109484,39.35478495944186,0.8795663983811747,19.691514707409453,0.9435607614123481,14.456189763931299,1.1560361794138736
"R_[0.0, 1.0, 0.0]",0.05,spring,12778845.623500196,278163.13351930934,450310.51650650305,20180.34028291193,175298.27048726028,4327.150326661317,9460.938152882423,421.3873409484806,2673.4923354693624,82.26510245589775,82.91695068878983,3.6490705897541953,13023505.580824988,281239.860823021,463079.6039605643,20646.195891625888,178196.67251628207,4389.765766456165,9580.686420628654,426.6846473751811,2698.631420171519,82.70212289645958,84.01436536214453,3.7033762359432103,11881.166666666666,437.19213930109373,8193.5,442.88813486026015,24225.5,628.519768981056,15351.666666666666,562.3769791400308,9886.333333333334,821.2431227515193,9497.0,426.8737518283362,-5.299040978526167,0.806037940204197,-6.218329203999024,0.8482073213033311,29.797088783591644,1.2789156309915597,30.069937678794798,1.284144860931932,-17.868073238505684,1.2961356079889268,-18.217870244505217,1.3441767036274677,17.087684660709737,0.6708004048116275,11.779418743440479,0.5482359191622656,34.83715270540717,0.8079330952319288,22.08005944385111,0.8921707903240589,14.215684446591505,1.1566480180908634
"R_[0.0, 1.0, 0.0]",0.05,summer,17348728.579688963,364406.23282924644,573394.2103045019,22936.866140587004,175968.79583237172,4371.719734317883,9504.58170742004,376.0245492550969,2165.8800616176236,67.0927320787049,79.34540419608162,3.206272280241069,17616643.714339223,369075.8597006816,586921.2015355782,23481.347219302985,179133.23521602983,4449.970644456052,9633.980728835355,381.2401110851065,2193.4574578029974,67.69040630254389,80.52770383187773,3.253995717506388,10288.166666666666,391.6796735428925,8193.5,442.88813486026015,21687.333333333332,635.4191267711946,19187.666666666668,576.3650463609557,10185.5,848.4811724487467,9942.0,428.83889748948843,-19.30324657047148,1.4971038940835737,-20.140707867963,1.5760803262834866,27.306550618322785,1.2440280251252143,27.6420653582133,1.251596488321992,-5.514804650656818,1.0670555654640432,-5.664656312659123,1.0988229400637737,14.796014675645742,0.606660121692668,11.77876479402761,0.5487088044134466,31.186250582071434,0.8751183696566797,27.594213824576517,0.8973883239131146,14.644756123678695,1.1914684686319732
"R_[0.0, 1.0, 0.0]",0.05,winter,18531847.46682385,347130.57856872765,673051.7485737153,31424.419019717316,147280.8156772739,3562.78712625396,8404.33283852575,387.598797242798,2455.397195162164,79.55328109811815,77.59767754345087,3.629695495926818,18986009.27593694,359537.1677807084,691239.987746755,32267.31573254247,150458.25945324698,3635.1786057474874,8530.528342302583,393.4656026005715,2467.1993373548567,79.41229161758176,78.42823603354849,3.667772754904418,12091.5,386.2956121935635,8193.5,442.88813486026015,25989.666666666668,700.1487461009036,13172.166666666666,589.4073011650487,10093.0,826.3812679387161,9910.333333333334,501.76475231593,-7.438499666614266,1.0243594816991972,-7.700893256727405,1.0708549959367186,30.97231426762941,1.433354029116483,31.43981770268765,1.44548323100807,-20.16930675182921,1.6183133930725555,-20.73160695965127,1.645359769033578,17.389535726643427,0.5950246441163981,11.779153599533737,0.5486086670607022,37.37295073356564,0.8967308122695044,18.94611951939783,0.9369407854441035,14.512240420859369,1.1593341729041808
"R_[0.0, 1.0, 0.0]",0.1,autumn,13951753.059738295,264942.0558485905,536909.4807624634,22290.71539769626,143222.4857418905,3286.5963008747567,8196.472547277242,333.1889757629772,2784.1916145038085,86.49999337567552,97.14892841659031,4.12869615187674,14967259.333310628,294348.86328221136,575337.5564141246,23923.194413955647,150737.3840825355,3486.137582373704,8498.67237039305,345.1897818727517,2819.8718873020757,87.19762779166014,99.32929795442699,4.210999591162387,10299.5,385.00636358377255,8201.833333333334,441.11241953346376,26842.166666666668,660.3118707600731,13971.333333333334,581.2695301378412,10235.333333333334,833.4700154574649,10425.666666666666,476.29136740724863,-6.751825736407042,0.9440222537620844,-6.252500355568475,1.0007867401866761,28.35920420566785,1.115912800169268,29.519377482846284,1.1449988727683753,-15.277327590879432,1.3323480188201473,-16.25092786766231,1.364790043612741,14.810930982642398,0.6065836134218687,11.789388191764305,0.5453850681327761,38.593346372459074,0.8375965650920205,20.092089945657438,0.9243091941252332,14.71424450747678,1.1617060303921902
"R_[0.0, 1.0, 0.0]",0.1,spring,12849859.489947185,279018.51458826684,454633.6070572056,19758.660731216492,175337.9419434625,4340.056641408711,9557.775637665041,412.3497517209461,2656.0725845979155,79.99896089702311,83.73825969747672,3.5777096716362418,13689727.713648014,301582.90973638115,483211.61280517076,20792.148948964626,181307.9230368747,4447.323092336762,9816.539051334,423.77194195648286,2689.2776665506103,79.99066047765346,86.00273212391689,3.68630029514968,11971.833333333334,433.1869881086767,8193.5,442.88813486026015,23762.0,632.0534787500186,15695.833333333334,548.9420430853031,9916.666666666666,825.6097544643394,9589.5,422.22020321154696,-6.991626181595418,0.723085240791965,-6.80859690611063,0.8350535434434717,29.559126724030943,1.262142665898183,30.05432705204957,1.2767321444382216,-16.04622701420303,1.2224635330660067,-17.449102697897356,1.2925173360598468,17.217765284449545,0.6687341670664259,11.779132818098526,0.5480573573837406,34.169925749583406,0.823020833670209,22.574216783470792,0.8684717553098008,14.258959364397725,1.1628113570864778
"R_[0.0, 1.0, 0.0]",0.1,summer,17457403.043779846,373099.3529216107,569526.3592824829,23832.568985772243,176219.65809816905,4347.322171644183,9444.874715983502,390.8427274816807,2129.0471477347187,65.36816020029747,78.80344431584723,3.3384794241801288,18128040.85277195,392997.185461216,598059.7147550796,25408.76841440866,182868.51171653057,4511.426408660437,9733.743761459977,401.47313669844027,2180.0929957556336,65.99899718022809,81.46700216717684,3.4107960906828385,10275.0,391.49712642623547,8193.5,442.88813486026015,21089.5,650.8049631033869,19703.666666666668,550.1202292832605,10279.333333333334,837.4938009720829,9869.0,438.2706926090313,-19.546097226306237,1.4926037992459469,-20.893005978414777,1.6312238270258266,26.980668782948655,1.2399952221136465,27.538535908920306,1.2618718571249163,-3.1171754773909908,0.9169171284554118,-3.8674040099190097,0.9578312989020453,14.777284036497583,0.6049879475882439,11.778970941177297,0.5489635279029155,30.32726932287197,0.9076538687921313,28.33625142966909,0.8460040035405899,14.780224269784062,1.1790357295244294
"R_[0.0, 1.0, 0.0]",0.1,winter,18565089.229856353,350748.6632721042,648883.8602545012,31566.931202328375,148033.3219518332,3561.9867849264647,8103.008136853231,388.3979893213436,2434.1441410830007,79.24709909988609,74.8229065562357,3.6472330177032504,19371574.16268084,379821.28110311704,676140.881652512,32699.925323400388,155340.73502879345,3740.4197286807325,8377.793407426982,401.5972369091126,2474.819541446221,79.2849984490769,77.21995241065098,3.7673826625389317,12043.666666666666,411.493701855407,8193.5,442.88813486026015,25704.833333333332,716.1869634855603,13321.333333333334,586.4696638929136,10275.166666666666,834.0746769124853,9556.833333333334,498.7951149186073,-8.025112864816998,1.0835080444159875,-7.893967604411759,1.0922749771946643,30.01712235410577,1.4275286592303962,31.089280095274813,1.4566192455922662,-18.200626127027636,1.470130894282914,-19.68502733711066,1.5445776512835916,17.321092138492265,0.6294525100888573,11.779362528605452,0.5480973073544587,36.963861902010855,0.9141916747843866,19.161063222963662,0.9358490568083014,14.774620207927768,1.1720459402851364
"R_[0.0, 1.0, 0.0]",0.15,autumn,13997565.896634618,273503.55784163054,535294.182028107,22886.163434636062,143551.3870082942,3266.266228528186,8163.29818269031,342.7405058617877,2766.195622035475,87.27766414578143,96.65167864954259,4.25689524911419,15324540.988270404,316861.498760563,584328.48199762,25125.968720676057,154755.62959441962,3560.0510870150974,8614.84456400722,363.1753242741067,2825.392729557831,87.73377360871973,100.22449202580498,4.411062235778008,10295.0,399.33745128650304,8201.333333333334,440.43190922850556,26567.166666666668,689.5846334328122,14228.833333333334,571.0784242699654,10258.5,846.9778627567547,10370.0,475.76422732273596,-7.123253608387714,0.9759946046985652,-6.60066478441673,1.030555002964551,27.660625574215487,1.0936076124126033,29.357279508295193,1.1469452797314201,-14.102446316176009,1.1610249416333855,-15.49741998959623,1.2889421171676831,14.804208754701982,0.6225053802432126,11.788586350667531,0.5451892989025342,38.19754888596658,0.8854819134839284,20.4619633225447,0.90762506243849,14.747692686119201,1.1858669138090405
"R_[0.0, 1.0, 0.0]",0.15,spring,13019419.488125859,290150.46159018506,440360.2189563622,19619.149045414764,176043.5041258248,4370.745223696952,9251.865802590853,409.717063122162,2613.8095076144514,78.52426078508,81.04219026210183,3.554551976326014,14552402.910525972,331788.65197300166,501761.71078313777,22605.611133225615,184548.83513693046,4552.275575969647,9585.172558457243,425.2433657606031,2643.579590958366,78.19793925268512,82.87017367812705,3.6326490508867044,12147.166666666666,430.09925211126176,8193.5,442.88813486026015,22836.666666666668,603.035211796681,16310.333333333334,529.1142283729163,10046.833333333334,809.7813079261997,9279.833333333334,426.5702364988287,-6.0418563356143755,0.6685959185960632,-8.217604943731278,0.9541663917099777,28.907296868663867,1.2550565142127266,29.773006411548092,1.279266784787367,-14.637356446820052,1.0865806730716319,-15.579483898603414,1.1548271365019802,17.471362142460222,0.6691497940299781,11.780042474402435,0.548326594221551,32.84188752486575,0.7883893818616274,23.4594520001953,0.8366612608799734,14.447255858076302,1.1391927830865307
"R_[0.0, 1.0, 0.0]",0.15,summer,17608042.31402952,368875.5807298498,582972.9178763779,23567.05230385732,176339.1436245822,4391.795532668012,9671.626624875755,386.4470003986391,2121.850287315544,66.40467156988488,80.61249377068069,3.2987179461374456,18401917.104555782,393384.16718256264,623377.585787958,24964.945765893655,185818.151310027,4598.602935425983,10118.145658367817,405.1865543151068,2201.588499328888,67.41938070267693,84.90931451580904,3.4905590943614446,10196.166666666666,404.7722404842839,8193.5,442.88813486026015,21099.666666666668,657.518871719031,19960.0,588.2448469812551,10091.5,841.2093080797431,10106.833333333334,434.9792715367787,-19.3823994158607,1.3913460384317085,-21.93629871950334,1.573491181559524,26.867382113209768,1.2231506562278276,27.49001809247254,1.244049767137865,-2.2614406765608925,0.913252427914616,-3.5154308939832255,1.0381012130483311,14.663903698104468,0.6214603085688304,11.779011911627848,0.5493049717653422,30.341695878975624,0.9062948922763937,28.705399940952805,0.9159032492365069,14.509988570339258,1.1828767803946645
"R_[0.0, 1.0, 0.0]",0.15,winter,18692085.743956406,356819.63486927457,624733.3296507985,29390.77046190324,148969.52627983878,3642.8589841506187,7807.120240492049,363.88568496356646,2421.448632700342,78.728670237014,71.8371418736323,3.3862319319722154,19742012.416404422,390894.7293218103,661571.963779362,30959.593586214312,160172.07083618085,3885.471318169848,8200.645154738018,381.31685846442724,2494.24900012186,79.36058125739402,75.33473497577008,3.5473528096132556,12341.5,411.80128703052895,8193.5,442.88813486026015,24991.333333333332,689.3773035621826,13591.333333333334,571.3642154236355,10419.5,830.167392758834,9188.166666666666,471.4744602485553,-8.276339913666758,0.9750881196441671,-8.6317690938972,1.109029769309238,28.987909118491597,1.4062090303715364,30.654360393031265,1.4457978038579324,-17.362737084183205,1.3213101731001777,-19.059915816618243,1.4354211244832003,17.749532074366424,0.6238400444484296,11.779588566711098,0.5481512962777864,35.93898814131382,0.899738512203063,19.549451139760986,0.9111921925026532,14.98244007784767,1.1652034023294509
"R_[0.0, 1.0, 0.0]",0.2,autumn,14077042.020922026,269522.42770423664,527918.5884539493,23411.763422106575,144501.45040628652,3323.3765226013047,8074.278280217352,349.48938275972074,2743.707758742967,86.16817194484456,95.23931053000281,4.3337693412723,15940428.228453875,328157.4169399759,593799.5039782119,25956.32552903808,158583.25590605746,3607.26001190326,8657.668010756926,374.1196668198065,2800.7494311816154,85.2014071484122,99.51823568123125,4.521596667669771,10616.5,413.9423872956237,8218.666666666666,441.2426392209466,25694.666666666668,674.341950842944,14723.333333333334,554.9942942649651,10292.666666666666,833.9330108987573,10226.0,484.33624683684377,-7.639041408122964,0.9761431301416614,-7.206785011197589,1.0573619515543555,27.00645268842058,1.1043569359566785,28.890377211732105,1.1322498420390212,-12.467264511182549,1.2383716804526765,-14.559577528317115,1.3444640717051337,15.26742751484789,0.6393984196062322,11.814332842486285,0.5457269254343352,36.94613147011257,0.8866841002713585,21.174191877533875,0.8804560873111501,14.797916295019384,1.1667723834239816
"R_[0.0, 1.0, 0.0]",0.2,spring,13047781.25270542,290262.40745998523,433016.9190236489,20051.637645524144,176561.41392149325,4361.466711363013,9092.73948415469,418.2706832099244,2611.7748006448974,79.41731280231296,79.6081227325088,3.612451513587445,14624161.128499547,312837.1600340706,498335.83606969536,22721.553647367946,188513.90009653397,4645.7812217153605,9556.05798835537,439.45908716276733,2688.909476924348,81.14736263294856,83.24713768219196,3.8048954935836847,12274.5,451.07903963717916,8193.5,442.88813486026015,22685.833333333332,648.081296340718,16276.666666666666,549.0936774965328,10103.666666666666,829.493017852873,9110.0,415.84564444033805,-5.540113298895014,0.6300856264590835,-8.453292296291556,0.9391264255053676,28.38544196028289,1.2477375252918017,29.56618914146358,1.2856821343008975,-14.210108730262254,1.1441647929720593,-15.489108316856155,1.2337777510734114,17.654602622297404,0.6983931397466528,11.780098088671453,0.5482846737002293,32.62496546538013,0.8514466170887343,23.41126039023106,0.86657084630213,14.529073433419953,1.1683329205609967
"R_[0.0, 1.0, 0.0]",0.2,summer,17753802.93833041,401074.6483708647,557429.9340751314,23192.38216292206,177367.43713818758,4399.979400542361,9217.90011912884,380.9970444755635,2066.1188151460997,59.55648281257063,77.0932438037685,3.2347720677649336,19032711.65646473,429392.02819427615,623461.3192390446,26099.575391909973,189111.7095617272,4695.608136390684,9722.054652025972,401.2805447845567,2151.408447763689,61.26386229986452,81.1535976113989,3.389502408670656,10479.166666666666,422.3644950355873,8193.5,442.88813486026015,19886.666666666668,612.6772940681468,20547.833333333332,588.3976263265059,10432.0,852.2645129301113,9640.5,426.6529034238487,-17.444437910413722,1.231587656780128,-22.94375885934637,1.7404425572441087,26.167873658458205,1.23389534643874,27.066836243809103,1.2655532828423373,-0.17618677237736205,0.8525278420782006,-0.8022873126378386,0.9687257257680529,15.07146108620949,0.6526687989536767,11.779277958257765,0.5489497003593666,28.598645642639003,0.8670734591376227,29.550576151414088,0.8843461975575256,15.000039161479657,1.1989848674334793
"R_[0.0, 1.0, 0.0]",0.2,winter,18619659.72025189,361785.6638183098,622821.3585963339,28875.018844763763,149128.30781348186,3636.9278914365473,7792.766827784958,356.0909997651132,2411.567021902303,76.53853864008506,71.85707401836771,3.3379977008271418,19831614.915317748,396169.30421861244,667214.9701547661,31247.281198643534,163410.91925865642,4025.9844603586885,8322.88232141493,380.4479388588076,2518.181316174659,78.9623415771442,77.03080078717868,3.555462613111106,12207.833333333334,428.0081385519048,8193.5,442.88813486026015,25051.166666666668,660.7366848198061,13597.166666666666,577.8890608643383,10487.666666666666,839.6705703230681,9172.5,455.7761511970542,-7.201684031843885,0.9862478453955014,-8.210316855633295,1.111123652052789,28.723536302426538,1.372542304282975,30.580326079313394,1.4491853650286177,-16.217834293346673,1.2888845689294568,-18.576798867134105,1.4573143188521145,17.557628026337735,0.6581133515662154,11.779561510906037,0.5482170410577702,36.024634727032414,0.8387636687946122,19.55768921361168,0.9175223405748294,15.08048652211213,1.1797651917852634
"R_[0.333, 0.333, 0.334]",0.05,autumn,11761889.897283597,138617.82241872934,326839.84974102885,12353.941325588768,200166.81949396295,6498.157340986915,5009.698821744612,185.3823682898435,1989.2032715590424,55.13203656128931,59.60359894633374,2.2798109934360533,12150346.555268718,147463.99394097124,337653.665573354,12720.05140731834,203549.78269784318,6569.998387170266,5095.018736580525,188.67862946749358,2022.0995688772298,56.03846017537251,60.29250233463946,2.308846115698537,9183.5,369.53037764167647,15470.166666666666,689.4454051385552,12984.333333333334,577.0939842579078,15704.666666666666,527.187506174669,16177.0,829.9496370262477,6361.166666666667,176.76811552615098,10.345255145267119,0.431980428943828,10.418932894551501,0.4568679302310122,1.4606995378473646,0.49441528830379866,1.5282032435293285,0.498645173842197,16.450108455976164,0.8291713984736813,16.937379824672824,0.8317068567963716,13.211439272322316,0.5636388076333175,22.247212695776852,0.7973903980670409,18.679241116736375,0.8589073908257829,22.59405270636786,0.8577332239834357,23.2680542087966,1.1364898531589913
"R_[0.333, 0.333, 0.334]",0.05,spring,11237033.570439333,165196.1490949986,355690.5515156803,16493.335331992395,225650.9124777103,7210.404145947686,7486.804154039578,342.9392559139692,1934.2179040863475,50.789702993326316,66.0132435858627,3.0492754567548466,11494570.54735821,169881.64369645974,366171.4782921116,16971.14541321666,228917.78596595323,7286.220453039832,7584.306825476279,347.5072909200868,1970.3869702704633,51.66459996685357,66.92299036705093,3.091633568007166,9329.0,379.2524225367583,12023.0,532.7115542204806,13988.666666666666,560.1348647126568,15712.166666666666,497.21883176994294,18474.833333333332,916.7929791761427,7562.166666666667,291.0775956109758,7.05402872276301,0.5635081082528199,6.588185362892914,0.5721000099027495,9.839849107587694,0.7732674558224917,10.008638612549111,0.7669961520235759,13.93185352137644,0.7769014859632823,14.463977424918317,0.8135130183778699,13.419280336147581,0.5794660488725495,17.288115016985945,0.6206770273715352,20.121229755977534,0.8252170561068305,22.60196505179849,0.8106773857003812,26.56940983909045,1.2314275294053938
"R_[0.333, 0.333, 0.334]",0.05,summer,12802809.23087245,160288.92953647545,317769.00640435447,12902.620258386152,256568.059693758,9085.264399372516,5284.264497757187,214.91836774793808,1720.2691436919292,45.630151615825994,43.80030507400776,1.8030769046095572,13117610.879044086,167250.0948545206,326142.57769627613,13256.001333575125,259980.1064345781,9178.612918648607,5352.084134297449,217.63522351904453,1756.6649559445852,46.315682434135,44.360803740899804,1.8255878332720845,10513.166666666666,410.5252326796328,16346.5,723.4859362834911,11876.5,598.1386962904171,13761.0,576.462314466436,17009.5,896.3228770928473,5484.833333333333,174.40001911314891,11.1598944113112,0.40678598572946817,11.33497681785186,0.4308815099848822,-5.46277129956511,0.6378241765572107,-5.460743104492233,0.6494938057093234,15.488776234917152,0.7534163711171823,16.067071225976324,0.7648180422509323,15.126875537562375,0.6206088927359166,23.51217169979124,0.8446089242288454,17.088513372797863,0.8780057633014076,19.802093323197216,0.9180113054723542,24.470346066651306,1.2379039888705585
"R_[0.333, 0.333, 0.334]",0.05,winter,16790741.4032136,224595.6054742804,276304.928852686,16294.659122553103,217807.63056879852,8393.176430238998,3453.6972164104995,203.5026330817338,1736.4817862910077,49.83628891408719,31.753147560223383,1.8878293447925865,17244928.95357516,235375.81318989446,284503.7404432501,16798.343029492295,220764.98666217923,8460.564459745954,3505.1061091984284,206.08590307583387,1757.4508654666752,50.15631944562899,32.0501488936261,1.897757376398998,9390.5,330.4897880419303,14198.333333333334,742.8993651004603,14311.666666666666,660.8442075608039,15472.0,621.4566758833633,16132.666666666666,1002.348575430058,4101.666666666667,189.36912807178112,2.410384180548317,0.25191177624477074,2.414580322480717,0.25688532522965973,-1.2281804788688089,0.39573337839100786,-1.3346260848859266,0.40414393959121947,14.394309436512934,0.9507664301186023,14.611226562817146,0.9712576132556552,13.512454352459807,0.5233958013705635,20.42106131809666,0.8846816782934267,20.59279698962689,0.973772975901468,22.26431875999856,0.9866208869491098,23.20936857981808,1.399023602868071
"R_[0.333, 0.333, 0.334]",0.1,autumn,12279993.204228126,157722.0620426112,331342.8155269479,12396.863618696452,195330.68718791756,6214.339964559849,5090.902728086324,187.67552321280127,1951.4691896254005,53.756121353108774,60.10613278358573,2.293304156528587,13015809.34008585,173119.86508250638,357038.0736559467,13312.937934743355,202133.90652484074,6392.90873738864,5272.282931610062,195.16267149234355,2013.6454760541,55.69328803622319,61.30010096746205,2.3534681551474583,9224.833333333334,364.6118026979743,14640.5,661.87785882291,12675.166666666666,557.5974952119738,16813.0,516.4571618246767,16164.833333333334,829.420138811849,6436.0,181.48608762106255,7.160932228655974,0.3661608156863305,6.474332137312238,0.37891879812247214,3.959275964858577,0.5222817385463966,3.905443180414034,0.544561743135175,17.67599659420031,0.8275217480120739,18.512715289758045,0.8192577460167089,13.271225357483127,0.5589718507692183,21.054420137259452,0.7702199617889707,18.234609609997438,0.8247990729895497,24.18859544816787,0.8422037463973061,23.251149447092114,1.1387813832072218
"R_[0.333, 0.333, 0.334]",0.1,spring,11892862.518517189,204510.1596801904,353636.857409746,17730.531205485924,218837.07320968385,6421.189425921319,7445.946124303745,370.4285940742272,1897.6763872485456,50.47562875506498,65.45410597167624,3.271106598622655,12538147.432021067,219410.0729066973,377189.0608709332,19050.371884620014,225243.65984864757,6576.384356622296,7651.720070858865,380.99726699264437,1962.2873985747035,51.916320106205525,67.23726986125958,3.3565494636348685,9358.5,373.88968961446375,11537.5,459.1325516667273,13616.0,591.6258953088516,17210.5,473.55495985154676,17804.0,922.543440711601,7492.333333333333,317.1912146744714,2.0013893934682625,0.613939403760123,1.1393212131952637,0.668137512860822,12.505812129895439,0.9637673782464092,12.718261772702405,0.9749795877656325,15.319067794811245,0.7473083191948547,16.08071327937017,0.7767565842766471,13.461989359449676,0.5736038080951037,16.590909142818244,0.5230799030551775,19.585686075402407,0.872326029687384,24.75661915027641,0.7554400045497077,25.60479627205326,1.2393827953581271
"R_[0.333, 0.333, 0.334]",0.1,summer,13785650.748272581,193070.0792925046,280498.51570919517,11150.097079526933,240460.96941112718,8355.30548631545,4736.39122828457,192.1413779862777,1723.5611353506167,47.143691079841986,38.689586519932746,1.5563660681251819,14416071.371016607,212224.58584116522,296120.1783182004,11649.83092759023,247335.11479131968,8499.439871731562,4878.893048805396,199.2532711276986,1794.280850183238,48.223386424832874,39.95995000386117,1.6347484803466226,10546.166666666666,404.5686179953489,14573.5,679.6816166412035,12297.5,641.9354328902556,14934.333333333334,560.8117925531405,17151.333333333332,941.8831491574033,4872.0,155.98076804529455,4.928487062203449,0.26435246287473957,4.530625720503022,0.2402652402378,1.273649215299543,0.4916310367326366,1.1586999671853668,0.5013654749445021,15.124944325098118,0.7318077629375513,15.908155052626753,0.7397550309215927,15.175377599737237,0.6177641904254404,20.962668783691758,0.8017688710473371,17.69514166115901,0.9381776465566937,21.49134823804749,0.9032805460382635,24.675463717364508,1.298052992614484
"R_[0.333, 0.333, 0.334]",0.1,winter,16855649.72578633,222762.29230546037,286154.23964816704,18095.22021687822,215010.90832643353,7921.306955830226,3584.4866476894495,227.78802275428995,1748.633892321278,50.3078286970722,32.975737377321224,2.093587250976564,17482829.36741824,239011.5803841397,298765.90499218035,18901.357168080845,221855.89861923255,8087.571182685189,3706.488221296518,235.9150268188988,1815.7733900692092,52.13792705895449,34.010620664060006,2.1647244980687117,9419.833333333334,327.4723906937294,14026.666666666666,708.5434825518237,14503.333333333334,643.4073877930424,15587.333333333334,635.5774277510699,15970.0,989.4772357159108,4262.166666666667,213.0956749130931,2.503169409453579,0.27523198388932535,2.0371620645875885,0.2630977871054666,0.09883910358140337,0.4845883471946221,-0.039263109695405425,0.5051761801097363,13.27052299838657,0.8969449607929074,14.014216710077113,0.9331370738759736,13.554273785001804,0.5196508735908407,20.173901952230107,0.8385769379487199,20.867569275330855,0.9398364880646809,22.429575062063822,1.0043987784453552,22.974679925373408,1.3809099115260168
"R_[0.333, 0.333, 0.334]",0.15,autumn,13230360.62930313,202866.36651634297,353069.3450425612,11920.218081154118,186231.01115498727,5433.27636407343,5470.334609570921,187.13634530286353,1882.671368195003,53.15523152483884,63.37972329225432,2.1972593186307354,14019765.573615624,214166.26453276232,386786.1215077411,13293.425070779973,196154.37991811472,5683.027646642735,5766.02205562333,196.9440162173817,1983.0953764942526,55.760829247529884,65.67034451260795,2.2582199860880605,9190.333333333334,348.87743788709906,13201.333333333334,571.8001982044659,12342.0,606.2022764721358,19077.666666666668,486.8489156470074,15714.666666666666,825.2804775751492,6792.333333333333,182.26647159219007,1.9918909476900757,0.5083940790682259,-0.7620679243729988,0.6813343758731429,8.327240864329733,0.7324685036418258,8.374407840658453,0.7707834944878754,19.908631050711907,0.6764840284619513,21.387190473111076,0.7303797793546863,13.220145348741946,0.537555225809533,18.98305286257083,0.6617548859757135,17.7530903190774,0.8843101264043426,27.44235297552471,0.7748113197849434,22.601358494085115,1.1411886566097649
"R_[0.333, 0.333, 0.334]",0.15,spring,12366312.436244123,250827.9847250611,371329.6797522728,19538.577602623947,214842.28431657623,5830.22279209816,7802.8496436952555,406.69986442508383,1861.7818301550572,47.38053163934836,68.25302451488756,3.540084359996935,13615846.308955168,281127.7114617064,425578.6555460091,22514.841131959194,223154.0120807977,6037.283863597136,8081.984162763973,422.3273848310496,1929.6313713806055,49.070087543124764,69.65215043342562,3.624141791531448,9297.833333333334,382.87304249145905,11151.833333333334,420.42997831585063,13301.5,569.9209594320954,18306.333333333332,499.01890411753635,17473.5,879.1238251805028,7794.666666666667,332.744747015887,0.7784128412975847,0.7018043342261547,-2.7926479432672715,0.9052970098828416,14.043816705279598,1.2330940849403251,14.303886092391663,1.2554358152303837,16.314419853556114,0.8219905719457549,17.66496448583774,0.8909507220638273,13.373907964235135,0.5869569696594921,16.035727494536367,0.47967884162502983,19.132181005102115,0.8442986372507487,26.329881776566555,0.7421164385212439,25.12830175955983,1.1878064696002872
"R_[0.333, 0.333, 0.334]",0.15,summer,14865551.371024936,226898.6449348973,307948.45069116395,11731.790588085405,227463.29331167325,7714.772929852305,5203.543271642308,198.62944152557313,1672.112333775215,45.693376878256636,42.506755510032775,1.6468925594890433,15550914.641120182,243857.71731951754,332148.29175615124,12781.856635703329,237653.72239019556,7938.336249538206,5443.167599180609,208.14232884399465,1789.4587952782585,47.96880762819517,44.70797708745437,1.733227419486091,10324.333333333334,403.64720569659187,13226.833333333334,619.9385184570052,12024.666666666666,615.4145486309751,16955.0,536.8437389036031,16978.333333333332,931.3677397605458,5339.833333333333,143.43558368364071,-0.8900606336667364,0.3024219384657306,-2.9467170622737107,0.37513245844411836,6.495752872137946,0.5310520035208874,6.498926820322876,0.5315877050291428,16.87386711274478,0.769273410402623,18.41765967503847,0.7961340806549126,14.854800074563085,0.6150845920356605,19.023813360737165,0.7311226765580581,17.30137626827209,0.909566974781335,24.39595489322221,0.865357433012782,24.424055403205447,1.2777233526673808
"R_[0.333, 0.333, 0.334]",0.15,winter,16805100.011114147,227892.24002202257,293149.667854952,16759.693604137334,215567.24677317264,8121.961304161253,3677.4147459712453,211.31739970308638,1758.027881291497,50.30085372414203,33.74448743028642,1.9471167956565965,17680230.99704396,249933.82207460338,311433.89310937654,17823.20605289024,225514.97354532056,8308.352510182316,3863.186573402751,223.5075890784981,1856.971371566556,52.34238819918831,35.368378292105064,2.0522987802012493,9454.166666666666,340.2724888477859,14154.5,712.8323084709334,14662.5,679.5382991414099,15593.166666666666,611.0631445821838,15641.833333333334,1009.2203756695892,4361.333333333333,202.41310892989776,3.026861093969179,0.2519517399022842,2.3312830069613515,0.2791139519425255,0.0656189963110919,0.4870361413093067,-0.2955804104328955,0.5120700817807801,12.615887437073454,0.9118330595570985,13.551704512455933,0.9679209575088752,13.603818513717654,0.5353793654460466,20.358018868499485,0.8411032063607806,21.097452630324778,1.0057326734621084,22.438384595546907,0.9750120245745074,22.50232539191118,1.4007857970922197
"R_[0.333, 0.333, 0.334]",0.2,autumn,13383423.733015507,227211.14676388036,364347.28450617497,14790.45620094074,185621.58898817972,5107.730833700609,5632.8292241974,228.73641281312464,1877.0772451221949,51.699724298006856,65.1593133403419,2.687535243122896,14433415.761567965,234570.80904719504,413830.0152805203,16632.975345878353,198427.76193626705,5360.345588016489,6037.278985617693,245.9968997184676,2001.0764597148752,55.07440051625555,67.89738670031241,2.8173320488751545,9162.333333333334,352.6701953194608,13358.833333333334,537.4701542101353,12271.5,571.1923493885403,19621.333333333332,488.0474020693758,15114.166666666666,836.6713612086089,6996.833333333333,227.20688076435232,2.5329029177309765,0.5159423711524117,-1.9256670165900147,0.7098573874763858,8.680304052703033,0.8266897875218684,8.669836722087668,0.879438088172289,19.639965183702046,0.7566355010554078,21.619565502836128,0.7300979196113471,13.179512685338038,0.5440053118981925,19.209318276156356,0.6089066447219555,17.651100807412032,0.8341309652950191,28.223233465470074,0.7694915145418619,21.736834765623495,1.1579309331396965
"R_[0.333, 0.333, 0.334]",0.2,spring,12206590.276902368,254456.81839434567,371736.5910866414,19079.97779526375,214010.60709483913,5661.45014116255,7809.492760162381,399.47932208355405,1907.228404240372,49.28120621023315,68.22879502875,3.4818011150030497,13441877.750175267,264356.6715305289,430829.50080063654,21787.43304836215,225711.34208483374,5957.588923546043,8210.034566193137,420.81362954990544,2029.4065194614504,52.32212849419267,71.29883092577411,3.663089251752311,9357.5,382.62030787714366,11108.666666666666,399.0527116392855,13982.833333333334,548.8797378904299,17774.666666666668,515.8754371615948,17307.833333333332,912.4311298211318,7794.666666666667,348.63141950585384,2.9897597361948844,0.48901083933963335,-1.463644933636289,0.8453780714838779,14.261027187003647,1.2421821799410007,14.633911899812064,1.2859681975354125,13.793515628767592,0.8147086707445683,15.656100867257349,0.8823041073009149,13.459608794829562,0.5862929921947598,15.973639004262703,0.4452659444702804,20.11166352686806,0.8076059451930175,25.565408100308087,0.7810046230450873,24.889680573731585,1.2356227577081726
"R_[0.333, 0.333, 0.334]",0.2,summer,14888429.581942074,236239.83985722563,329825.1315671159,13292.83646626155,227105.50992968617,7191.492017864134,5576.962540143781,226.82351485295933,1670.7914698222082,44.764524687342174,45.53787980364226,1.8640823212363817,16079328.52534392,269978.6803474476,371313.97048699023,14816.256506464097,239126.90542302074,7466.161093693215,5873.46737903896,238.68081279283592,1791.667475154234,47.24641673256635,47.801326488406744,1.973253444412322,10293.166666666666,407.111491690749,13370.5,571.6494555232254,11951.166666666666,619.1873437552376,17168.333333333332,475.91161644434226,16728.166666666668,928.6625687873216,5730.333333333333,174.937322108996,0.7743633053402782,0.3972963284249369,-3.1055108431067207,0.6510303257910027,6.663852430672757,0.7016669815198033,6.639127847865555,0.7266710507070291,16.570829245799597,0.6609170890113499,18.48176212675358,0.7163915236981949,14.809496874251863,0.6194260396753751,19.230329708132487,0.6561372427903465,17.194917214343146,0.9105022903473595,24.70162310071647,0.7699963515293418,24.06363310255603,1.2793993955221368
"R_[0.333, 0.333, 0.334]",0.2,winter,17612780.22839747,279054.0542148259,319867.87171757297,19236.444863754507,205476.76547039856,7180.911141569734,4021.662862070129,241.97789548315075,1730.9884710754284,49.088898030349014,36.516438789629994,2.2038180294805674,18594094.43041673,294417.72412434535,346407.8500270569,21035.7380268123,218130.30015347773,7446.832354977978,4299.282692023006,258.8399797608878,1867.6272429140633,52.192457372347405,39.046122846299255,2.354462412515058,9392.5,327.06925872053483,13110.166666666666,629.4274911907381,14574.5,641.6337740487169,16976.666666666668,626.296947674716,15458.0,993.6417865609317,4743.666666666667,229.96666425085758,-0.5151038192667654,0.2505623569949322,-2.3601440404022855,0.3566889527804431,4.8918189967980465,0.5161904526634672,4.391061152627478,0.5403336998263037,13.799407003009671,0.8881037675113169,14.880594748616153,0.97432816283224,13.51396521899269,0.5168033874472557,18.85486109552809,0.7375708177472838,20.96862135430302,0.9393016046139544,24.426681000905788,0.9959406338550963,22.23587133027041,1.3756207744644613
"R_[1.0, 0.0, 0.0]",0.05,autumn,6679530.878523127,91415.14426874832,845351.7439246811,34193.20423949956,344071.6949672365,11089.502118014925,12984.334209916036,522.3338231366905,1954.2183449018983,44.32224655254027,151.89315525772318,6.069431052360789,7260968.195158899,84089.49264227605,873485.4459475848,35326.983152431196,348198.62091556314,11213.197426035533,13201.466841774833,531.25021505516,1997.541360851469,45.742599009746314,153.61326469189183,6.142613644596281,8247.333333333334,424.98972536599814,35893.166666666664,1053.6930134847928,8219.0,367.163723698298,8169.0,517.1757921635547,9043.833333333334,802.9827935059795,16273.0,534.5708559208965,46.413965319122134,1.0803809188203601,49.1179197544761,1.1480543753561658,-68.58831982323197,3.1222855396323137,-69.29101550105973,3.17970858132781,17.456193154204232,0.8807862747598644,18.389170303876558,0.9000458969346483,11.855228680888265,0.6263587793204246,51.58690700733981,1.2348004565047646,11.815615574443305,0.5653683014613092,11.745151503297167,0.7974426681180232,12.997097234031457,1.1237766529881086
"R_[1.0, 0.0, 0.0]",0.05,spring,6815091.565805907,92659.13423277946,686191.5493823605,24554.624415754042,429925.3822833016,15033.436744535804,14457.86712622171,519.175736883012,1642.6655287750646,30.474014487287373,126.48494948508392,4.495395747677087,7353246.845131472,94159.81289662226,705199.03540756,25066.665701963877,433824.7626214764,15126.86586396225,14639.796057402922,525.5005451344639,1684.3437635663174,31.439039473209657,128.17246920128403,4.561519015442742,8379.666666666666,407.51032706750703,32730.666666666668,975.3849838226267,9587.333333333334,398.2751142949644,8169.0,517.1757921635547,10691.666666666666,840.4398054986846,14380.166666666666,424.7528300867069,40.534579588822716,0.9277433893237573,43.33983157453067,1.003284831950244,-70.86891807109488,3.1257730620858486,-71.46346669381114,3.15649108263552,26.413875732202374,0.9322012159992388,27.344589637461354,0.9433608061584311,12.047973648425348,0.6040109040566706,47.04978759314636,1.0849459479679535,13.785524392947245,0.6207652945801512,11.747589528640617,0.79873672727191,15.369124836840427,1.1784786358588735
"R_[1.0, 0.0, 0.0]",0.05,summer,7474370.747095446,103590.06465914765,947521.4250656938,38895.953519384646,424723.4488047694,14307.987993304252,15811.10777365724,651.8362938659131,1490.1687862120682,29.373945169449296,131.05033683717602,5.357808305282867,7991398.379329116,95109.62359185168,969854.3334945651,39805.150671465475,428521.28609500924,14412.65326061214,16025.177932788598,660.447816736439,1531.421559622927,30.49307627992473,132.99234788833766,5.437025454440715,8540.0,397.57313792559,36085.166666666664,1088.4501672868023,8021.166666666667,374.10929775490314,8169.0,517.1757921635547,8758.0,805.4025080666189,16441.5,537.2603651861918,45.86836113923366,1.0866989896562813,48.227026811695445,1.1582397688671422,-73.86640413250727,3.341448111318097,-74.61464774604441,3.3936063339056655,26.313685060469638,0.9222746810401213,27.28192780459175,0.9424632481464437,12.275877494729357,0.5911751759002787,51.86179191441372,1.2760558934639146,11.531177739812028,0.5761061685645005,11.745016061233047,0.7979808114267739,12.586136789811846,1.129197660107498
"R_[1.0, 0.0, 0.0]",0.05,winter,8868986.713211836,108477.36376898414,1130651.1697921539,45300.75205414761,411620.2609496022,14251.40200164143,14190.535011360995,563.276698052039,1686.5675921561312,39.359455924674585,130.64038695683084,5.094266155454826,9537015.19817538,92853.96613641341,1162154.4896012142,46728.685722829665,415468.51425595273,14357.799765589205,14401.730405268869,571.3746755037117,1720.859732285434,40.38630644503231,131.97601632329062,5.1363173392075,8236.5,425.05611394261814,36276.166666666664,1044.668639649276,8223.0,380.3955835705773,8169.0,517.1757921635547,8667.5,797.3721214088188,16596.5,523.1308631690539,46.019188794944675,1.0515750775020523,48.443698008912556,1.1338337396168037,-90.56305835387809,3.9651689894457394,-91.56431367988648,4.028494396166809,16.16624489618842,1.0775510924137393,17.054925540066343,1.0795630255455784,11.83966399624733,0.6259748648261071,52.137636219386955,1.2197131348901609,11.821333918587884,0.5814845220317258,11.745177804603996,0.7974225735192453,12.456188061173842,1.116777254878775
"R_[1.0, 0.0, 0.0]",0.1,autumn,6782578.145096526,84961.66200273478,820334.5433469418,32222.58736563643,340336.8351560428,10967.832035260853,12602.008935376352,494.1783783374883,1968.231554816345,45.101250283137695,147.45072545234896,5.729636009980139,8023627.175554156,68490.98807637992,877467.7733875207,34382.63026991879,348850.4517620373,11199.45750938055,13056.514214830087,512.0398845213685,2050.9840998410177,47.77241852505989,150.7217386521954,5.861348507675913,8428.0,408.18329216174436,35225.5,1056.7811031618605,8471.5,378.9146341855907,8184.5,518.6435191921327,9258.666666666666,794.073212409704,15792.0,507.5064531609427,42.760333394472845,0.9547964470840373,48.33334480953932,1.1099036745729083,-65.76922355766366,2.9175511944402697,-67.4516272070266,3.0349846509412024,16.141484342183535,0.8950010410256513,17.804572404692973,0.8763765203746461,12.115859413487428,0.6077329078163245,50.62980511521696,1.2249174644112075,12.179208439865073,0.5801550609968086,11.768143627947667,0.7996202738976139,13.306983403482866,1.1138553155292887
"R_[1.0, 0.0, 0.0]",0.1,spring,6970309.309543315,93174.54635276124,669604.4889181639,21339.411914991168,416982.3243675859,13749.153205478242,14097.067439600927,449.12342147277303,1683.0086032568915,33.955904877196936,123.3285949410954,3.894890182857851,7754195.5139403185,100039.47946677756,712392.2089156279,22750.041783430155,425216.2380459116,13989.28304761565,14474.00537874496,460.7533022549642,1781.1421740864507,36.944078779013886,126.59015455736824,3.9907298900329606,8701.333333333334,393.1318693093533,31313.666666666668,896.5504261705906,9709.166666666666,414.4439246347652,8172.666666666667,516.1312494576032,11659.333333333334,845.3180860875193,14021.833333333334,366.14009158608474,39.38547673803574,0.8424095270971608,42.05078115078731,0.9148207723082993,-65.16674197401291,2.682759414836575,-66.30620908955551,2.760925632779724,23.126991160809045,0.7835871128140378,25.563787872483314,0.7984827699347924,12.5109983388995,0.5886238470462907,45.01452463942176,0.9827508266976385,13.960690136737634,0.6310198072441173,11.753219853905597,0.7972337430674687,16.76056703103551,1.1780092313466575
"R_[1.0, 0.0, 0.0]",0.1,summer,7588596.929349016,100727.3356216467,912707.2946632304,35176.60257285626,418104.28954694787,13978.686644593929,15222.067137841514,588.2402140441853,1517.215209493041,30.67123454126694,126.34249023789538,4.858712804498185,8610798.456735818,86041.44897305175,958950.5917517788,36739.757421933675,426317.7954468394,14188.309453549004,15684.516156117053,606.7780946926324,1607.8622162009626,33.03202354707567,130.53142294896722,5.037938062489788,9002.666666666666,388.7352140810846,35114.666666666664,1073.3926898701447,8203.5,391.0430922545494,8169.0,517.1757921635547,9081.166666666666,801.5214074911954,15820.333333333334,491.13446902723797,43.20315867697472,1.0057041047845037,47.436433321685335,1.1239526537400109,-70.19706733712474,3.0750010438145416,-71.89217031452999,3.1952562323823828,23.932058790171947,0.8715980928109013,25.963511033701412,0.881623336401548,12.941478666764482,0.5832062651609445,50.468258199590686,1.2465646890538415,11.793679948973987,0.5999896941212813,11.745403066122117,0.7978626318819457,13.051180118548727,1.1235896789235218
"R_[1.0, 0.0, 0.0]",0.1,winter,8895505.547415964,106834.46750405326,1126725.0968958933,44636.73809512958,410226.6830655439,14244.096616402127,14136.053906496412,553.5544583034523,1693.0617279195264,39.20298833382869,130.107164059964,5.010201158839357,9931195.197873713,88144.69671583506,1175383.403369802,46676.41487003424,418897.4760652519,14469.39791507694,14616.438691447016,571.9816372686665,1788.7002804771403,41.88378143867046,134.2392771530643,5.161114557359725,8275.833333333334,421.5188805577596,36142.166666666664,1041.7173161019582,8326.333333333334,378.450349011157,8169.0,517.1757921635547,8658.333333333334,798.1542875075388,16533.666666666668,511.45543957090496,44.60613297355616,1.030473529567142,48.289510046411,1.1327525483941998,-88.67177415339917,3.8571655091671646,-90.91509890461352,4.008639448864081,14.551903963917121,1.1075182787461286,16.735028780894087,1.1043681000143337,11.896290693591025,0.6210360432161789,51.94532695591141,1.2122364958397924,11.969977962667556,0.5800594892620078,11.745265505496311,0.7974779319752702,12.443138882333699,1.1185086228339938
"R_[1.0, 0.0, 0.0]",0.15,autumn,7006105.3837201595,84116.83964179653,793641.3846899597,31404.687469897315,330401.39789646,10619.916060753647,12170.172947373927,476.0594743476017,2002.8898750909582,46.61428392602072,142.7711568610592,5.625861373978664,8442392.06437903,77611.67466386917,865023.3799420901,34208.37177170867,342329.83318310586,10937.884652572513,12831.991108386972,501.7646690928214,2126.8192514473685,50.2879602304607,147.92738787561805,5.824903461304776,8581.833333333334,386.3844803646579,33737.333333333336,1032.1522497512976,9138.333333333334,386.60401791324756,8300.666666666666,517.3206613568289,9808.0,767.8380037481867,15299.0,486.46397605578164,40.972385742237485,0.9428848629177093,46.63167186305322,1.0691510568586748,-59.9908375398893,2.6481072270397212,-62.56151399895278,2.8035973364206614,14.095006893568206,0.8519313811353181,16.358022240209355,0.86289310622013,12.337318082245034,0.5765214418592421,48.49177705076468,1.1850344938256938,13.138094910849494,0.5919188997966157,11.935628928600076,0.8013467711627111,14.097181027540715,1.0744089871496079
"R_[1.0, 0.0, 0.0]",0.15,spring,7225892.722313057,95148.47392630749,657543.8447401624,21682.704628944524,396622.3501853069,13552.269303956775,13841.988926278478,455.0037527847132,1778.0317543548126,37.095789943396234,121.2737685674969,3.997334376022032,8821562.166794872,117912.34022817717,749257.2181337847,23991.72171349462,407038.54773454735,13828.610307791112,14339.768746070726,472.7550557664695,1877.3097346116263,39.700240164087894,124.0262229548473,4.13858523463894,8685.833333333334,392.8925637711494,29336.5,894.6634562783929,11465.166666666666,413.9446420315969,8183.833333333333,516.9883622158885,11884.666666666666,854.2071567639001,13799.5,384.437641237171,35.70524613094966,0.8628241679822765,39.925364762529846,0.9819825841266234,-56.76441957561161,2.639787125042388,-58.182232468488365,2.7352449143775086,18.576077070008896,0.8995226855824278,21.361108175322197,0.939424627283962,12.48874207034686,0.5880357032354213,42.17174075355623,0.9899586501673807,16.48574409504787,0.647873922551873,11.769331606458238,0.7989687366965444,17.084441474590808,1.1877126583144497
"R_[1.0, 0.0, 0.0]",0.15,summer,7792536.742433806,93121.03756495466,880432.0842897482,32998.78573236663,408719.29877045844,13336.08896076697,14674.244057677688,548.7958165425073,1563.927331353819,34.077204828437345,121.79384739891286,4.533509488893555,9197106.06255659,81058.6200387912,940884.7713331407,35550.295289930524,421512.5631563208,13672.716127339787,15340.824888734734,573.833885994184,1711.1310029342849,38.43682713953459,128.11061186331452,4.7523028881753895,9694.0,382.19837780922086,33897.0,1010.461478731376,8445.5,391.75030312687727,8173.333333333333,516.6111368008502,9355.833333333334,805.5900735899536,15246.333333333334,467.6129453583027,40.32123492416492,0.9615562183964071,46.02465705389832,1.0639272066092667,-65.86751185165454,2.905888022259491,-68.0358053718229,3.0285328738831643,20.505099045932226,0.7941158313201986,23.686719655725103,0.8465666604788281,13.936286266453555,0.5756204221836289,48.72189473875344,1.1564955728973052,12.142254196908697,0.5965570227189727,11.752564634186,0.7976349030951208,13.447000163698306,1.1286497000006592
"R_[1.0, 0.0, 0.0]",0.15,winter,8971001.544083038,106807.0072204625,1114965.5637179965,44549.26290962261,405487.8818392961,14130.426084395785,13983.351568887787,553.7593466011124,1711.3353472747851,40.220865558912195,128.75309076662967,5.010201348355446,10542283.645966418,100531.62063643897,1183725.0136469107,47059.964153746325,417688.19764433795,14458.89878727233,14689.656525439,581.2559969017623,1839.4720807808162,43.75440314673947,134.85195041303567,5.257351273488964,8317.333333333334,411.1946821964829,35648.0,1059.1090595401402,8700.0,394.82958349140966,8174.833333333333,517.1593242576864,8730.5,797.0073399912952,16352.0,513.2247071215495,42.16762870734737,0.9989544048151033,47.850768183451116,1.1331216658525964,-85.13689891724306,3.729504305727749,-88.70926012036436,3.980141611336897,13.429601214735762,1.0817133323258643,15.837092141383186,1.0982876891861013,11.956248920956641,0.6095662083626476,51.23552913936776,1.2361323385818024,12.507363834331938,0.605664100002748,11.753835005871359,0.7977392452707363,12.547023099472305,1.1161633544550267
"R_[1.0, 0.0, 0.0]",0.2,autumn,7027843.590738784,88388.67827235506,801377.8036351801,31119.35797757011,328661.35472720925,10619.33551062789,12287.263148100945,471.37989337795017,2000.8637448176398,46.006840963815094,144.02346054534516,5.536306930361525,8767518.962963725,78961.58857617344,905078.461601342,34841.937496846025,344309.626990425,11000.46895912746,13161.560229319026,504.9869986659935,2165.098828034969,50.929965302701916,150.10581399483132,5.790690777978009,8592.5,389.78648001181364,33566.166666666664,1037.8854304144868,9092.833333333334,405.668049846998,8256.333333333334,520.5956844487542,10058.5,800.4575566511943,15408.333333333334,487.8781268582013,40.78363717523367,0.9615870193681507,46.465692146063844,1.114217477655657,-58.45070144325655,2.5733462260556252,-61.70433865215957,2.770915237973276,13.045933579573843,0.8144547709683199,16.442462131319648,0.831891881699859,12.352768143910216,0.5847777028447166,48.24558712314268,1.196636829785507,13.072863962149427,0.6225286203498451,11.871781799684229,0.8036874399671576,14.45699897111345,1.118947051366314
"R_[1.0, 0.0, 0.0]",0.2,spring,7372852.741275898,94208.32490962882,667148.8561278002,20991.450366537578,387779.35892922856,12803.127448656922,14086.349658917106,441.98337980951266,1815.70908523712,38.89271302264644,123.43056520373266,3.8631608966504802,8782723.558741832,101494.84549982047,768228.8163682645,23659.309850849262,402383.8277889502,13212.975406037916,14799.651434138757,463.94350561562015,1988.5133148854359,44.410659626421605,128.981136616164,4.049747820587236,8761.666666666666,381.13339746952977,28673.666666666668,885.5650550166635,11845.0,421.5077697979003,8271.5,509.467467067329,12004.5,828.1769738407368,14066.0,370.87518115937615,36.60501182398695,0.7686837725536022,38.70465345896104,0.8987495672760656,-52.827808280065994,2.34261101388217,-54.657694805452785,2.490647572893535,15.52486850677193,0.802420660643598,19.696511521103076,0.8472836912050489,12.597512117124891,0.566924279709447,41.21902909691537,1.0036070674998658,17.03138873664773,0.6478983473761254,11.89519796394113,0.7873563967486833,17.256872085370876,1.1526054005321629
"R_[1.0, 0.0, 0.0]",0.2,summer,8161858.958073128,91350.64025478053,857142.6373419111,33285.35499964432,394873.5099374913,13316.080196269735,14252.089076136399,553.0409872377767,1606.7046553237094,34.30314301305808,118.34154421018337,4.577881462538162,10173092.769525388,92561.30173366773,953539.0790518211,36569.54375896388,409893.5007569522,13700.488413315214,15033.808858979804,582.3500634051421,1764.0154163135821,37.97132016485313,124.7598414580948,4.836542951920523,9643.166666666666,387.77334445093925,32310.5,1034.7834072886947,9144.666666666666,363.47636328469366,8206.333333333334,516.9938748831237,10256.666666666666,800.2071398498434,14812.0,481.8319209018847,37.21247801900737,0.8255460319092185,43.4670668615538,1.0556343976581997,-59.99563423508621,2.628844234088998,-62.33671004341313,2.800014035056383,17.849657027335457,0.7955368132541427,21.599109901246432,0.8303064026830491,13.864009370351667,0.5812051509126622,46.44388533394891,1.2036030874552184,13.148197020846682,0.5635553136710553,11.800772184011954,0.7989809208937874,14.743136090840787,1.1209446067437543
"R_[1.0, 0.0, 0.0]",0.2,winter,9243138.504599512,94037.42184298713,1085803.5773867297,40746.35594493892,392152.12931579445,13088.192234899396,13604.447944520914,502.48122055319993,1765.9723048820808,43.029339747444446,125.00510245164406,4.530165836705579,10817749.23241823,86585.08584492408,1165899.8461659593,43759.074590209115,408784.7137532372,13550.972669508683,14529.955380696361,536.7488949289269,1961.9616465974784,48.93745328142665,133.89447952634785,4.855997804077511,8626.833333333334,389.84274607419195,34321.166666666664,987.6666272921585,9621.833333333334,412.21713533848487,8194.0,518.2987555454865,8804.166666666666,791.4767000150202,15898.0,464.76703841817334,41.51133258278855,0.9293220082314327,46.270552663528825,1.0163091327912117,-78.26563129872333,3.2851985468660776,-82.50561595732937,3.568686592623089,9.43881768157575,1.0169336441379317,13.152203822970849,1.0663995999828206,12.401548153895178,0.5781652946274056,49.330396437950014,1.132713707282389,13.832754509844682,0.6273395568445478,11.78184707524361,0.7995888034873441,12.653453823066513,1.1084211692206263
"TP_[0.0, 0.0, 1.0]_dt12",0.05,autumn,12463562.580969883,222299.1275593372,0.0,0.0,202887.5144267952,7031.208450013062,0.0,0.0,2194.1286756097775,70.03118213047922,0.0,0.0,13771183.717874175,241502.8202641405,0.0,0.0,204617.1956272725,7082.211402545518,0.0,0.0,2153.935700923664,69.75479141188073,0.0,0.0,12641.833333333334,489.31029691461276,11924.0,646.7221969284802,11480.166666666666,678.2599550811372,11713.333333333334,469.0341849659435,12376.166666666666,927.9326304569026,,,-1.60698735169956,0.2295462929121987,5.082726539991794,0.25001869349209427,0.9515338542635844,0.1466460528642349,0.19702976893954638,0.14671519668799873,11.017033461308884,0.19936947185411288,8.39393317326075,0.1594878764406843,21.020746118279003,0.7522752160180893,19.82329976641086,0.9467108686297656,19.092600527310907,1.1566274972900297,19.48093366304708,0.8479531792544994,20.582419924952152,1.5661434058534742
"TP_[0.0, 0.0, 1.0]_dt12",0.05,spring,11281380.938494815,229587.04382722214,0.0,0.0,245344.7023999594,9465.569432683182,0.0,0.0,2072.717487477447,62.929555395288496,0.0,0.0,12469829.93475537,250882.06386335546,0.0,0.0,246831.23387660529,9520.576599994862,0.0,0.0,2039.1949677389784,62.65538633297776,0.0,0.0,12499.666666666666,479.47373928784293,11698.5,633.2540564418043,11504.833333333334,670.3367561656358,11687.833333333334,473.894256840771,12340.833333333334,913.9132161571288,,,-0.8226717249665199,0.22065662569251993,6.228625226793277,0.2427692656737,2.8067715008445213,0.12037862435382533,2.176624781517282,0.1101668539152426,10.938759355438812,0.2336360772371054,8.351569134096932,0.18554560993611738,20.925039961974473,0.7480740406924881,19.580192193810678,0.9408153533897514,19.262371751423697,1.1409960571519329,19.569740318839994,0.8562678097801403,20.662655773951162,1.5587448898068734
"TP_[0.0, 0.0, 1.0]_dt12",0.05,summer,13459624.538852436,230702.67464003962,0.0,0.0,239571.49194602857,8895.479064439814,0.0,0.0,1831.4375634477808,57.680880503980134,0.0,0.0,14569467.942815011,246746.4589923184,0.0,0.0,240867.3201182461,8936.768925872704,0.0,0.0,1793.40696053637,57.32970757715128,0.0,0.0,12701.0,482.9028887882118,11824.0,655.728297391534,11575.333333333334,672.7524557121039,11696.166666666666,489.98792502128754,12140.0,915.2411704026432,,,1.3327597706277676,0.23046024997520012,6.792140879086453,0.26589239623875893,2.297634906010197,0.05766726319462464,1.5326387325464816,0.07642618317212178,13.735568444636433,0.2811609508515748,10.656846258762947,0.23109227873028326,21.188974665492726,0.7326097713746696,19.72218817069379,0.9663348562868025,19.313720923719202,1.1314250229650966,19.51665261368516,0.8741678596403251,20.25846362640912,1.577695248513832
"TP_[0.0, 0.0, 1.0]_dt12",0.05,winter,17286242.96980479,268487.6948713871,0.0,0.0,219074.25668711888,8562.619317814195,0.0,0.0,1951.5201828971592,63.24493634600461,0.0,0.0,18859485.829949066,297219.37298415054,0.0,0.0,220973.3115958088,8616.483243372668,0.0,0.0,1901.879292196614,62.7957597846218,0.0,0.0,12085.333333333334,460.53823583570846,11737.833333333334,655.6533891216203,11414.5,660.9486364310012,11751.666666666666,472.83725177556227,11995.833333333334,915.8579402214442,,,-6.72339656876743,0.07523891578928014,-0.4622950264758126,0.036473369150424824,-1.3207069292648814,0.07163133645773627,-1.9212631635366728,0.06320860570273917,7.375056877267543,0.12481501342249769,4.051817787567077,0.0662778396868639,20.486955588585722,0.7061480385107616,19.894142864219774,0.9809745716357817,19.35415742104428,1.1610920390341657,19.92576225975166,0.8667309817449093,20.33898186639856,1.5745636278976893
"TP_[0.0, 0.0, 1.0]_dt12",0.1,autumn,12512682.487250915,222585.77571247384,0.0,0.0,203275.42436157857,7025.614296544498,0.0,0.0,2213.0902239283223,70.83463113264308,0.0,0.0,15386332.977884596,280900.2539544615,0.0,0.0,207363.6556994127,7156.102702935661,0.0,0.0,2115.980269162463,69.50572314246641,0.0,0.0,12215.166666666666,469.31371881361696,11826.333333333334,626.5035248637208,11345.166666666666,646.4801363279976,11657.5,479.57554149476806,12192.0,907.9015365115314,,,-9.740131044256753,0.3425019820912545,4.708620266798361,0.23207065432670457,1.4835221660877682,0.1568878515162727,0.005923879217693696,0.1558994046299195,13.507182006395709,0.2514232631543154,7.6025075405997695,0.15569732609214526,20.619581514941693,0.7293005323784287,19.959837999739378,0.9351687202717135,19.153802498635404,1.107794103478236,19.681991063342252,0.8648217192366974,20.584786923341273,1.5698584415985488
"TP_[0.0, 0.0, 1.0]_dt12",0.1,spring,11250406.68865247,228934.79090679614,0.0,0.0,244662.36092158352,9427.817489175615,0.0,0.0,2088.2158029204215,63.431062607541655,0.0,0.0,14147308.814823592,283475.04409047775,0.0,0.0,247498.15553016565,9530.435876825308,0.0,0.0,1990.163187302114,61.34465607334988,0.0,0.0,12114.833333333334,453.29081908490764,11534.833333333334,650.6189104742243,11164.0,644.9951937805429,11551.0,470.1706073331253,12166.166666666666,922.9410418150591,,,-10.569773979027522,0.22641228559061172,6.486061805135478,0.25145282649568323,3.891387256082057,0.1255490266920978,2.448505964588279,0.1142057902003191,14.127814101891014,0.24408114432310837,7.666323062755631,0.18541936777297632,20.696726124206364,0.7107766597965887,19.70180316458971,0.9840573364310301,19.076172931378498,1.1388917454608884,19.737913281489885,0.8785428094016511,20.787384498335538,1.5910800907131404
"TP_[0.0, 0.0, 1.0]_dt12",0.1,summer,13608741.331234695,228426.60837628425,0.0,0.0,240335.38254321014,8922.429902025073,0.0,0.0,1851.5515379923409,58.163401302890705,0.0,0.0,16173691.220725963,264719.3570511898,0.0,0.0,242731.70823296288,8996.064897782722,0.0,0.0,1760.2918957175004,57.25456717043561,0.0,0.0,12230.833333333334,468.8353300111527,11626.833333333334,628.1889577719962,11332.0,663.5389965932671,11714.5,457.7338746477039,12061.0,909.1103343379174,,,-6.660235132846547,0.14295331218263038,5.759151325973253,0.21379128876289938,3.1201493156894546,0.07321934541336622,1.2186259149202094,0.08683525703517643,16.74663829032954,0.33075588539601825,9.675507256377122,0.20461500976149996,20.741116977390416,0.7389282164275698,19.7130523424723,0.9406481465139758,19.21968246077873,1.1441630306239545,19.869473315524058,0.8446402109391363,20.456674903834493,1.569819796218371
"TP_[0.0, 0.0, 1.0]_dt12",0.1,winter,17373945.124960743,268786.53040004853,0.0,0.0,220769.94219566687,8620.308861340889,0.0,0.0,1960.2394494175096,63.71775940095713,0.0,0.0,20511547.725558978,341433.52372786537,0.0,0.0,225134.43047164893,8746.86711688458,0.0,0.0,1858.8144562330506,62.103292044905956,0.0,0.0,11842.833333333334,453.09531741860525,11591.5,636.4852708429316,11367.666666666666,659.3996259224501,11568.5,473.95643259692145,11863.5,896.9226834014178,,,-14.382722072670026,0.25643526368146957,-0.9720819073069461,0.060943585743330024,-1.368586527469028,0.08258335011988031,-2.71026922759296,0.06794416113049123,11.229830700742115,0.18472366664105844,3.623374338510373,0.06394804624214717,20.334656037572802,0.6974003990861692,19.899667553564573,0.9624563160118298,19.52289210933689,1.1634865355633954,19.86758605264999,0.8605128722213116,20.37519824687575,1.5800870795985038
"TP_[0.0, 0.0, 1.0]_dt12",0.15,autumn,12605257.751368186,219390.31827325476,0.0,0.0,203142.62307953008,7018.719406508641,0.0,0.0,2228.183773061529,71.37551503592245,0.0,0.0,16856424.161304537,318605.58338469244,0.0,0.0,209679.44194521278,7159.679908869633,0.0,0.0,2080.0360188778527,67.77219148319139,0.0,0.0,11945.833333333334,438.7949027355114,11749.666666666666,644.6067535068698,11212.5,652.830069773138,11603.5,477.85510356173853,11989.333333333334,911.6904445406166,,,-17.831506765149452,0.38285488146878627,4.003163384801176,0.17281429115226574,2.0223925230874022,0.11438444210317031,0.07127357583005424,0.11061624251951672,16.00541578195151,0.2583437738783862,6.9724013909363025,0.15338777989941665,20.418701698344595,0.695708303808054,20.079518877150022,0.9786014471609257,19.16887423682196,1.1526340987678216,19.83737794095041,0.880687148311453,20.495527246733012,1.570487926925981
"TP_[0.0, 0.0, 1.0]_dt12",0.15,spring,11380029.38871562,234347.6807537407,0.0,0.0,245280.8353070209,9489.392234987063,0.0,0.0,2102.5141784675384,63.622266994521404,0.0,0.0,16193042.42088688,322229.1362959604,0.0,0.0,250326.2464322286,9627.46254336609,0.0,0.0,1940.1396795841565,60.465400564090466,0.0,0.0,11868.5,446.13932801312166,11553.833333333334,649.4281843796638,11094.333333333334,651.4877333201804,11575.833333333334,464.13507373033815,12138.666666666666,906.8055285818821,,,-18.001302921475457,0.2204185663617745,5.409038696220571,0.2529160414079861,3.6157223451205582,0.1446144445884931,2.2023703253255555,0.13073878052843824,15.873223206608559,0.2933782211599164,7.0338472467732815,0.1764142847426145,20.380569971265068,0.7152599841080147,19.83590708143709,0.9875697454345999,19.054031254454994,1.1412927265554502,19.88204514588774,0.8709882551596791,20.847446546955112,1.578316485350443
"TP_[0.0, 0.0, 1.0]_dt12",0.15,summer,13627949.264392348,228397.16181659664,0.0,0.0,239674.49491111262,8816.024799384044,0.0,0.0,1861.974711402807,58.53705138660877,0.0,0.0,17421462.993263625,298832.2688851403,0.0,0.0,243999.80761647908,8943.08045515601,0.0,0.0,1738.9054767889672,56.30314075024025,0.0,0.0,12198.0,455.13118987825925,11691.5,629.0633513407056,11236.666666666666,654.8049073324564,11670.333333333334,466.2482886474399,12056.333333333334,915.3094922848044,,,-13.023281429733052,0.2682265039542831,5.626137262786977,0.201876972339463,4.009502032633844,0.06347566712600783,1.4892122082127468,0.09625803888985097,19.2357443487,0.3750460139305416,9.167076091368449,0.21047819581105273,20.72500598853537,0.7196085615129335,19.860954625879533,0.9541684560754858,19.0943769520972,1.1329611507702777,19.83189618896942,0.8475101451329637,20.487766244518475,1.5835760707715278
"TP_[0.0, 0.0, 1.0]_dt12",0.15,winter,17374013.476518817,266338.2862367411,0.0,0.0,218471.09058264355,8501.569150435547,0.0,0.0,1965.7675387213885,63.980193557753424,0.0,0.0,21779751.521365482,356020.9468194401,0.0,0.0,225420.20273943312,8681.412236068554,0.0,0.0,1832.016682872613,61.61222846470968,0.0,0.0,11752.333333333334,437.29471374196436,11661.833333333334,643.582602830955,11229.333333333334,665.0746324035125,11668.666666666666,472.00409602742496,11800.833333333334,895.9940662005896,,,-19.45490342316066,0.27304107406837663,-0.9726555546790464,0.05437226905636939,0.11412919335366055,0.05743411017084674,-1.6412631258688928,0.08807408410462082,13.806478481162491,0.21465116594643377,3.3516884883736924,0.07024960354191716,20.221827066745984,0.6916928132229335,20.06231338143395,0.9830776042980713,19.325773618236592,1.1809831680988196,20.081857627305215,0.8760863305860322,20.308228306278263,1.558056760506612
"TP_[0.0, 0.0, 1.0]_dt12",0.2,autumn,12479368.733751006,217693.46094701963,0.0,0.0,201675.8501601847,6951.313332564541,0.0,0.0,2235.5173502903713,71.18152545780033,0.0,0.0,18595955.17052582,357588.7398357139,0.0,0.0,212176.83758031452,7230.780701262673,0.0,0.0,2024.974386445622,65.96701797568879,0.0,0.0,11964.166666666666,444.3707536130911,11647.333333333334,641.2480539281711,11205.5,650.842146760641,11578.833333333334,456.6238787740594,11909.833333333334,900.9293904999807,,,-25.569921983328513,0.4448630416941245,4.9618965855942045,0.19959726867639543,2.3737365608916985,0.15154001802749764,0.792512200392738,0.14009226128208377,18.69351675000147,0.2445884604356028,6.665812947171819,0.12635422228338022,20.51857900933435,0.7092546334866553,19.970824411518063,0.9665308942111659,19.220572117748873,1.14315732461424,19.86174071341272,0.8564981743771714,20.428283747985997,1.564272628451609
"TP_[0.0, 0.0, 1.0]_dt12",0.2,spring,11345359.536760224,233064.19312139548,0.0,0.0,244428.55854046534,9445.021612385228,0.0,0.0,2109.6398628157744,63.753366606003766,0.0,0.0,16972626.585724223,329351.7052912903,0.0,0.0,251200.81550912742,9607.866279532249,0.0,0.0,1925.4606797906574,59.967221172325075,0.0,0.0,11867.166666666666,440.81307451874306,11424.5,635.0000787401526,11095.833333333334,643.4352855312384,11483.666666666666,475.01059637303524,12174.333333333334,899.2053528903547,,,-22.491096767208703,0.22586886149679133,5.697135494481913,0.24626202962648427,4.617380901317551,0.15748266208114622,2.5420665769211497,0.1283867182342764,18.222161989533475,0.3046713329424207,6.71870002305837,0.1585124173329783,20.4431611865361,0.7002691830564667,19.677215716124195,0.9820508489828887,19.11761954902903,1.1353827862307138,19.786033686675136,0.8701869260540285,20.97596986163554,1.5784080285910491
"TP_[0.0, 0.0, 1.0]_dt12",0.2,summer,13581515.513822779,226439.56995550302,0.0,0.0,238495.96027999444,8887.291499580899,0.0,0.0,1869.356096782114,59.128148100666145,0.0,0.0,18437888.583099145,332390.75667536375,0.0,0.0,244662.99491508547,9063.5604541808,0.0,0.0,1703.6721099564074,55.65513271814708,0.0,0.0,12092.333333333334,467.62748707348914,11504.0,634.8634498850914,11178.166666666666,652.0639283587668,11698.333333333334,474.6580523562904,11892.0,888.8142663121469,,,-13.777706470687841,0.19760521951374935,5.947555570437996,0.2100097822888155,4.521271456787017,0.08000094169121075,1.9750492759387601,0.10693134743744413,20.682288592806845,0.34555285854956186,8.807417016870817,0.22414352877528107,20.716849751123718,0.734710142741756,19.705484430868356,0.9685624608245954,19.154258288430913,1.146463258640796,20.04596197977222,0.8751413260540436,20.37744554980479,1.5501764322161085
"TP_[0.0, 0.0, 1.0]_dt12",0.2,winter,17187941.251384955,268804.84553026594,0.0,0.0,218024.71243152043,8501.963433706549,0.0,0.0,1972.2029114691322,63.711300027515094,0.0,0.0,22962661.115181074,392504.93025144126,0.0,0.0,227412.27753550303,8792.847387762024,0.0,0.0,1801.3078161078927,60.24432598562944,0.0,0.0,11693.166666666666,432.27649330800654,11485.833333333334,604.6203491999477,11133.333333333334,642.9627257210688,11718.333333333334,472.533455605703,11937.0,902.2545095481653,,,-24.12879719024953,0.4751530434403791,0.10913345784674046,0.07428349442949675,0.8598055947830261,0.12296397372797437,-1.4332780016736042,0.06550314768033401,16.875925580842743,0.2630738460765541,3.0346570063641356,0.05128860298433306,20.170763955569495,0.699665825286646,19.810249655946315,0.9452740759971023,19.207773114982487,1.1338133986562617,20.21719278437177,0.863291569379197,20.594020489129935,1.5756985851106649
"TP_[0.0, 0.0, 1.0]_dt24",0.05,autumn,12295268.602277296,219655.53485746856,0.0,0.0,202035.9605936707,7152.751843193703,0.0,0.0,2144.305851939246,69.29549479598761,0.0,0.0,13719102.66813873,240225.8321110165,0.0,0.0,203600.03730781752,7201.716378126928,0.0,0.0,2095.1749029539783,68.85556543926239,0.0,0.0,12115.5,492.31890071375466,11779.0,645.2825737612941,11290.0,660.5621848092729,11610.5,465.9277841039316,12142.5,921.4147274707517,,,-1.222826352031572,0.25586669783190297,6.364391729633945,0.2563781156687721,1.4460238415240123,0.16971100975402606,0.618022580331724,0.16980385585921168,13.445584190672717,0.23332281581381656,10.474964425858682,0.18472827381892307,20.554813290740068,0.7698585033334931,19.980150634706472,0.9637385600715459,19.158218573281662,1.154418113327788,19.702672064193834,0.8661611982251495,20.604145437077964,1.5831869680132518
"TP_[0.0, 0.0, 1.0]_dt24",0.05,spring,11282637.355929203,229727.3014115094,0.0,0.0,246211.18849148168,9474.067571555124,0.0,0.0,2021.7982417285612,62.5687617119199,0.0,0.0,12493777.779195061,251468.022067452,0.0,0.0,247502.66524469166,9516.590341640953,0.0,0.0,1983.5389949451917,62.07814633168755,0.0,0.0,12102.666666666666,466.4464242189732,11585.166666666666,632.368062655497,11334.166666666666,658.8403195514571,11641.833333333334,473.1982318930058,12031.833333333334,916.4713670740986,,,-1.016253350488514,0.2058276580511666,6.218198941430621,0.24362357793965447,2.5420091394583992,0.10626701298053748,1.830816484139519,0.10114055714720367,13.37069962775431,0.2640049218483573,10.604313054841151,0.21478028917720085,20.618081899547967,0.7433257510302083,19.73294985770767,0.9642163517804826,19.31204342087157,1.1518234810490666,19.836793623696284,0.8714475380056674,20.500131198176508,1.5777426950871565
"TP_[0.0, 0.0, 1.0]_dt24",0.05,summer,13225354.715537744,229760.14332240072,0.0,0.0,239341.12986079566,8851.291071260724,0.0,0.0,1787.2680566276358,57.8728838503378,0.0,0.0,14415614.123848611,247137.79926972394,0.0,0.0,240473.7930911223,8890.369504050319,0.0,0.0,1741.3523771473108,57.41921062655219,0.0,0.0,12256.333333333334,471.5827251571738,11718.333333333334,640.9863233070319,11378.166666666666,670.2630578113841,11529.166666666666,486.05202053552506,11928.666666666666,909.1177408161536,,,2.374915110497746,0.2541853276238467,8.414685384686292,0.2888456532524535,2.4568113841971555,0.09313935707372711,1.6268076958940203,0.11723685654080233,16.24158732699377,0.3172171730839086,12.813556776666255,0.25528638373597146,20.83868304438872,0.7356653073617437,19.920320214537366,0.9647534415840312,19.34835560589302,1.1528441090314911,19.606455777490407,0.8887971619302609,20.28618535769049,1.5856752455456893
"TP_[0.0, 0.0, 1.0]_dt24",0.05,winter,17298654.02722846,263374.92206416285,0.0,0.0,220575.8700598449,8508.825722792539,0.0,0.0,1923.7432591444312,63.665576420593126,0.0,0.0,18873082.548369322,292989.45367131877,0.0,0.0,222250.97119410298,8558.990031423253,0.0,0.0,1871.1544335421404,63.114804203396446,0.0,0.0,11870.333333333334,453.5128076103987,11707.0,651.3533603198805,11203.166666666666,666.0781986123452,11700.833333333334,467.9023046178193,11903.666666666666,908.8356653799777,,,-6.80066477393304,0.05662002961612948,-0.5348270169177,0.04798124523785063,-1.9081304854713232,0.09401852661257132,-2.621571436787585,0.09924460316628957,8.873150075205979,0.17633418931279551,5.419228816768047,0.11282198592428493,20.329440299548647,0.7072437779283638,20.04584808494449,0.9835333819110221,19.190822378086704,1.174505859284683,20.043535029884463,0.8687350178439975,20.390354207535697,1.581783718346094
"TP_[0.0, 0.0, 1.0]_dt24",0.1,autumn,12284195.19751479,220542.041946302,0.0,0.0,202500.5106887646,7147.570746347544,0.0,0.0,2162.9827986144323,70.02540833738158,0.0,0.0,15438853.264488203,280145.48938813293,0.0,0.0,206157.8632534953,7265.70104106688,0.0,0.0,2046.2141439002723,68.39587892855293,0.0,0.0,11871.166666666666,468.8626309130071,11684.833333333334,629.8128028761138,11239.833333333334,642.4186848673279,11621.833333333334,476.90477735777256,11943.0,899.5970208932443,,,-10.114853571845488,0.3193840899659901,6.448837098673667,0.25867583518131554,2.0583904645734847,0.18425053953158266,0.3891729858253658,0.1791026680364455,16.36014090962779,0.2887102719792234,9.695341265218188,0.18522827036236045,20.33938675513747,0.7375966359880265,20.01653428799886,0.9498531670980899,19.26094028669955,1.1223152610086775,19.91635683665066,0.8785469776624859,20.466781833513462,1.575658001231308
"TP_[0.0, 0.0, 1.0]_dt24",0.1,spring,11136109.156317517,230974.0804261634,0.0,0.0,243270.30527123087,9454.094877362002,0.0,0.0,2038.8138531746474,62.7949002484905,0.0,0.0,14260760.755027205,282619.6527183571,0.0,0.0,245994.92468336914,9535.977833287674,0.0,0.0,1928.7399647753182,60.66095726624447,0.0,0.0,11873.0,456.8557759293405,11439.833333333334,646.5580922598269,11043.666666666666,642.0868061770675,11513.833333333334,472.1975928217624,11900.0,926.5244735029942,,,-11.45692666380601,0.25887256969674816,7.436717453774651,0.2607613053858732,4.475871839120828,0.14719346057262428,3.004527682522465,0.1375786308742454,16.779367921498654,0.27773945567119757,9.851627068743438,0.20675653896509136,20.550531769115192,0.7276393854854643,19.796911789568153,0.9952032502686572,19.119441642350623,1.157773736444652,19.93344256083401,0.894369075699348,20.59967223813202,1.6084228765606832
"TP_[0.0, 0.0, 1.0]_dt24",0.1,summer,13321790.935314724,226212.69965919518,0.0,0.0,238948.8455389754,8901.354079926394,0.0,0.0,1805.559106545899,58.19307151056629,0.0,0.0,16015991.58855392,270331.11854846624,0.0,0.0,240992.24080564253,8970.871487018954,0.0,0.0,1705.1932687430133,56.84123736968593,0.0,0.0,11919.166666666666,475.1056373762224,11537.833333333334,629.5564840954834,11146.333333333334,667.5865986272239,11604.166666666666,460.3787209099335,11891.833333333334,903.2898575023784,,,-5.619556421889807,0.17441865016949534,7.746483604659478,0.23525703121424052,3.8148425469174705,0.11855879310731846,1.7888468029596944,0.12797367593892695,19.35416990915875,0.36225492087575833,11.920986707806689,0.2356617295073355,20.51365468068146,0.7604001541383283,19.8538921974276,0.9657065811855818,19.186673694650647,1.1716667649780583,19.975576677282415,0.859373438352736,20.470202749957874,1.5810333327034478
"TP_[0.0, 0.0, 1.0]_dt24",0.1,winter,17399185.709037602,265333.70245936705,0.0,0.0,223161.82384009063,8572.077893058258,0.0,0.0,1935.6314226155052,64.2382888365856,0.0,0.0,20781394.800319083,344545.4306597866,0.0,0.0,227477.6641785451,8710.971985428681,0.0,0.0,1819.405203793186,62.29557480943862,0.0,0.0,11688.666666666666,447.92573789264077,11564.166666666666,621.740594353197,11191.833333333334,654.3526317412244,11547.833333333334,471.93534161648284,11806.333333333334,895.357060991126,,,-15.887615697313487,0.24207865687992333,-1.1190616642331885,0.05355938257279121,-2.425495773055385,0.10634782858381411,-3.8252241262703452,0.11990188928293234,13.113800235177,0.23887015891125565,4.834983074869572,0.11764770485217318,20.220959383477943,0.6929688427693274,20.00254329070265,0.9499817403016582,19.36568607022031,1.164624378326506,19.981113310251605,0.8560654306611573,20.42969794534749,1.5899030997099448
"TP_[0.0, 0.0, 1.0]_dt24",0.15,autumn,12350190.583923945,218060.59546542578,0.0,0.0,202231.79676924428,7154.478801551905,0.0,0.0,2181.451582932663,70.47069185746156,0.0,0.0,16745797.266251815,317539.36440229224,0.0,0.0,208605.83510021257,7297.914677196283,0.0,0.0,2021.0167866180473,66.96496836899115,0.0,0.0,11712.0,438.9095578818034,11630.333333333334,645.6852690488353,11124.0,652.1487560365351,11535.5,469.9177587621052,11815.5,909.5578596219154,,,-17.05812694879455,0.39979041671769744,5.945920989141033,0.21667001186593007,2.526320998164329,0.15916512647391887,0.5216402145964073,0.14951255106555086,18.38978441676424,0.29781845204848273,8.924118255193463,0.17252119181579878,20.255656440394123,0.7048698054016551,20.110301138508202,0.9891207916868417,19.2425513290951,1.1671646790806733,19.954597599870784,0.8865530767605895,20.436893492131787,1.580459078942368
"TP_[0.0, 0.0, 1.0]_dt24",0.15,spring,11277936.37417756,233524.65341599658,0.0,0.0,243982.93947082825,9420.67795796456,0.0,0.0,2053.4362667879986,63.26406806331738,0.0,0.0,16234172.065207317,323116.53863289236,0.0,0.0,248891.31549200378,9575.275732837046,0.0,0.0,1879.3802590555179,60.1145245604122,0.0,0.0,11650.166666666666,446.1593512038791,11457.833333333334,652.6341752212081,11016.0,644.1434622815013,11512.333333333334,466.5501759368082,11909.5,915.2754230285002,,,-18.30100105473625,0.20643762197632534,6.257728753428473,0.2903193136810495,4.168259790400944,0.1325337329979508,2.7196069020889193,0.13267599319550083,18.509407432240828,0.3377346210959016,9.205114240392367,0.20260043384645057,20.243863568014792,0.7249762994943695,19.905365620890965,1.0085400549644665,19.145266395132126,1.151477298570725,20.00849803472468,0.8857112150190484,20.69700638123744,1.6036352028527543
"TP_[0.0, 0.0, 1.0]_dt24",0.15,summer,13336337.787188537,226563.11751516786,0.0,0.0,238086.23144240348,8832.797057638736,0.0,0.0,1813.3663091660062,58.78375839446058,0.0,0.0,17368627.28718439,307415.18087014474,0.0,0.0,242255.53107471173,8952.812437075696,0.0,0.0,1677.4834787644807,56.232228246741215,0.0,0.0,11976.166666666666,438.57561111701926,11634.0,628.9893480815077,11087.666666666666,651.6126661343126,11526.0,470.56901725464246,11923.5,912.2742460466587,,,-12.679810808766065,0.3455447534351051,7.645834310348601,0.1999142093195562,4.696535478646094,0.10685435102000414,2.142897778712229,0.14057593824912215,22.090768949247074,0.40978254319527546,11.540559593691668,0.24160355205305734,20.595044567340835,0.7032089730864501,20.003221409647743,0.9715648113749709,19.07003054816512,1.1462934315116788,19.824361601577497,0.8672623889682409,20.507341873268803,1.5890087968216522
"TP_[0.0, 0.0, 1.0]_dt24",0.15,winter,17331703.390668165,262983.168915455,0.0,0.0,219634.60406407993,8495.065466786476,0.0,0.0,1938.2217734426433,64.36947650886215,0.0,0.0,21902595.4444288,361319.6144239761,0.0,0.0,226214.2907310291,8679.366551513183,0.0,0.0,1792.3108707457222,61.74383249712306,0.0,0.0,11589.833333333334,439.330134029828,11644.5,641.008190275288,11064.833333333334,648.4490470859423,11619.666666666666,480.7422039582822,11751.166666666666,902.1581716454532,,,-20.12840145918972,0.26472228542264176,-0.7269642022785127,0.047288949080340766,-0.23818999103325736,0.07328949081050865,-2.1833406984444506,0.10313826035585597,15.676393880717582,0.27044217066810805,4.707690509025473,0.12246253770655868,20.095110137973062,0.6918594554591124,20.186375909940118,0.9856487315232185,19.18919840506443,1.1660186504630932,20.150940244920854,0.8906299137035282,20.378375302101535,1.5843492528182543
"TP_[0.0, 0.0, 1.0]_dt24",0.2,autumn,12184137.284426717,211771.8582827011,0.0,0.0,200139.77936613536,7026.183324634628,0.0,0.0,2181.5921626235745,70.42409017944667,0.0,0.0,18705035.76418049,345065.1801558023,0.0,0.0,210947.38824822113,7307.903595108406,0.0,0.0,1949.4823536881242,65.35920820401225,0.0,0.0,11731.5,454.30947601827535,11533.166666666666,648.4962348901237,11103.666666666666,646.8151719515137,11489.333333333334,455.3818910174917,11727.0,903.7136714690114,,,-26.307834162261134,0.36303439172822843,7.2100355625723225,0.262916547433824,2.9408712768935903,0.19962371853940916,1.5498280319771365,0.19232272715664647,21.726501341676993,0.30463956962615824,8.918219556467362,0.16599368304527248,20.371352698280365,0.7344567657887165,20.022499138148316,0.9914270003933001,19.28453433159814,1.153084091653028,19.955089284273942,0.8668605627909743,20.36652454769924,1.5878106353334898
"TP_[0.0, 0.0, 1.0]_dt24",0.2,spring,11244537.567675533,233589.91743876773,0.0,0.0,241865.3808508568,9431.56364261477,0.0,0.0,2059.7475814056584,63.406634993722285,0.0,0.0,17061388.591244712,333547.3840410855,0.0,0.0,248894.94492228958,9592.340778663263,0.0,0.0,1860.9507818735874,59.48519763244281,0.0,0.0,11726.833333333334,440.96549373694415,11368.5,636.5842442285232,10981.0,643.6452439038137,11453.333333333334,478.21738432084067,11892.333333333334,905.2528191984085,,,-23.13150855908067,0.27931621579593896,6.535514097900243,0.25872257413541383,5.493793093139403,0.1549693531482406,3.565117737029062,0.13275349188131016,20.963557464033396,0.3404145429609034,8.92600032843608,0.1913512374128421,20.420625739972255,0.7029556991736767,19.793031712248403,0.9878115447666636,19.125560527963042,1.1530712164050425,19.948255135646296,0.8890129290018265,20.712526884170003,1.6027198298271443
"TP_[0.0, 0.0, 1.0]_dt24",0.2,summer,13364085.159776397,226739.98499654146,0.0,0.0,237873.32565373043,8871.212961278427,0.0,0.0,1823.9704593988408,59.17219953229698,0.0,0.0,18272628.793753546,340427.75038855925,0.0,0.0,243876.06881020023,9038.331294875738,0.0,0.0,1647.0090509545978,55.084038384568004,0.0,0.0,11814.166666666666,464.685879564536,11432.666666666666,639.7645400197378,11040.333333333334,648.9861837255606,11575.5,478.0166315098252,11767.833333333334,889.9720033049731,,,-12.756978898847102,0.2513948483561508,7.453636995930295,0.21072583419108729,4.828359249771522,0.11023538834614177,2.2309793033873815,0.1465366412808572,23.321825117602284,0.3756842824327741,11.023297987450832,0.25252570123493623,20.498128250973014,0.7397701572776624,19.832815109479856,0.991902202543206,19.15927400750518,1.158137374313836,20.08824837855924,0.8914412779055909,20.421534253482715,1.570057568804551
"TP_[0.0, 0.0, 1.0]_dt24",0.2,winter,17063179.359328605,262247.10706888244,0.0,0.0,218977.85069662044,8494.685686813142,0.0,0.0,1943.8164571838017,64.28641147375822,0.0,0.0,22993156.331598505,393362.1888061981,0.0,0.0,228219.26106529054,8780.48358225957,0.0,0.0,1760.518035452603,60.591051938554564,0.0,0.0,11631.833333333334,438.12391702196163,11448.833333333334,611.5084354828366,10991.0,643.9748442291825,11673.166666666666,470.7761322185593,11840.0,897.6322186731043,,,-24.29341653685134,0.4037251670635815,0.833874593625371,0.03748800621505894,0.5074051282641866,0.11654546584328508,-1.8773943994273878,0.08910862115613344,18.76031709556727,0.3087845111071676,4.432269166071804,0.10298051427454956,20.19816323497679,0.7075761830149713,19.877396480253427,0.9567971934028903,19.088431519645667,1.1442871916625332,20.273214796749183,0.8662181524703488,20.562793968374933,1.582243613119598
"TP_[0.0, 0.0, 1.0]_dt4",0.05,autumn,12835683.327120066,226769.49051607656,0.0,0.0,203740.34637080343,7069.530966141262,0.0,0.0,2290.0888108691192,70.99270389461235,0.0,0.0,14040257.323224315,243334.1269147198,0.0,0.0,205607.09110163536,7121.457109222562,0.0,0.0,2257.7049168116596,70.88208592459141,0.0,0.0,12961.333333333334,489.16036906792317,12207.833333333334,649.1836155254279,11876.5,678.7962138963358,11998.0,459.8791145507696,12536.166666666666,906.893029340653,,,-3.592484455943753,0.18304875479660374,2.2486308382453597,0.23086862431846222,0.4724675019737769,0.1467623891655505,-0.22231236902469623,0.13677470354780377,6.727806569061539,0.16225436628875106,4.385339366965138,0.12707860053817138,21.04668794191752,0.7368562100998359,19.81916067481671,0.92212968232902,19.28824271885706,1.1271496382172845,19.486486844465592,0.8212702235093441,20.359421819943115,1.4950328601853864
"TP_[0.0, 0.0, 1.0]_dt4",0.05,spring,11670304.053315207,240255.97131273878,0.0,0.0,249395.9057032295,9535.009722462879,0.0,0.0,2162.2258534196285,63.343972676375195,0.0,0.0,12789472.926015096,258729.1974692226,0.0,0.0,251069.08251750958,9588.518961028303,0.0,0.0,2135.1516154912533,63.15956948324629,0.0,0.0,12840.0,470.39642855787076,12027.333333333334,643.8362110557829,11860.333333333334,700.6955591886302,11872.5,476.0347676378272,12530.0,910.5411577737714,,,-3.4068613295906967,0.20725156062048614,2.99633410347103,0.223116380820288,1.1368161318716894,0.15572714017846484,0.5601881666943865,0.14797115717175172,6.745349583297158,0.1802482726949231,4.391383010562698,0.14309207727454296,21.003498365609126,0.7282911805439198,19.670011123915156,0.9308869949869367,19.40277317029464,1.15370563245743,19.424400754496574,0.8480503258754096,20.499316585684507,1.5169184107279776
"TP_[0.0, 0.0, 1.0]_dt4",0.05,summer,14048775.653578727,237941.28264591217,0.0,0.0,243309.85390146018,8987.906687509994,0.0,0.0,1931.7132010312732,58.40265682983536,0.0,0.0,15055783.47881206,254667.69216207607,0.0,0.0,244847.8602213734,9033.518257938145,0.0,0.0,1902.5655100845636,58.193722358913206,0.0,0.0,13103.833333333334,480.80325151424154,12086.0,645.4530192043414,11973.5,681.7468005058768,11888.166666666666,472.24164012364116,12298.166666666666,916.3290711674858,,,-1.9605921201442094,0.19146348630058005,2.7120975836106638,0.23483345963084762,0.6823651259794018,0.0974961483600728,-0.004471066031912743,0.09236340024107446,8.481839172002905,0.24372175742442587,5.762146741726582,0.2174019618552083,21.35783060594865,0.7203193649232484,19.69500473687492,0.9239847727087397,19.517976026924778,1.1225575546032778,19.380569701608568,0.8423078670226904,20.04861892864308,1.5268276333660453
"TP_[0.0, 0.0, 1.0]_dt4",0.05,winter,17288450.45146969,268797.14520364703,0.0,0.0,217201.86946469537,8571.930734791184,0.0,0.0,1991.1818115130027,63.605841762702624,0.0,0.0,18703708.242677357,294272.7007657649,0.0,0.0,219244.66163147776,8634.992802357941,0.0,0.0,1950.7536951930895,63.21214937507087,0.0,0.0,12405.166666666666,468.0557303000001,11938.333333333334,650.428986643943,11737.666666666666,669.5630415925499,11885.0,481.9244754108262,12300.166666666666,904.0876985484688,,,-5.841926182608197,0.10615931289046665,-0.47510065826174985,0.04292234846702171,-0.5267981279809905,0.07394696577735253,-1.048902036104464,0.05624806339168586,4.9932230039874055,0.09556756483707507,2.1006090497961316,0.054470970038218006,20.58220439989044,0.7079331250757611,19.80435202517891,0.9594178938273268,19.478515914242212,1.1438403485952062,19.72312713877066,0.8570731336006202,20.41180052191778,1.5277905414752226
"TP_[0.0, 0.0, 1.0]_dt4",0.1,autumn,12872872.90894702,227397.3530669504,0.0,0.0,203590.0612642716,7032.333560866168,0.0,0.0,2306.1714637675477,71.5775874685015,0.0,0.0,15522772.667595716,283415.5320876696,0.0,0.0,207968.4189458062,7153.69861163113,0.0,0.0,2226.4231072061816,70.25741709502064,0.0,0.0,12506.166666666666,482.65450030706955,12013.0,625.8255347938433,11665.0,678.0616491145918,11914.666666666666,462.81169676950356,12375.833333333334,902.4540800875504,,,-10.713160694476512,0.31110585802518304,1.9654091643680938,0.22753804591309745,1.1959427416745718,0.14462696706921085,-0.14884396703938982,0.13388015711426318,8.98973728832602,0.20178498688377128,3.713967594230804,0.12001162510518618,20.678519458935728,0.7373395163008487,19.859640723491747,0.9097368984332065,19.2903346939086,1.1344965927948008,19.70417304218441,0.8225241861880993,20.467332081479512,1.531668672824547
"TP_[0.0, 0.0, 1.0]_dt4",0.1,spring,11709425.93713741,242187.648983037,0.0,0.0,249589.8603035952,9512.880365928386,0.0,0.0,2176.8012645254794,63.730062467055305,0.0,0.0,14364500.403223151,293988.3354381864,0.0,0.0,252656.70282345498,9604.339176841198,0.0,0.0,2093.6896083265037,61.91075900616022,0.0,0.0,12368.333333333334,458.2814273638708,11838.5,642.9440877712462,11499.166666666666,659.4656675420388,11710.833333333334,476.6551863419369,12382.0,923.9958874367353,,,-12.266393963475196,0.21717249192294408,2.67129135364551,0.2361175310701134,1.8866088221669426,0.17834744455811624,0.4824185252351441,0.17473942223289768,9.658126152878962,0.1917430506915277,3.746855530162039,0.13858968693299326,20.68176967587269,0.7031323766412951,19.792024463997816,0.949003808874563,19.23230069580894,1.1418520126353564,19.586763411707807,0.8735695006204254,20.707141752612742,1.5531853012301116
"TP_[0.0, 0.0, 1.0]_dt4",0.1,summer,14136320.802598296,235834.55180378613,0.0,0.0,243811.14661068478,9011.291305486237,0.0,0.0,1951.3516020502168,58.93657643610784,0.0,0.0,16462600.0552596,273841.5582291076,0.0,0.0,246855.7016851228,9091.172828525225,0.0,0.0,1877.9689046752246,58.24861091689025,0.0,0.0,12559.166666666666,473.0646537912833,11839.166666666666,616.3097976396826,11695.5,680.7007418829513,11938.166666666666,457.0892327179308,12253.5,899.1054999275668,,,-8.565022105218086,0.07545119084147833,2.1055517114380473,0.20395926634765368,1.4734716942377597,0.08560441534980062,-0.2104489640865065,0.08510981992842455,11.177789888072022,0.27570742742816584,4.804050519232862,0.2031352339215,20.831308882098757,0.7246374647506171,19.63418068159977,0.9142048898676457,19.40140895290714,1.1442841935108807,19.80470640914124,0.8108200259609407,20.328395074253095,1.5277906799942809
"TP_[0.0, 0.0, 1.0]_dt4",0.1,winter,17319066.786613617,267789.9211477703,0.0,0.0,217977.59892763736,8595.163398952029,0.0,0.0,2001.033714192954,63.92420421333923,0.0,0.0,20105022.838293634,333850.8242464655,0.0,0.0,222264.88231431713,8728.24695431614,0.0,0.0,1918.9296594492205,62.587210377256646,0.0,0.0,12065.166666666666,435.0781155915185,11743.666666666666,624.1171898503251,11583.833333333334,656.9071217962758,11710.0,460.13824009747333,12035.833333333334,891.8568083872356,,,-12.115784013310494,0.2446634192298525,-0.6531494273298591,0.04269340426296861,-0.07521000775716556,0.0848756366469598,-1.409912925741528,0.050269523202381206,8.357018773783055,0.14133576874460926,1.6162275757452493,0.050105282842984655,20.40038291203789,0.6828864450806654,19.852930497273757,0.9310650731375972,19.589276620663373,1.1317416322380258,19.803409564694288,0.8398972090180628,20.35400040533069,1.534210428750152
"TP_[0.0, 0.0, 1.0]_dt4",0.15,autumn,12923239.886855768,226574.3253547282,0.0,0.0,203713.72823265812,7111.456908480978,0.0,0.0,2319.383712396265,72.11500433737189,0.0,0.0,16959685.146459565,325564.29880199576,0.0,0.0,210344.61016074158,7267.262286523076,0.0,0.0,2188.3695722392517,68.73206303557284,0.0,0.0,12136.166666666666,438.9493896415244,11967.833333333334,637.4400102493306,11514.833333333334,659.4647577139107,11840.5,469.7112943074714,12206.833333333334,909.6985031683115,,,-18.552815960722437,0.4018149587898068,1.5817013782270453,0.1901323910676676,1.7127358187140125,0.127644313888268,-0.20858345803258527,0.11109128525594344,11.628179549878775,0.2117911152216092,3.162481765623717,0.10671105161886178,20.33889242838727,0.6800528382853395,20.05292132402848,0.9406189115069727,19.301279883029522,1.142496410371322,19.847237856261376,0.8539837003870225,20.45966850829335,1.5350281996144426
"TP_[0.0, 0.0, 1.0]_dt4",0.15,spring,11767997.769714965,245322.46306788857,0.0,0.0,249888.30170283126,9549.993402525588,0.0,0.0,2187.1991821573633,64.42095904050544,0.0,0.0,16290658.875457376,345710.4359764481,0.0,0.0,255179.9496397451,9700.340927266492,0.0,0.0,2042.7945001256915,60.70614509070105,0.0,0.0,12075.833333333334,456.1505964773768,11797.833333333334,654.2581804354202,11367.0,650.5960344176716,11730.166666666666,459.31227576308765,12345.666666666666,901.1101301542822,,,-18.70988115510325,0.1954909602866228,2.1847496461624805,0.22964414754997534,1.7454457844777558,0.1821003202178497,0.36376149115971473,0.1622498143907491,11.418967667464381,0.2280957554095514,3.2875187096548832,0.12869669352633542,20.357261462500453,0.7211025936184233,19.88423773741268,0.9740194626197047,19.165557003830397,1.1290568866657997,19.77865516920654,0.8542673562697134,20.814288627049926,1.528412731452842
"TP_[0.0, 0.0, 1.0]_dt4",0.15,summer,14140649.273708357,233452.22699236538,0.0,0.0,242930.33558982916,8920.867179363653,0.0,0.0,1960.992484118275,59.358984407671436,0.0,0.0,17671354.10043219,301066.46353110386,0.0,0.0,248023.32181976168,9051.014959469541,0.0,0.0,1856.5641131553646,57.61335325534031,0.0,0.0,12415.333333333334,456.8039696266513,11886.666666666666,625.1657913439175,11497.5,674.0310823693519,11884.333333333334,476.2304764152194,12320.666666666666,908.5561439265417,,,-14.644649326617566,0.2699431110574582,2.075405447869822,0.17335720416241074,2.426146356939866,0.11991877558234934,0.15082280934549888,0.11567603130228336,13.768197606298136,0.35106042720680025,4.333887712843438,0.2031660108775173,20.689358652028734,0.706203240922751,19.805200971139985,0.9320276879708648,19.1627347597128,1.1464871086357427,19.80786014136963,0.8472688712088581,20.53484547574885,1.5390503696319908
"TP_[0.0, 0.0, 1.0]_dt4",0.15,winter,17297087.016795974,263513.9954062888,0.0,0.0,216397.94835720133,8522.080622850877,0.0,0.0,2005.4956778546104,64.40145105327205,0.0,0.0,21261227.042001303,357924.76208637404,0.0,0.0,223317.68360849234,8721.75728321106,0.0,0.0,1895.0443773301022,62.262229950373374,0.0,0.0,12000.0,438.2798192935649,11861.833333333334,642.0857938520884,11456.166666666666,676.3884731917501,11842.5,475.085150262561,12070.333333333334,885.5384049642719,,,-16.61023996810242,0.29472985955124004,-0.5257020144081489,0.04835124596665338,1.0475119765970737,0.08304810511828871,-0.6751800685267999,0.047352804412464714,10.839283386387848,0.17977465364030584,1.3972861311827642,0.050201359403680076,20.25845971806505,0.6836607391127603,20.021400327431618,0.9604026267069478,19.343851300939832,1.1747386895867395,19.99628667687301,0.8635937051131857,20.38000197669049,1.5124685420065707
"TP_[0.0, 0.0, 1.0]_dt4",0.2,autumn,12881081.042015994,221270.41009456865,0.0,0.0,202522.35827285753,6976.819549674701,0.0,0.0,2326.6098801246876,72.17058952172769,0.0,0.0,18410723.246304158,358319.1640838808,0.0,0.0,212583.2994099784,7288.640644892708,0.0,0.0,2146.9792843070554,67.27351797377952,0.0,0.0,12196.333333333334,440.48185736380424,11850.5,642.8059582797906,11470.0,664.7369404508825,11865.833333333334,470.737046201663,12081.5,910.6654160557541,,,-24.318819278404533,0.4860877888713312,1.9022285925536508,0.20884728914288483,2.1873831332128124,0.11180395573204645,0.37615280874463103,0.08275207322352278,13.792072658159165,0.21856899087615703,2.860613255783095,0.10551539096164904,20.509303163878887,0.6894519421549544,19.923530880536592,0.9516195744873759,19.290812222145597,1.142374983945523,19.95758599057343,0.8678556344471414,20.31876774286549,1.5469707826098684
"TP_[0.0, 0.0, 1.0]_dt4",0.2,spring,11760756.373897955,244925.5720026684,0.0,0.0,249459.90741879563,9502.622010559655,0.0,0.0,2194.506431509151,64.61774780450533,0.0,0.0,16988734.232934278,347812.00379452866,0.0,0.0,256459.48791054953,9692.972999939306,0.0,0.0,2036.101754903829,60.482418048305384,0.0,0.0,12024.333333333334,440.252503305395,11626.166666666666,629.937589501267,11337.333333333334,662.1180156638743,11760.166666666666,461.19384933741986,12345.333333333334,916.6730424020694,,,-22.60523406453854,0.2703236244677365,2.244909529025607,0.21933735758973555,2.6191887422646807,0.1858254035287361,0.5341962921997606,0.15792822543218693,13.520121472848691,0.24047072070449074,2.9643793289513347,0.12651120231262114,20.34689174010386,0.6948189688746783,19.669487578854476,0.9504959586079287,19.187667107361822,1.1528812747461086,19.903395018959888,0.8421128980297369,20.89255855471995,1.5656668839480823
"TP_[0.0, 0.0, 1.0]_dt4",0.2,summer,14112436.861144476,232680.65775118343,0.0,0.0,242095.78561609355,8934.688867175073,0.0,0.0,1965.6469413017758,59.70574736256971,0.0,0.0,18725719.36309861,331820.00358699355,0.0,0.0,248761.48683466483,9122.851126852052,0.0,0.0,1819.5433947276942,56.65107548612182,0.0,0.0,12343.0,466.29089632974825,11652.5,632.9473121832496,11435.5,648.5792935331809,11908.666666666666,454.56118033403044,12080.666666666666,879.1672575037508,,,-15.554328755843194,0.1532541785891841,2.2707120856826584,0.19334246848100858,2.920772022103056,0.08910957309562506,0.49442483186253444,0.08305705537210353,15.28445934982304,0.31283608949184805,4.107069475787985,0.2032452811770441,20.77079335205543,0.7182476756604698,19.604865486660117,0.9325889094542843,19.246965021351482,1.1166695032566893,20.044375439381934,0.8423259054778427,20.333000700551036,1.5056423178787637
"TP_[0.0, 0.0, 1.0]_dt4",0.2,winter,17220193.862217616,268614.6127730183,0.0,0.0,216041.52469632056,8500.644449938109,0.0,0.0,2009.0323450692167,64.0576779110574,0.0,0.0,22264444.491516124,383890.3626419999,0.0,0.0,225059.96563365668,8783.037351334664,0.0,0.0,1870.7865235425481,61.00962501277454,0.0,0.0,11950.166666666666,432.13952222247246,11692.833333333334,623.8667859941468,11269.833333333334,644.5834055160483,11863.0,460.0391287705862,12249.0,897.0554052008157,,,-20.354051665375597,0.4121373092682261,-0.07835416122947549,0.06564414006592596,1.8864171716399654,0.12707765488299233,-0.5094782413804921,0.04880091660126074,13.667857404778909,0.21763613609263605,1.2227943826997867,0.04537760721030969,20.24501269868586,0.6892752722137324,19.805805411100355,0.9538896598890001,19.095141374527433,1.1181134992658384,20.100426235534016,0.8352831185573035,20.753614280152334,1.5366653502765966
"TP_[0.0, 0.0, 1.0]_dt48",0.05,autumn,12720076.489808394,227854.68402875945,0.0,0.0,206955.94045229733,7312.508586201202,0.0,0.0,2117.1314539321015,68.76821927289225,0.0,0.0,14149136.078560894,247592.8498730845,0.0,0.0,208410.436011703,7359.192893312135,0.0,0.0,2065.508086921425,68.37263596768507,0.0,0.0,12110.333333333334,481.7396253856091,11744.166666666666,649.8801171498222,11211.833333333334,656.4636826715295,11572.833333333334,465.4436235105889,12168.833333333334,920.8940040344852,,,-4.3957246965981165,0.25798987289965847,3.1293170550672307,0.25601714671389536,-0.8826842733534007,0.18046508701180305,-1.8023599448149004,0.1827413998634333,14.671655335981185,0.2563920649168587,11.609856436337624,0.20405983815812584,20.59134748190103,0.7540162629574767,19.964890050877774,0.974884410812705,19.06754183744386,1.1513496676060653,19.682069314555825,0.8690170821475734,20.69415131522151,1.5835973262071519
"TP_[0.0, 0.0, 1.0]_dt48",0.05,spring,11501004.805878816,228045.38980518203,0.0,0.0,249537.6521156628,9522.561404900567,0.0,0.0,1975.2268373093118,62.252946297305876,0.0,0.0,12662798.347889714,249466.47921778934,0.0,0.0,250761.46145505426,9565.669697693682,0.0,0.0,1937.185760147446,61.765898047423015,0.0,0.0,12082.5,464.70323863730505,11532.333333333334,641.3562712460732,11228.666666666666,660.4449005531551,11540.5,469.80155385013376,11942.5,915.7378991829482,,,-2.3836174969412784,0.2274275353702615,4.402296070923308,0.22538634918892422,1.2578596686619148,0.10368317810697436,0.5034849278258696,0.10181409800486915,15.396319778705731,0.2991397463614144,12.664690587937637,0.255400299873877,20.714091311097718,0.7474238026812298,19.76704172576483,0.9826365407734756,19.253478323454853,1.162566467326075,19.788841875971304,0.8770091171075143,20.47654676371129,1.583327459427609
"TP_[0.0, 0.0, 1.0]_dt48",0.05,summer,13273898.76008665,229486.99784267126,0.0,0.0,243400.95264133776,8877.855034150496,0.0,0.0,1753.4798570136566,57.48653792651541,0.0,0.0,14457007.819511088,249536.39598413807,0.0,0.0,244457.4656014844,8913.286090909938,0.0,0.0,1707.263489407429,56.988792485127554,0.0,0.0,12289.833333333334,479.11226937604806,11723.5,652.4470093425213,11385.333333333334,665.2899117427434,11530.333333333334,488.4877344075967,11937.5,899.9166072475828,,,2.0947033231180856,0.2748599486498319,8.078443648580832,0.2758979905504984,0.8393507388186073,0.12651506993841613,-0.043431754099113935,0.15225141141726575,17.88201825266655,0.351960590814595,14.462604370799431,0.2959706537393375,20.87544005558428,0.7329619327762807,19.909710830042492,0.972453410258712,19.34277692969701,1.1535199408049241,19.58990079642199,0.8913767195072136,20.282171388254227,1.5708431117369501
"TP_[0.0, 0.0, 1.0]_dt48",0.05,winter,17345591.837193113,264846.74683727155,0.0,0.0,223247.18390733597,8570.035518341094,0.0,0.0,1898.0552494552073,63.158644448736574,0.0,0.0,18911359.962888326,291581.733521991,0.0,0.0,224793.37559931018,8621.795080209924,0.0,0.0,1845.1908434247582,62.73549578237235,0.0,0.0,11864.333333333334,466.08053667436735,11649.166666666666,645.5578724379919,11171.0,663.865649058603,11619.333333333334,476.95436539219,11836.166666666666,913.304640668527,,,-7.017410846569966,0.052810340438046215,-0.8075501096505727,0.02589580150866291,-3.074450516372254,0.10506110053301629,-3.865057463656724,0.11345161524745216,10.138241967991144,0.19842893698078326,6.682630163602553,0.12714683601446614,20.404543200188964,0.7259599524480396,20.031083205454216,0.9829727972708683,19.21639477629594,1.176878571478795,19.98743430953332,0.8761490451077238,20.360544508527557,1.6018730723910473
"TP_[0.0, 0.0, 1.0]_dt48",0.1,autumn,12418174.026771829,224713.93884186877,0.0,0.0,205776.4157823599,7250.013173403059,0.0,0.0,2138.227974020709,69.7304339414673,0.0,0.0,15656681.568414716,289611.78564198065,0.0,0.0,209058.34831882353,7362.039389329059,0.0,0.0,2011.328119826003,67.83585269932031,0.0,0.0,11818.0,462.98293705059996,11645.333333333334,624.5285154952229,11203.666666666666,639.999895833325,11603.166666666666,474.88879399988633,11949.166666666666,905.2521011666676,,,-11.668011812790908,0.375038897856118,5.428652677427938,0.28448401126159484,0.6803175886856905,0.1942918071739743,-1.2224749455259538,0.1902920115714761,17.786718754401566,0.31406388982546807,10.729387986607628,0.2057593227027224,20.29760422977112,0.7356583203794644,19.997490037535254,0.9488029547937147,19.245505839845464,1.1205475300561765,19.932810152316076,0.8831656558714451,20.52658974053209,1.5821654429610588
"TP_[0.0, 0.0, 1.0]_dt48",0.1,spring,11314831.069009773,231661.63365833246,0.0,0.0,246110.2602546482,9485.03857790955,0.0,0.0,2001.5410530683437,62.684151574909976,0.0,0.0,14609257.559881844,287548.6124442294,0.0,0.0,248991.43555787925,9571.691758093915,0.0,0.0,1883.7275081676635,60.24894562231339,0.0,0.0,11776.5,456.7637244790791,11380.5,636.5292609142175,10980.0,642.4029887850775,11479.0,474.9639986356859,11848.5,924.9531339478774,,,-14.181064365978655,0.3319908127396468,5.950765734790507,0.2567827724017216,3.3113080079088335,0.12452966937019877,1.8712090213879555,0.11664733698993345,18.722566318054206,0.31023515411081837,11.500776446918422,0.23985176233008776,20.4919397672748,0.7314252226519675,19.799248846271926,0.9870240612420375,19.1103613848296,1.1638525655792156,19.97871942751052,0.8983745984373082,20.61973057411316,1.615344280374599
"TP_[0.0, 0.0, 1.0]_dt48",0.1,summer,13240446.501932174,223889.05179405978,0.0,0.0,243833.71609110714,8948.173221653,0.0,0.0,1770.7372287127635,57.86115240645675,0.0,0.0,15948321.59311227,268858.30026721046,0.0,0.0,245571.257670964,9015.258015914733,0.0,0.0,1673.362409219713,56.56176034622664,0.0,0.0,11858.833333333334,459.3758446704254,11488.333333333334,628.1046621914747,11116.0,665.8270045589919,11621.833333333334,455.89052048344524,11840.666666666666,905.6137513679147,,,-5.17329288543366,0.14404135796473042,8.309682432334656,0.24180831132875696,1.9857137035096624,0.1324097572167196,-0.22062453909212487,0.15562544327558214,20.860437426929128,0.39566657377761333,13.62058677277119,0.27255218540240855,20.471295677622383,0.7441804071751142,19.82806671065285,0.9690507764574136,19.191818633168097,1.1721172536527797,20.065968321679147,0.8553584078694849,20.44285065687752,1.5838922060482863
"TP_[0.0, 0.0, 1.0]_dt48",0.1,winter,17424517.58266075,266751.86828895676,0.0,0.0,226552.57053189116,8608.669804708874,0.0,0.0,1909.293930780972,63.588489962757876,0.0,0.0,20759149.30298895,333658.3768334961,0.0,0.0,230589.9249953143,8730.425993922041,0.0,0.0,1794.0581779651602,61.906984602740664,0.0,0.0,11663.833333333334,447.6067098097021,11475.833333333334,614.6392166683369,11173.5,659.4794159031806,11464.5,474.3040164282821,11768.0,902.6419002018466,,,-15.764300771358045,0.21591756468313325,-1.2662037829614694,0.06087554773902396,-3.8283398869089855,0.1389244216296242,-5.404235844462375,0.1595749218449346,14.32485946766353,0.25825601962830397,6.130156663776396,0.12819161013897792,20.267029878164113,0.7066200616462904,19.937363144695247,0.9498737107720452,19.418809089837175,1.1747580565058633,19.924214773000077,0.8649082507094006,20.452583114303387,1.6043360991438835
"TP_[0.0, 0.0, 1.0]_dt48",0.15,autumn,12203131.945449501,220430.54729390304,0.0,0.0,203251.85714490866,7278.575074731931,0.0,0.0,2162.1981837985218,69.90769113647247,0.0,0.0,16785776.92598846,315014.5475266466,0.0,0.0,209608.18381007446,7407.514873273303,0.0,0.0,1990.327510813515,66.57617057982732,0.0,0.0,11713.666666666666,434.48482904086126,11592.0,641.1414820458898,11034.666666666666,651.538077679783,11551.333333333334,469.6265182745397,11779.166666666666,907.9998715124725,,,-17.337897570203022,0.3756635099473796,7.066336217081811,0.254718353196782,2.0589338182278705,0.18909268651347877,0.02108348875890835,0.19460072562800892,19.629669479275623,0.31673098234243774,9.727982405323479,0.18882082542054338,20.309955225887606,0.6964622332675865,20.094946481015395,0.9838363222946159,19.136650593616697,1.1710530741671754,20.032647893305185,0.8857084198648126,20.425799806175117,1.581307689785638
"TP_[0.0, 0.0, 1.0]_dt48",0.15,spring,11460869.543892108,233257.56668306846,0.0,0.0,248250.83287711992,9451.335686045853,0.0,0.0,2004.954165661332,63.02716161884497,0.0,0.0,16209863.54413685,323730.2653615048,0.0,0.0,253031.22298615813,9593.196162338905,0.0,0.0,1837.9965795895034,59.58949535517899,0.0,0.0,11596.0,442.2506076875417,11397.166666666666,648.971314209393,10978.333333333334,643.7765657948936,11483.166666666666,470.6954075266368,11846.833333333334,916.8281009364116,,,-18.12380961020578,0.2523235249555656,4.736668472805344,0.26631360274712895,2.572576210046926,0.11256953887894641,1.0162660917313657,0.11342779231158796,20.304608571866076,0.3656973028510105,11.350124221001685,0.2488119027837229,20.235721651139016,0.7244748453595157,19.884667418117825,1.0136798397323485,19.16124742096614,1.157839853216265,20.04273983899776,0.8920521523477921,20.675623670779256,1.6095170731186708
"TP_[0.0, 0.0, 1.0]_dt48",0.15,summer,13316238.169750134,228495.4467938895,0.0,0.0,241004.03772203196,8875.901365832438,0.0,0.0,1779.930694005584,58.326909426146024,0.0,0.0,17296026.801106464,317824.9978115178,0.0,0.0,245026.3546345509,9004.219976628934,0.0,0.0,1641.2204728694296,55.75713776875494,0.0,0.0,11946.333333333334,451.1131417578817,11590.166666666666,623.4675345731055,11014.166666666666,644.5809232878886,11508.833333333334,470.1069736418154,11900.5,907.9078697753423,,,-12.207790102995,0.3812872137026911,7.785216493422179,0.2167443582832806,3.6059037741118227,0.10397729464691753,0.9428306263113745,0.14654994774910504,23.775722652038827,0.4446077265848576,13.17231677848877,0.28003384758907063,20.610094266354793,0.7268923884734576,19.99218177540519,0.9622956059282297,19.004997471132494,1.1402195017821233,19.85891569254116,0.8714768209424443,20.533810794566364,1.5843997937248957
"TP_[0.0, 0.0, 1.0]_dt48",0.15,winter,17241210.069301262,262830.3347681032,0.0,0.0,221196.59715435433,8512.985102974786,0.0,0.0,1914.8293547800085,63.88994876823603,0.0,0.0,21805916.896907117,359207.1884492878,0.0,0.0,227830.1828896123,8705.324359194943,0.0,0.0,1765.0117759920302,61.33386680064417,0.0,0.0,11554.0,438.7883316588991,11601.666666666666,635.8127606982001,11048.166666666666,650.0545874514434,11568.833333333334,481.5501704564818,11724.666666666666,896.3335688607598,,,-19.598204608049667,0.2700535550350794,-0.20095687339228918,0.0539761753904422,-0.9547369289076547,0.06746575291068496,-2.9107138854988395,0.11361396041612865,16.961397786741582,0.2934952619147396,5.858168948225583,0.13499444381342487,20.093268867722635,0.6977368004145208,20.17254029782495,0.9797797191469668,19.217540189191222,1.166333250716599,20.123006992587246,0.8931965714389063,20.393643652673948,1.581772318698062
"TP_[0.0, 0.0, 1.0]_dt48",0.2,autumn,12282192.0909409,215588.0228978628,0.0,0.0,203540.74986588233,7159.227849981816,0.0,0.0,2152.6205312561997,69.87806927938051,0.0,0.0,19064464.742512748,352651.47719121055,0.0,0.0,214873.92594485174,7421.2482036790825,0.0,0.0,1909.9314831066931,64.78949045103765,0.0,0.0,11692.5,450.6700566933643,11497.0,648.4964147934821,11096.166666666666,641.6632813763516,11475.333333333334,456.6244262702844,11713.666666666666,902.9900700819843,,,-28.734823889589265,0.37233335303789294,6.463535950524516,0.25308374906417236,1.133946018337979,0.19147045136442042,-0.122901704198232,0.17566151251951284,23.315238708898935,0.3322679320949753,10.128196534955663,0.18655817634818453,20.342426548100267,0.7278027188447732,19.997986450536114,0.9966634175630757,19.308387771390834,1.147202101263808,19.968821092134505,0.8680333953854105,20.382378137838277,1.5908530506628036
"TP_[0.0, 0.0, 1.0]_dt48",0.2,spring,11377394.875134565,232315.8958534179,0.0,0.0,244823.44367321927,9459.463917683339,0.0,0.0,2016.1007404411241,63.23407170041798,0.0,0.0,17021936.571523294,335588.0842489345,0.0,0.0,251966.68708695113,9634.630188925776,0.0,0.0,1817.139704532583,58.92498745210559,0.0,0.0,11710.833333333334,438.1969496318597,11330.333333333334,639.6851308782054,10897.0,639.2968011807973,11417.666666666666,469.75681651963976,11875.666666666666,904.5807131852118,,,-22.84656828899244,0.3347350088725282,5.430657632179371,0.24433275012903352,4.32654377425203,0.15216108217887028,2.384603280329726,0.12240288948902471,22.825059194043064,0.37169421253829915,10.857122611167412,0.23985225796319104,20.460758025265022,0.7042869693013597,19.792153971790565,0.9960151643879914,19.042669455268125,1.1534759116213262,19.95251059712426,0.8828539739340404,20.751907950552024,1.5997189606934783
"TP_[0.0, 0.0, 1.0]_dt48",0.2,summer,13315466.501537392,228158.57981572777,0.0,0.0,241358.91469805376,8890.345208174918,0.0,0.0,1798.8498722442453,58.506936726451954,0.0,0.0,18391861.913999315,341380.6903949206,0.0,0.0,247721.7340669944,9056.267471283769,0.0,0.0,1612.6682631348012,54.78496774866322,0.0,0.0,11777.0,466.74832618875007,11404.333333333334,629.025489679605,11017.666666666666,649.5258783656483,11523.333333333334,462.14095973703377,11741.0,890.7955994502894,,,-13.49288620737529,0.25986050489409473,7.790507079880743,0.22734206117074962,3.326148069145699,0.10693942076104127,0.7969753353310339,0.15347899838278767,24.921515545808777,0.40757712514180483,12.248856705554443,0.27045234767297915,20.49327681349537,0.7530215156997927,19.841315830371624,0.9764296114327486,19.175476069411157,1.160260761678945,20.055915435345767,0.8685283401818765,20.43401585137608,1.572722929369184
"TP_[0.0, 0.0, 1.0]_dt48",0.2,winter,16989570.95811921,260314.73008606417,0.0,0.0,221333.55332196175,8499.341087448389,0.0,0.0,1922.6235776575625,63.897163772209524,0.0,0.0,22923253.23408885,390588.9098384949,0.0,0.0,230761.50457390794,8781.550020801797,0.0,0.0,1735.0499417354713,60.17276114082681,0.0,0.0,11600.833333333334,438.5979556115904,11417.0,610.7444637489562,11005.833333333334,642.7750513723032,11565.333333333334,461.2550993394728,11816.5,900.1450438679313,,,-23.915779995423197,0.4406844775086139,1.261611091288841,0.016938479523856558,-0.6022450459904171,0.10527675012366061,-2.974702229878984,0.11379727582392621,19.93607980107475,0.3283160610904495,5.474618334358652,0.12068057032307843,20.207347561922408,0.7138808322383597,19.88400584114135,0.9579011518894823,19.17400966887674,1.1478303609320921,20.148804758226913,0.8559135295111961,20.585832169832592,1.587269907899208
"TP_[0.0, 1.0, 0.0]_dt12",0.05,autumn,11820221.377502581,214381.44871949416,0.0,0.0,179911.33238888322,6589.128586154668,0.0,0.0,2380.2809366998185,74.46038260376938,0.0,0.0,12391727.23096879,222178.8414717641,0.0,0.0,181432.5132785871,6639.833497713435,0.0,0.0,2374.7210733673214,74.76842906438452,0.0,0.0,12233.833333333334,454.96084080574093,12403.0,641.5150816621539,11547.666666666666,660.7903348768556,11936.166666666666,469.1641148539245,12489.166666666666,950.229112723172,,,8.57153164139275,0.20127945053618046,9.982535497529716,0.2514134880743136,12.179523976531028,0.20033919158210228,11.504382733182778,0.18915476552073876,1.8938287149400683,0.10730287129479792,0.620456396882951,0.0863671875449085,20.183540979644032,0.704283913344793,20.458808623829583,0.933672869636245,19.053727420124847,1.1044681453463459,19.695796732875255,0.8342918987016825,20.608126243526282,1.5968322614439974
"TP_[0.0, 1.0, 0.0]_dt12",0.05,spring,10912575.101701893,225219.13060195668,0.0,0.0,223714.7388687958,9010.911768040873,0.0,0.0,2223.4867164847165,65.71814728945098,0.0,0.0,11502220.451768711,229641.45125519473,0.0,0.0,225458.56763350338,9072.219457417696,0.0,0.0,2220.826483539696,65.98443326074457,0.0,0.0,12474.0,452.24462406976136,12301.333333333334,675.9392477631898,11525.5,663.1364113061505,11846.166666666666,476.47262950422095,12801.666666666666,958.1980310283811,,,7.00051855376438,0.22153512154316055,9.29453394766895,0.2733543970863676,11.227185672172823,0.2065304414086366,10.80562389980225,0.20201356367760956,3.003797362775584,0.13004930259870154,1.6832360832348863,0.09814792740802981,20.46565943613021,0.702662670887351,20.177647250366984,0.977011697588178,18.912389238861113,1.1192857200390027,19.439315673632805,0.8576482761826256,21.004988401008887,1.5797196402874947
"TP_[0.0, 1.0, 0.0]_dt12",0.05,summer,13065368.030146137,220348.38857828378,0.0,0.0,214820.71325812675,8263.146937069198,0.0,0.0,1970.0992128829887,60.38415066796716,0.0,0.0,13580356.746828467,226619.06278303234,0.0,0.0,216462.8358580008,8325.698216615985,0.0,0.0,1970.2465407215384,60.64386913864153,0.0,0.0,12367.0,472.5818447634231,12234.666666666666,687.0492461728394,11362.166666666666,654.7193037223409,12031.0,498.8923731627895,12640.833333333334,926.735435098209,,,8.030915535157218,0.22015685376487173,9.522030974423934,0.2595006988064068,12.200240544206673,0.20202673818746925,11.709011105845114,0.2030054567695923,5.226768830921263,0.1801533870847323,3.8905777953510543,0.16780071270917996,20.39439833235881,0.7272195644652153,20.17175924479541,1.001400280359639,18.73998511291146,1.0984482720576056,19.844177372651362,0.8890419821428729,20.84967993728296,1.5610235405062658
"TP_[0.0, 1.0, 0.0]_dt12",0.05,winter,16424569.863977162,254947.2710586486,0.0,0.0,198387.6526548435,8083.221253854525,0.0,0.0,2103.139998648335,66.42954767647831,0.0,0.0,16984869.827796597,263558.7113838151,0.0,0.0,199866.5221402213,8133.544223203284,0.0,0.0,2096.8490609575842,66.71562894715372,0.0,0.0,12105.333333333334,472.275202256763,12268.166666666666,644.2460451307921,11488.666666666666,668.0130737243596,11898.666666666666,466.26072820543925,12516.0,963.9402471107845,,,3.884516811697134,0.07754782348712706,4.545455017836223,0.08860540980061084,8.36225231695005,0.1637039909959701,7.7078899769536156,0.15581597725240875,-2.1236343965394755,0.08381420531656478,-3.4050063231357264,0.08990385314874862,20.082015877409457,0.7405648095771946,20.34739397192124,0.9235439471494363,19.061661957583148,1.1298619968653132,19.743212402567426,0.853895712598253,20.76571579051873,1.6138124520395896
"TP_[0.0, 1.0, 0.0]_dt12",0.1,autumn,11907795.526350329,215904.19231587826,0.0,0.0,180344.24428940468,6598.608603453828,0.0,0.0,2380.7327034972177,74.23675395846536,0.0,0.0,13113110.173150092,222056.54608016726,0.0,0.0,183064.9304527474,6709.193676622504,0.0,0.0,2361.59711081151,75.51728271354297,0.0,0.0,12243.5,445.01719067919163,12383.333333333334,644.0458575805505,11346.166666666666,647.0151208949187,11705.333333333334,477.93583948754724,12407.333333333334,924.4271018672414,,,6.471718401879941,0.15545454133508307,9.315597755617082,0.2574731155591003,13.033008659152813,0.21127959173189523,11.291345099137912,0.18960706958148976,3.465332787386602,0.15538574344284817,0.6013363459001567,0.09465569004834,20.375702908059477,0.6932666194377233,20.604602953106884,0.9479090367475446,18.885177294048827,1.1032114819098806,19.483560923885694,0.8574816946013182,20.65095592089912,1.5565937147551343
"TP_[0.0, 1.0, 0.0]_dt12",0.1,spring,10914136.839731844,225151.91690802405,0.0,0.0,224371.66192830322,9031.219760572261,0.0,0.0,2215.549672661175,65.66636576949541,0.0,0.0,12261944.995402291,235653.0118522807,0.0,0.0,226944.44680747497,9140.999969372098,0.0,0.0,2192.9669935075513,66.00211394678219,0.0,0.0,12209.333333333334,457.6792180847482,12134.833333333334,674.5805857469267,11403.0,647.5455196354924,11720.5,471.92319290325185,12664.666666666666,937.7824196830873,,,4.164280761654265,0.17035676927153479,9.281530347430094,0.2782967951931199,11.877697295569858,0.2210303605015973,10.54363019178875,0.20148281293434153,5.375595720459708,0.17666289076838657,2.0343898479122227,0.1007177411182995,20.302679681576752,0.6977383764616137,20.174428952570697,0.983082030306257,18.966001514216256,1.1199777687139205,19.494129137208922,0.8573579666555142,21.062760714427373,1.572800315306151
"TP_[0.0, 1.0, 0.0]_dt12",0.1,summer,13114833.066817721,220682.958109296,0.0,0.0,215557.60193213457,8286.04834345011,0.0,0.0,1973.93000565502,60.51998896376918,0.0,0.0,14177306.01014334,235774.29093183222,0.0,0.0,218596.60121060893,8407.866057086396,0.0,0.0,1966.8245096787516,61.14187323050833,0.0,0.0,12286.833333333334,468.023681737011,12134.166666666666,665.2276051598178,11246.0,657.1824708556977,11950.833333333334,492.70981994137964,12569.833333333334,942.3891800454135,,,6.505538953722628,0.202101010856461,9.17947674114836,0.24389595478644546,12.756611940605518,0.20937067537296894,11.406081628091682,0.20325233545203222,6.975553551525336,0.1843974534227578,3.703762749409528,0.14376330067716858,20.413123627624532,0.7289561906265836,20.155096785995976,0.9726468854352869,18.686409302621325,1.1092748429634813,19.8586511489095,0.8840866616835327,20.886719134848665,1.5950322531354315
"TP_[0.0, 1.0, 0.0]_dt12",0.1,winter,16448090.829164734,259405.35239643918,0.0,0.0,199033.54564136243,8109.772745473314,0.0,0.0,2093.4726262112144,66.07323817952965,0.0,0.0,17559827.333940987,276270.34630338405,0.0,0.0,201633.89652010612,8207.745803112708,0.0,0.0,2078.8731583552008,66.8755614760326,0.0,0.0,12134.666666666666,459.9785502245367,12070.666666666666,622.5141497722494,11283.833333333334,643.3068992842113,11722.0,461.8064529648759,12271.333333333334,934.2566385456763,,,2.0765396085924155,0.1064254377541838,4.409047725529432,0.11101271705406754,9.218156110940269,0.18085206276743,7.407406600569144,0.1577860197308875,0.7173690535308279,0.07284422340402956,-2.929741895414941,0.0806328740072365,20.39911350243608,0.7161214295982657,20.287537570052844,0.9088045720164767,18.972423912273186,1.1166329287000711,19.709660404149336,0.8527851965124178,20.631264611088554,1.5788367844078621
"TP_[0.0, 1.0, 0.0]_dt12",0.15,autumn,11856154.610758916,214951.36265939628,0.0,0.0,180822.95661250126,6619.634809380037,0.0,0.0,2377.1832388437506,73.86172405333649,0.0,0.0,13567127.842927845,231444.48669580725,0.0,0.0,184125.74167755968,6728.6487473963425,0.0,0.0,2344.6179346272934,73.99493875042208,0.0,0.0,11988.5,433.1912972348358,12104.166666666666,631.7466000436144,11264.666666666666,642.3689490212506,11695.5,463.050213259858,12392.166666666666,933.9017971214457,,,5.159313987293651,0.23987268397588155,9.708870403067948,0.2562474350716439,13.968840019623238,0.22344524908338678,11.055928864864242,0.18973380531001674,5.3189551556975765,0.13522324113694006,0.7492605884165947,0.05931043784997113,20.1663540707963,0.6791287872918006,20.356701593295778,0.928380008489509,18.95128448092792,1.099406986888089,19.677282732123526,0.8495977323480065,20.84837712285648,1.5934312320918413
"TP_[0.0, 1.0, 0.0]_dt12",0.15,spring,10925690.69584415,225347.114039126,0.0,0.0,224784.16320042187,9030.40019503647,0.0,0.0,2222.3065808399724,65.87556433248679,0.0,0.0,13412998.992713755,242532.06619853125,0.0,0.0,227715.5294355567,9150.945377384141,0.0,0.0,2168.5996895324047,65.71802704011553,0.0,0.0,12063.5,450.1016551846926,12143.833333333334,676.6430127228588,11184.333333333334,635.5601204187267,11804.0,465.9643763207655,12591.666666666666,942.4492912972383,,,2.25436902890342,0.2613315918503176,9.1855026466357,0.2719081156891617,12.326373149696535,0.22514075395288613,10.378931828831599,0.1997223872588828,5.965126608524888,0.20793713348893214,1.7356260448986112,0.10307068237424108,20.176531441445956,0.7105350390988716,20.305965605472124,0.9934277315027118,18.709990320894104,1.111850586617916,19.746617001632604,0.8627253075817238,21.060895630555216,1.5689234377231125
"TP_[0.0, 1.0, 0.0]_dt12",0.15,summer,13149477.736445151,221016.1511569134,0.0,0.0,216033.31927400772,8298.483588074005,0.0,0.0,1966.5834061734952,59.92879718955402,0.0,0.0,14576346.72120368,231416.69385198585,0.0,0.0,219289.22377084673,8439.411917762001,0.0,0.0,1954.997451222768,60.874455124645145,0.0,0.0,12302.333333333334,463.4443512080676,11966.5,655.6839940093092,11227.666666666666,649.768163783566,11748.666666666666,465.7886502123753,12432.666666666666,931.5798766969297,,,5.43297883377846,0.2505032189384739,8.939515694310588,0.2531757517811662,13.735431380461259,0.2073885771647401,11.210480004423907,0.20367490979261632,9.196799691650332,0.25634203116822785,4.061688680962331,0.1597012661943964,20.613502340375717,0.7261296729565565,20.046214633824572,0.9616960136519116,18.81539260405154,1.107301763585435,19.68981705867487,0.8560334426111692,20.835073363073302,1.5862517144492958
"TP_[0.0, 1.0, 0.0]_dt12",0.15,winter,16493992.970089532,258797.0241009393,0.0,0.0,199366.12751532308,8103.179763340354,0.0,0.0,2091.946709063252,66.20909837106952,0.0,0.0,18076115.894359734,270546.77022519533,0.0,0.0,202992.1163076721,8249.850334780824,0.0,0.0,2075.211165528179,67.12045041503018,0.0,0.0,11939.166666666666,452.90326413779195,12025.166666666666,631.7570471840157,11146.166666666666,659.2530369036361,11703.5,456.2020385750157,12209.333333333334,938.569691960414,,,0.856743755386153,0.12746199753589169,4.142182961492922,0.09911917361848319,10.058379694960049,0.2060393417852682,7.252382399162862,0.15005994247569474,2.361226503144257,0.09885233541776353,-2.854479728705352,0.08214727991399147,20.226844717218388,0.7212613746926977,20.36850207016931,0.9419542477642698,18.886445308059454,1.1463403963599017,19.831251803446744,0.8410034955308002,20.68695610110611,1.603628902537435
"TP_[0.0, 1.0, 0.0]_dt12",0.2,autumn,11873999.237934671,214013.33339696605,0.0,0.0,181291.05938690886,6617.788273590735,0.0,0.0,2382.4378232271256,74.07351772975615,0.0,0.0,14176436.373257354,247633.11068110503,0.0,0.0,185693.96330276132,6786.403795074435,0.0,0.0,2343.1799850480443,74.06525199306455,0.0,0.0,11894.5,431.0516210385944,12216.5,642.3985523022293,11119.833333333334,648.2614955916071,11545.666666666666,459.5326611533362,12333.5,932.6023268253197,,,4.2708089403727305,0.23308239968855737,9.572862221844746,0.23992146383360868,14.564984318294998,0.2379507699397859,10.825389124535258,0.18716897522320775,5.914779237554221,0.1604867164835386,0.5299180544059467,0.08936699307934538,20.121891895896365,0.6927569909098472,20.66263108288202,0.9675541867896107,18.81395957948879,1.123254261386594,19.535128483933423,0.8452853050241657,20.866388957799405,1.5878095216033576
"TP_[0.0, 1.0, 0.0]_dt12",0.2,spring,10950630.665708559,224340.35983525476,0.0,0.0,225220.81487111744,9057.443146442189,0.0,0.0,2220.500730588577,65.39986661282336,0.0,0.0,13656503.884267932,250910.21695575683,0.0,0.0,229040.75975457105,9208.77374687683,0.0,0.0,2173.563012428393,64.89061754407534,0.0,0.0,12015.666666666666,445.2710036221385,11840.333333333334,641.0874095368483,11088.0,634.6825978392664,11605.166666666666,461.99671716005383,12563.333333333334,945.6243792683576,,,1.4396882754178886,0.21840229928800906,8.978028611096265,0.25329142492662415,13.037033952383169,0.23401215458440608,10.204972621149949,0.20068500677221254,7.68210775938779,0.20817264338840485,1.8150271655278287,0.0865704228184448,20.325807326732594,0.7101769894713724,20.02542188749842,0.969549933399028,18.76023870129248,1.1190355116926853,19.63500332162573,0.8504309960703894,21.253528762850774,1.5967469781343164
"TP_[0.0, 1.0, 0.0]_dt12",0.2,summer,13203615.044607108,225510.4345807247,0.0,0.0,216084.32301055093,8304.76918597992,0.0,0.0,1963.8178282254642,60.18143913124157,0.0,0.0,15636083.321332231,249001.51542059943,0.0,0.0,220075.14614333175,8476.41516729249,0.0,0.0,1917.7823660236336,60.53540620106525,0.0,0.0,12323.333333333334,484.0899365476076,11912.833333333334,652.2191094001055,11020.333333333334,630.0503683569009,11654.333333333334,471.7684460269324,12302.5,900.3798642795163,,,3.5090072869465163,0.193881522285476,8.564931384433653,0.2649258252233711,14.120334435532811,0.202546521285815,11.189574406737883,0.20467975842202094,10.711652250189964,0.27844190156527204,4.197020985909976,0.15660649300646862,20.80988384292814,0.7434806076425424,20.11305550945242,0.9691289192673859,18.613432667108796,1.0960616177879066,19.684595624525766,0.861687463979852,20.779032355984878,1.551952418462652
"TP_[0.0, 1.0, 0.0]_dt12",0.2,winter,16476605.12803118,259288.07377147555,0.0,0.0,199895.70608199158,8123.398537580484,0.0,0.0,2091.461423911214,65.96414444949998,0.0,0.0,18356367.165927544,281455.98985985195,0.0,0.0,203841.8332932645,8280.358780174738,0.0,0.0,2074.221334947944,67.05810240307582,0.0,0.0,11859.333333333334,436.0631452744737,11930.666666666666,644.141806333564,11126.5,656.0136431508114,11636.666666666666,467.72627322683786,12241.5,933.4751737459331,,,0.7695843441779124,0.09733273723358632,4.243301898299183,0.09927762395645673,11.140885866222684,0.2174768309569332,7.006002080802491,0.1487312034189064,4.279230261700297,0.1590709011985598,-2.8309179291279083,0.07007367129302197,20.17004047084894,0.7048638849441193,20.28686057442482,0.9666063446096506,18.92638811671834,1.143054275133367,19.79518983194832,0.8750021562085739,20.82152100605958,1.5922648750894162
"TP_[0.0, 1.0, 0.0]_dt24",0.05,autumn,11502016.60899596,210100.40334546662,0.0,0.0,173023.8613946538,6600.999926137666,0.0,0.0,2385.44202481516,73.70129077393608,0.0,0.0,12129688.50729154,219777.4346027337,0.0,0.0,174278.28346774218,6646.413428086079,0.0,0.0,2373.5424559567555,73.84730559061634,0.0,0.0,12141.333333333334,450.80757166075455,12121.0,633.4887528599069,11418.833333333334,669.7332055876178,11873.833333333334,462.87683747047305,12152.666666666666,950.3748032574659,,,10.505082409004492,0.23662336540215895,12.405937151861151,0.2746968041473218,15.646138942162326,0.322986376224366,14.895930828413483,0.3121272287265159,1.9415576204309073,0.10850367883752533,0.4039653138334233,0.10127287871021039,20.333731311884396,0.7133425408734644,20.29586909772443,0.9425369601421051,19.125916503922195,1.1377873078781282,19.88909476985252,0.8400056604820487,20.35538831661646,1.6124605211718706
"TP_[0.0, 1.0, 0.0]_dt24",0.05,spring,10652801.188759437,223059.37976183355,0.0,0.0,217664.5628423509,8963.730435101446,0.0,0.0,2239.2558523870744,66.73733439081053,0.0,0.0,11347006.760309553,228491.97907287625,0.0,0.0,219206.13808039878,9020.45957517527,0.0,0.0,2229.33782865773,66.8921625456326,0.0,0.0,12323.666666666666,462.0318892313246,12179.0,680.818918656055,11425.833333333334,655.393444174312,11728.166666666666,473.0540842933997,12293.666666666666,952.2708998319056,,,8.255795246531948,0.1882591707784512,11.45426657820373,0.2592618291575908,13.69152551139296,0.2707867461854566,13.220299389739276,0.2654250058053486,2.632746137610097,0.13671912733371905,0.986555203707001,0.10200898950282684,20.5555336663436,0.7235232028967569,20.30902877246967,0.9884813206210948,19.061337669803937,1.1281744029182903,19.56672253102782,0.8780639027695053,20.507377360354965,1.594167904396488
"TP_[0.0, 1.0, 0.0]_dt24",0.05,summer,12664885.620944908,218142.82927115925,0.0,0.0,209360.5333571996,8238.60619468776,0.0,0.0,1947.4412122882004,60.688675710534596,0.0,0.0,13226235.37292412,224119.32170422142,0.0,0.0,210755.51666242862,8297.778832776312,0.0,0.0,1942.5242116793597,60.8388203374078,0.0,0.0,12056.333333333334,462.5596898419344,12019.166666666666,686.3504692696484,11279.166666666666,659.7500789440395,11816.5,496.19139452433063,12252.333333333334,934.2380139272146,,,10.429449137526424,0.20040153750795184,12.295817615447689,0.2544883156756429,14.517572357585736,0.25688282993191686,13.955473637288122,0.25472236101585527,6.561572598984996,0.1612284416018387,4.99718517282804,0.14125132387544015,20.28771408212981,0.7293858699231432,20.22060518356415,1.0247020058477037,18.98238709542787,1.12593643922797,19.888236947733066,0.9086269555626953,20.6210566911451,1.602215968855151
"TP_[0.0, 1.0, 0.0]_dt24",0.05,winter,15945595.893973397,248930.20899340088,0.0,0.0,193185.33677549372,8047.718006721303,0.0,0.0,2137.9256778207946,66.5224085055751,0.0,0.0,16508529.477737984,255965.11320178883,0.0,0.0,194554.31554492898,8093.3443404989885,0.0,0.0,2130.06270226564,66.80780861895666,0.0,0.0,12017.833333333334,474.5146643325861,12076.833333333334,637.1720071273273,11292.833333333334,665.9454682379535,11853.666666666666,458.4110237185257,12360.166666666666,974.4790232050491,,,6.5800013050970785,0.1377483370062481,7.329141110995919,0.15107964287438053,10.800495080211425,0.23670117077694644,10.130748173424832,0.2282219308312268,-3.7425158121613893,0.09863980305371003,-5.116644723556592,0.12433978983727302,20.16271130903674,0.7518756256372358,20.257466167370826,0.9362892301102557,18.949704822763113,1.1518797882956426,19.891066458564463,0.8411873607928725,20.739051242264857,1.6420360429900214
"TP_[0.0, 1.0, 0.0]_dt24",0.1,autumn,11579552.406390572,212137.7583048994,0.0,0.0,173328.17944054928,6605.501895761418,0.0,0.0,2386.653647468201,74.10779149395367,0.0,0.0,12845185.326647043,220560.3786020837,0.0,0.0,175638.94890826906,6710.827349235273,0.0,0.0,2360.0513471928175,75.14185052630579,0.0,0.0,12097.0,453.2637201453476,12113.166666666666,641.482475728423,11223.833333333334,652.1774042901725,11660.166666666666,481.81881103446614,12053.833333333334,930.8459414246091,,,8.38290896484995,0.19888938335725265,11.815506872241519,0.28816130361541237,16.564485865184448,0.3329937476903137,14.746144401371415,0.3110203467985114,3.528144753487826,0.1536482403443004,0.3537624584300411,0.10762627516456184,20.451069217009543,0.7213447019760322,20.474560486022185,0.9634866855410442,18.97808486445556,1.1360392751461725,19.71628219934581,0.8829518318833135,20.380003233166907,1.5809818990369713
"TP_[0.0, 1.0, 0.0]_dt24",0.1,spring,10638128.194418686,222776.76442986642,0.0,0.0,218348.1211432245,8992.610840717147,0.0,0.0,2222.7332287131608,66.50679077659537,0.0,0.0,12113492.574699411,237225.71165053392,0.0,0.0,220541.36919469142,9088.316676110395,0.0,0.0,2194.175651937507,66.60154536327512,0.0,0.0,12106.333333333334,472.31712510416855,12056.666666666666,667.1922261737367,11302.666666666666,659.4784808215253,11653.666666666666,469.98964527600657,12163.166666666666,939.4590819544335,,,5.325132752933555,0.15314603652512793,11.57623520502159,0.25895305264173335,14.366519765626725,0.2871464645364984,12.947783165840336,0.26703239015713237,5.324038651209308,0.18277858631582816,1.7174329026142994,0.10797614426180836,20.419970881127924,0.734325435987096,20.331746635085825,0.9826370655565254,19.068663850616257,1.1550348853092478,19.66105778990126,0.8715100333745864,20.518560843268734,1.5947396809278662
"TP_[0.0, 1.0, 0.0]_dt24",0.1,summer,12791863.712054467,218647.3514548566,0.0,0.0,209983.26668160188,8249.596162762404,0.0,0.0,1951.2000415377715,60.51639362776644,0.0,0.0,13907236.07312593,239186.36153029982,0.0,0.0,212500.25929909185,8356.587284880838,0.0,0.0,1934.238681558657,60.68252458214575,0.0,0.0,11995.333333333334,464.5297263541559,11933.166666666666,657.9293021796997,11158.333333333334,660.7879135294978,11734.5,476.24730970368745,12203.666666666666,945.7011508223235,,,8.28726595686141,0.207416744840597,11.41635505524298,0.24729008619543588,15.19191440578986,0.26677263379240856,13.699359889284999,0.25330166947637217,8.517416537118455,0.1741801941825322,4.813457131932463,0.13540990471292777,20.321498013983845,0.742499964486488,20.21147828234359,0.9780516607333183,18.90610286288309,1.139063613314193,19.883815197462667,0.8881490554029692,20.677105643326808,1.6202089827315462
"TP_[0.0, 1.0, 0.0]_dt24",0.1,winter,16003785.157682369,251360.95511652663,0.0,0.0,193805.0106603149,8064.461660712509,0.0,0.0,2127.0942404923785,66.507847323012,0.0,0.0,17189712.310715273,268809.13429421827,0.0,0.0,196155.74536352322,8151.532799022271,0.0,0.0,2105.1884639727873,67.09649322386325,0.0,0.0,11996.5,468.77105286056224,11941.5,637.6506096601805,11125.0,645.5478293666549,11686.333333333334,462.59427867913246,12095.5,952.9748685038866,,,4.140322300647354,0.16139422113787025,6.991078502248727,0.15055205528226656,11.687013542742301,0.24891967916774616,9.842327963319654,0.22653946593583,-0.5401969930009168,0.057356796879745466,-4.583653624566498,0.10675071385099687,20.385314212886495,0.7387865016116721,20.287717908613022,0.9454643753545486,18.908405016967404,1.1375198429067552,19.862666682583782,0.8636648948782697,20.555896178949297,1.6255207060297974
"TP_[0.0, 1.0, 0.0]_dt24",0.15,autumn,11492688.177439608,209898.68059677674,0.0,0.0,173846.75899802166,6624.349815246691,0.0,0.0,2384.3083503587836,74.04901383100861,0.0,0.0,13206143.94006359,231319.61595683964,0.0,0.0,176573.59596988303,6717.354552465806,0.0,0.0,2347.6027528844684,73.94083882928379,0.0,0.0,11903.666666666666,439.664265851418,11888.5,636.3520252187465,11208.666666666666,651.9057191547463,11646.833333333334,455.54820454773676,12070.666666666666,931.989413387656,,,7.683293466854969,0.2655942222330805,12.47694981543278,0.28510240895536215,17.500996726458112,0.3357490116796993,14.491062539422023,0.31007881697285705,5.198223593399997,0.16136978757901224,0.4517187251932901,0.07478919423866309,20.271406032934756,0.6972614442808006,20.24107381565069,0.9444220013495417,19.09078363937346,1.1346523040929353,19.83809759381113,0.8524592442524673,20.558638918229963,1.6052975539378005
"TP_[0.0, 1.0, 0.0]_dt24",0.15,spring,10654444.990769813,223677.4886144998,0.0,0.0,218765.8274306578,8991.019440965021,0.0,0.0,2229.7616044376846,66.72260203351942,0.0,0.0,13307988.308884189,256104.6550705694,0.0,0.0,221126.68878078376,9092.534210569018,0.0,0.0,2167.7769404291703,66.32311600038484,0.0,0.0,11930.166666666666,461.79277459339556,12020.0,676.6609195158236,11117.833333333334,639.2403043196405,11679.666666666666,472.4500679084159,12136.333333333334,932.3507208484726,,,3.0216016208941454,0.14379133993945695,11.440687009988741,0.2596617869035254,14.865655268855122,0.2928887223798483,12.781000389825827,0.26342017456129385,6.0014493277099525,0.2212820682771638,1.406657202377355,0.1079419118801706,20.259194541446504,0.7263787797947476,20.406733916374986,0.9982637691262566,18.884322415611763,1.1377701911910008,19.838573661832516,0.888132875869911,20.611175464734227,1.5821911316691324
"TP_[0.0, 1.0, 0.0]_dt24",0.15,summer,12754979.84912839,219365.5817514997,0.0,0.0,210486.57109705996,8281.201459095762,0.0,0.0,1937.157487850902,60.56249786683303,0.0,0.0,14301255.951739201,234425.50264044225,0.0,0.0,213144.65600851178,8412.110778360153,0.0,0.0,1913.601335797425,61.34214144868153,0.0,0.0,11995.5,463.49832793657407,11826.666666666666,661.9615295972014,11185.5,644.1393482779949,11630.833333333334,461.0550581727377,12093.5,933.5606568402507,,,7.2183452120224,0.23560478952584238,11.671907078694367,0.24687456710479294,16.15508837061481,0.27295040234442947,13.492647930292442,0.2590578362138551,11.121578007330138,0.2713021581341195,5.499097320815717,0.15479012948959756,20.422912443909517,0.735327643859786,20.130874119976724,0.9898654464050893,19.04687725417269,1.1214368102540926,19.806311461284842,0.862842483524606,20.593024720656228,1.612616213607055
"TP_[0.0, 1.0, 0.0]_dt24",0.15,winter,16083049.356265819,254120.13747311482,0.0,0.0,194123.03411022745,8059.6547559409655,0.0,0.0,2128.212787140378,66.40165300871888,0.0,0.0,17755076.591884393,273736.34490697,0.0,0.0,197599.98192924247,8196.8592619977,0.0,0.0,2108.7704232274173,67.1731882838294,0.0,0.0,11839.5,444.5612443747207,11923.666666666666,627.1139184124896,11039.0,650.4555326845947,11672.166666666666,448.1684579113827,12046.333333333334,936.2422051299901,,,2.618053011725764,0.1833643212300253,6.530528561234995,0.15546914753553223,12.449876971726994,0.2710899832587256,9.694108688045139,0.21975609116762226,0.7809640428014472,0.07734490760633277,-4.63883425057802,0.11142457904981307,20.230294267091093,0.713775540610163,20.370107844707693,0.9444712026126466,18.865922179043192,1.148761569530446,19.948193023853545,0.8395902190027902,20.58548268530448,1.6035616561815274
"TP_[0.0, 1.0, 0.0]_dt24",0.2,autumn,11520417.246293323,209550.07377541694,0.0,0.0,174434.82128105732,6630.838167647418,0.0,0.0,2382.1439524284856,73.51657117364063,0.0,0.0,13884250.400169143,247284.05676775196,0.0,0.0,178135.6507313321,6760.054520491561,0.0,0.0,2335.7144994469504,72.77321699503473,0.0,0.0,11783.5,436.17920629025866,12012.666666666666,636.277507591355,11040.5,651.9075854751193,11514.0,460.2790457972207,12070.166666666666,937.6450110071864,,,6.244262298304917,0.26246223744013525,12.265730263082164,0.26639760321001665,18.045667113507125,0.34398016669177417,14.20157434860552,0.3086390270314918,6.213387046023438,0.17411848720305875,0.5415564077755965,0.11417868869454663,20.16917130529628,0.707791807287328,20.55753565058451,0.9711626266843336,18.899943898342013,1.1394400231834554,19.711246157827002,0.8530021676780815,20.662102987950203,1.6201663138893942
"TP_[0.0, 1.0, 0.0]_dt24",0.2,spring,10646141.410426306,222050.90244297063,0.0,0.0,219085.02377218028,9023.689786597952,0.0,0.0,2228.9215195348265,66.4064372156509,0.0,0.0,13611829.102835482,257465.8541496589,0.0,0.0,222494.65384214325,9167.016065885238,0.0,0.0,2170.6027936428877,65.87734872202395,0.0,0.0,11914.666666666666,444.2794916116052,11777.333333333334,648.3137100714953,11045.0,634.7837427029777,11546.166666666666,462.3000829187323,12073.833333333334,936.1776362777885,,,1.7629327670978485,0.22594305120729152,11.509537827316294,0.24080752452363047,15.52510043098255,0.3052705581901247,12.65399218032582,0.26922880402657284,7.808940777220322,0.22486406391465005,1.44349806062777,0.0961192423789752,20.415912307269995,0.716863439214779,20.176129773825483,0.9812173141355792,18.929393184912865,1.130958240404522,19.788582434247637,0.8729166056411176,20.689982299744024,1.6018637924678927
"TP_[0.0, 1.0, 0.0]_dt24",0.2,summer,12798261.759223538,219796.00602270928,0.0,0.0,210425.36279970524,8273.88292834324,0.0,0.0,1937.025297387704,60.421806236647946,0.0,0.0,15217564.722729765,244034.34363644378,0.0,0.0,213794.16990315574,8449.65593375871,0.0,0.0,1882.2748773100848,60.52810565823815,0.0,0.0,12028.166666666666,482.3390577868088,11748.833333333334,646.1970029848998,10991.0,639.4935496156311,11526.0,481.01600804962834,12009.666666666666,907.503755731439,,,6.091865669292659,0.18124791096343615,11.372127639636119,0.2553596711283166,16.573899028081602,0.27079996994328737,13.517747914801538,0.2564296661873966,12.3661880220846,0.2627965581768778,5.505395429011833,0.1452654391924486,20.6284036857214,0.7575198747807391,20.145668576608262,0.9771885745089989,18.853356888199567,1.1254517821675578,19.771606215396826,0.889752586633266,20.600964634073943,1.5876443335889028
"TP_[0.0, 1.0, 0.0]_dt24",0.2,winter,15933330.852055036,250178.49212782976,0.0,0.0,194545.86638097695,8074.379402059263,0.0,0.0,2125.1629225992015,66.09629823821808,0.0,0.0,17925516.766734403,275097.08896903845,0.0,0.0,197978.10801220927,8218.042866073662,0.0,0.0,2100.5725695896685,67.09423156764633,0.0,0.0,11780.166666666666,445.32299139688126,11815.166666666666,642.1054170980545,11045.333333333334,653.2398232400305,11597.0,460.66951277461357,12073.5,936.6121395753955,,,3.098634464775401,0.14324994833627844,7.400546971806524,0.13435109741618373,13.699455227876086,0.2832639131264878,9.497361669707399,0.21856447664618744,3.0621820204522794,0.13967942005238973,-4.489170100511013,0.13156582394761626,20.201283152806806,0.7194346398946853,20.25702545271524,0.9725050503018222,18.94479424032322,1.160875465707897,19.891201327738546,0.8680863279789244,20.705695826416186,1.6047376392244164
"TP_[0.0, 1.0, 0.0]_dt4",0.05,autumn,12422787.295607375,218630.23033781117,0.0,0.0,188939.1042475804,6681.284768577563,0.0,0.0,2387.341917052742,74.25372187183017,0.0,0.0,12961215.92017719,226158.40545678994,0.0,0.0,190770.7043434449,6732.449263320875,0.0,0.0,2387.669092939666,74.68173590966997,0.0,0.0,12600.0,445.685090618926,12715.666666666666,643.9989648024807,11993.166666666666,680.2365519925158,12484.5,445.48973052136665,12868.833333333334,951.0132315938968,,,4.369120742054085,0.17779526798350767,5.392981529572609,0.23085072093486322,7.656039136195889,0.09720679370096748,7.060408685250866,0.08653645134052171,1.3583875454941692,0.13741112143841577,0.3252130266951474,0.10881631100177074,20.1074390201987,0.6854786231195694,20.287924982800124,0.9094720605142054,19.140069803040696,1.0874355656809174,19.925804360202417,0.7749271956160043,20.53876183375806,1.5425649459808226
"TP_[0.0, 1.0, 0.0]_dt4",0.05,spring,11455126.853860334,240396.54945822913,0.0,0.0,234532.16367463488,9115.28474105748,0.0,0.0,2251.8035635132032,66.48005696393687,0.0,0.0,11998072.174388789,244746.30333785387,0.0,0.0,236520.74032996953,9168.371405001151,0.0,0.0,2254.2532503381517,66.65694037747994,0.0,0.0,12921.166666666666,471.0679002719956,12748.5,684.9521881124258,11895.333333333334,663.1128611832728,12340.333333333334,474.81771941100385,13002.833333333334,945.1597572192052,,,2.99212009869354,0.21564659936256872,4.785442045688144,0.27524375794583733,6.867135885820288,0.16087714946488788,6.488516119863447,0.1620993647259044,1.5435382054395055,0.12800655234101346,0.4310752955005778,0.09729857798660659,20.539080169769715,0.7104154503736398,20.259484189645704,0.9429965725823864,18.911008294554147,1.0790014931434537,19.619951294808633,0.8462165752896785,20.6704760512218,1.5087455302112547
"TP_[0.0, 1.0, 0.0]_dt4",0.05,summer,13790038.184501277,230119.0013997043,0.0,0.0,224932.44238437616,8355.913329046352,0.0,0.0,2027.2953375640354,61.545190618710734,0.0,0.0,14289914.46227508,233099.66563437993,0.0,0.0,226810.50350043763,8423.248701301058,0.0,0.0,2031.128040035436,62.02357448256323,0.0,0.0,12862.166666666666,470.07123573631577,12782.666666666666,692.5505517048315,11701.666666666666,652.0385469177929,12494.5,499.94029643548436,12821.666666666666,940.1671482596414,,,3.2252235712650896,0.19175283928400352,4.5035085724132555,0.24693545276756587,7.999404762022979,0.1433467911304532,7.549393397175208,0.152430707955388,2.297716683971781,0.16812638303328517,1.099687860996066,0.142121116936972,20.525171970021162,0.7049659282998583,20.39350624436164,0.9636596748006397,18.67555543388396,1.0566933436056498,19.942304562398867,0.8723960649346308,20.46346178933437,1.5256695410827534
"TP_[0.0, 1.0, 0.0]_dt4",0.05,winter,16836936.931176897,265611.8288236813,0.0,0.0,204520.63879327488,8177.845899260908,0.0,0.0,2066.4378282521507,66.21366828181381,0.0,0.0,17385549.57089809,273331.39419426734,0.0,0.0,206293.30531113766,8233.706092224827,0.0,0.0,2064.551112391478,66.64066048840095,0.0,0.0,12504.5,459.82377059042966,12590.833333333334,645.5315380883159,11933.166666666666,659.5047889641644,12420.5,456.350194477881,13116.166666666666,965.2277278791089,,,1.6173604981849599,0.105319097569296,2.149205641335037,0.11682850747254693,5.413187215285379,0.11708375824202623,4.852387293407257,0.11475067964753143,-0.5493551762668466,0.06785400005947853,-1.5992083482951631,0.060199438992468685,19.98587164859853,0.705726672377415,20.119391283939304,0.9020209295877196,19.07505437435844,1.0801641311336063,19.855076352053967,0.8106134823233331,20.96460634104976,1.5444062913492709
"TP_[0.0, 1.0, 0.0]_dt4",0.1,autumn,12483993.610481307,220060.43826904424,0.0,0.0,189455.91871977822,6691.741039644988,0.0,0.0,2387.349170473357,74.27416142466254,0.0,0.0,13657651.301194591,229176.97862789343,0.0,0.0,192852.9755473842,6802.955663304758,0.0,0.0,2378.195520408596,75.44283240710388,0.0,0.0,12609.333333333334,462.0137083103343,12626.666666666666,657.1534574714391,11694.5,657.7932045863656,12151.5,480.5191983677654,12684.333333333334,923.3111429343127,,,2.5876282928235996,0.1493279028593963,4.926887908893403,0.23561430394326016,8.379513945774052,0.10544598845511755,6.806068029373118,0.08957603932989355,2.786213768804863,0.16401638368091945,0.3249359362943814,0.10924103126518296,20.41330070755454,0.690785219454464,20.437585238109783,0.9345924724279648,18.93527719570626,1.0903437951543298,19.67577024161233,0.8395067743471313,20.538066617017083,1.5209262795997789
"TP_[0.0, 1.0, 0.0]_dt4",0.1,spring,11475481.151331304,240227.69342758058,0.0,0.0,235149.21835449323,9138.86224670653,0.0,0.0,2250.0262285844024,66.32985482500483,0.0,0.0,12716851.366106903,248636.62468396564,0.0,0.0,238291.51619078635,9232.252255049343,0.0,0.0,2236.5294918844725,66.70474445689474,0.0,0.0,12625.0,465.7737648258005,12545.166666666666,676.7718719529254,11783.5,656.6377235584325,12069.5,468.9608725682771,12838.0,929.8350391332863,,,0.6094516019646127,0.14478905577412732,4.616182462900443,0.2724514325146652,7.467122376889595,0.16756085665493203,6.242479742012292,0.16332802387388198,3.495292779499602,0.18185894751887874,0.5095716709975142,0.1041541834420714,20.407344158957105,0.6961682489603306,20.274197710128533,0.961525236106434,19.05079543204273,1.1000055384708736,19.513605996972554,0.8350639902162817,20.754056701899078,1.5130906543758773
"TP_[0.0, 1.0, 0.0]_dt4",0.1,summer,13812484.93196652,229546.44146943837,0.0,0.0,225648.13386367215,8372.364474317685,0.0,0.0,2029.5914267166036,61.56709156823312,0.0,0.0,14822082.579350203,248989.11146297524,0.0,0.0,229301.1921624619,8493.29202249354,0.0,0.0,2033.0830202888544,62.134883458444676,0.0,0.0,12751.833333333334,479.1611072141252,12653.166666666666,668.3473398366051,11605.666666666666,665.5664254352574,12340.166666666666,482.547994158785,12840.333333333334,940.7759917571593,,,2.2536516128978645,0.23569734149720176,4.34799861564366,0.2351357698493576,8.480389501054159,0.1393205270636901,7.255093874814818,0.1583910178463962,3.840563690692006,0.13941966732852604,0.9876275822887713,0.12614128464556792,20.50334034052369,0.7259351550361205,20.340168112447056,0.9353944751740478,18.66275318262624,1.0862142539088124,19.84527954671454,0.8512391647752803,20.64845881768848,1.5358656608213392
"TP_[0.0, 1.0, 0.0]_dt4",0.1,winter,16878201.03149317,266660.93485612277,0.0,0.0,205289.32641552194,8205.254177472094,0.0,0.0,2061.0075018386556,66.04673245685379,0.0,0.0,17918820.71757426,280018.23340435466,0.0,0.0,208427.00889494337,8308.762262649889,0.0,0.0,2056.142831153967,66.97857913349941,0.0,0.0,12471.833333333334,466.85047570573033,12360.333333333334,631.4030936467342,11643.166666666666,647.4109720005268,12146.0,445.61238761955457,12762.0,943.3834851215069,,,0.07445615985663095,0.0992127186245434,1.909426474314542,0.1106321644771951,6.157126065602316,0.11898288513582883,4.494721256566785,0.1124216212305412,1.8039945465235052,0.09682880550443933,-1.3322050421390297,0.054819259018090725,20.317247717748597,0.7244518138840662,20.131354201742273,0.8980789597286413,18.969851275121258,1.0805546644837491,19.790091681299927,0.8066872405451525,20.79145512408795,1.5415473771740893
"TP_[0.0, 1.0, 0.0]_dt4",0.15,autumn,12481406.502129765,219742.07059341227,0.0,0.0,190033.1739105941,6705.169647772156,0.0,0.0,2387.592306526053,73.98837678818506,0.0,0.0,14209568.188321665,237973.86446891818,0.0,0.0,194173.30729063824,6826.382634380794,0.0,0.0,2362.00839670161,74.20083349843087,0.0,0.0,12343.166666666666,437.8946981486147,12415.166666666666,636.710111955721,11542.666666666666,665.7650236131868,12081.0,460.03043377585357,12648.333333333334,926.3685371744157,,,0.6679683879742283,0.22011761046084624,4.946579200799949,0.22758009053363806,9.270658120344036,0.11864503913618495,6.522023768057849,0.08311088313943006,4.616317627424025,0.18290558741964086,0.3144726067735348,0.09582101862915157,20.22363301794158,0.6685489548285641,20.33772495702903,0.916688416186474,18.914167067719834,1.1028549535758192,19.7975810763114,0.8195120644994469,20.72689388099816,1.5465847862428381
"TP_[0.0, 1.0, 0.0]_dt4",0.15,spring,11485646.63236619,241325.21904261646,0.0,0.0,235600.79243152493,9142.437098058894,0.0,0.0,2253.0850842220466,66.52915008779257,0.0,0.0,13861783.976454271,263740.0287580186,0.0,0.0,239389.0098334547,9255.612501100006,0.0,0.0,2208.8962530955755,66.0298095043019,0.0,0.0,12494.833333333334,469.80354050035305,12524.666666666666,685.4889252691589,11558.166666666666,651.8332353191779,12252.666666666666,465.49915861005263,12750.166666666666,935.1109916296921,,,-1.0144883922062622,0.2025667897311395,4.531815381156948,0.2726165166235918,7.8274774343344875,0.1662305728647766,6.062242763457139,0.16377312249537407,4.216869930918779,0.18946622326032134,0.3744311968218466,0.09144520599755522,20.289341115841534,0.7184999539231902,20.333075005277323,0.9752708448754659,18.772046371169857,1.1024828196879433,19.900277515003726,0.8422188210617577,20.705259992707557,1.5158053212812572
"TP_[0.0, 1.0, 0.0]_dt4",0.15,summer,13845930.550973928,229900.04308410417,0.0,0.0,226117.6443192272,8396.678694041817,0.0,0.0,2026.8733468682694,61.51839682289856,0.0,0.0,15297399.810720375,248555.990360583,0.0,0.0,230385.85767127448,8539.583492841195,0.0,0.0,2024.458598639788,62.31369969899775,0.0,0.0,12810.333333333334,470.89602532477045,12433.0,671.236173041948,11546.833333333334,668.095028170893,12148.333333333334,467.2959091054262,12636.666666666666,930.579962532327,,,0.7556017782306923,0.20974570822477526,4.116384699436064,0.22524007778570282,9.366303002047896,0.14689838265453162,7.0622006862639095,0.1593637955929143,5.969801747876894,0.24329795479618424,1.120279074185688,0.12862935255058086,20.803453830880176,0.7158665546271766,20.185746139647957,0.9432048649063027,18.75356754435821,1.0928671935364174,19.732401045760113,0.8382197197476267,20.524831439353544,1.5428631745427281
"TP_[0.0, 1.0, 0.0]_dt4",0.15,winter,16904543.908251625,266731.7006670144,0.0,0.0,205619.51155988532,8192.176473912974,0.0,0.0,2060.188173894288,66.21696527714842,0.0,0.0,18390377.040298868,283342.2496945857,0.0,0.0,209985.30626526798,8346.615210147365,0.0,0.0,2053.4900948580207,67.2191850125077,0.0,0.0,12329.666666666666,454.79123415768095,12277.5,641.7522107480426,11468.0,648.2866649870258,12113.5,481.01174621832274,12617.0,935.7587295879209,,,-0.866330328155593,0.11132669847302086,1.756300784720317,0.10870236808381668,6.957169729453817,0.14806721943485793,4.340707115134767,0.10915343728301079,3.3842195339218204,0.1363822267906028,-1.2916568968107343,0.0617607839651858,20.276197716849698,0.7046708636902681,20.18679205332555,0.9398543642994425,18.861817046489872,1.091186971761775,19.923980898037893,0.8501592070242608,20.751212285296983,1.5567380328498888
"TP_[0.0, 1.0, 0.0]_dt4",0.2,autumn,12515152.013667667,218508.32012473175,0.0,0.0,190452.45473960077,6699.607689749071,0.0,0.0,2391.1390606374493,74.24600332073626,0.0,0.0,14790635.458611622,253508.4086105293,0.0,0.0,195772.4636574457,6874.673478651703,0.0,0.0,2359.3943852473894,74.28713022101705,0.0,0.0,12232.5,427.55713068547954,12425.833333333334,641.7704937644505,11369.0,648.5281798040852,11893.0,449.68566799487826,12596.666666666666,943.2587485237901,,,0.1227922368114377,0.267193006039909,4.689397490178584,0.21796262358850504,9.924421985448724,0.12234729321125024,6.315478247685434,0.08835602529712497,5.263431397462026,0.17602156639660158,0.1665408760989757,0.10885392284465999,20.212679122083046,0.6713712006557724,20.527938759570198,0.9355735548861259,18.788313913516877,1.0980016905756222,19.655138339389183,0.8186916908970668,20.815929865440697,1.5647294459039731
"TP_[0.0, 1.0, 0.0]_dt4",0.2,spring,11491898.166399539,239490.70686973477,0.0,0.0,236091.92585164576,9160.941654385484,0.0,0.0,2246.405043876628,66.09580223986636,0.0,0.0,14086421.243453423,264296.313608131,0.0,0.0,240760.98400188723,9327.858822142092,0.0,0.0,2208.0071588125948,65.67309769845285,0.0,0.0,12445.0,441.2341781865952,12121.333333333334,644.2541941397562,11396.166666666666,628.4767033603284,11933.666666666666,455.5996780800737,12772.0,947.2921407886796,,,-1.6624119208093904,0.2058661154765608,4.4795969254987185,0.25699318132436894,8.582842623511622,0.1662974945148286,5.866421324404768,0.16173563339292954,6.218949157646357,0.19693221481299888,0.6695516664619534,0.08994845459562935,20.512540329639126,0.6910250904052316,19.974825720074957,0.9392801346101919,18.78695957229496,1.0767265702857836,19.67322871853629,0.82626849103223,21.052445659454666,1.5575641989742013
"TP_[0.0, 1.0, 0.0]_dt4",0.2,summer,13898856.72700336,232980.85683513162,0.0,0.0,226365.4372868624,8392.193257917179,0.0,0.0,2021.0764982265664,61.23632415014074,0.0,0.0,16361304.754195184,261927.20697389025,0.0,0.0,231398.43087702547,8588.706204714357,0.0,0.0,1984.545904829319,61.84210914534095,0.0,0.0,12788.166666666666,487.48965800995904,12439.666666666666,674.3544073161133,11297.0,635.296466226596,12019.833333333334,475.7000805829935,12479.333333333334,903.0478761763777,,,-0.9662132757152565,0.18519186760972722,3.750031934413723,0.2481836780211506,9.697829236631987,0.13325264203263526,6.960186943722093,0.15650964196885686,7.602393122432848,0.2688606469842906,1.4029294682722326,0.14056762205664336,20.95429157920861,0.7263474795825309,20.378951513589666,0.956163373660494,18.514141523834812,1.062168260140505,19.699881530930313,0.8525678566806453,20.452733852436598,1.5175244400277947
"TP_[0.0, 1.0, 0.0]_dt4",0.2,winter,16890273.8983481,264916.2851780225,0.0,0.0,206121.35186833687,8215.277418968597,0.0,0.0,2058.0133201000917,65.77597609014249,0.0,0.0,18758957.686748598,287048.9942214982,0.0,0.0,211155.67758708322,8388.50213548771,0.0,0.0,2050.826081464867,67.29349443499972,0.0,0.0,12225.0,431.86016255264826,12156.333333333334,646.471551320448,11398.166666666666,647.2589641454699,11972.833333333334,463.12521704898217,12661.333333333334,925.9776815164968,,,-1.4068111009115996,0.1417356167953265,1.8391165742720477,0.11342318535786863,7.949979465263664,0.15996066566846712,4.107289799636766,0.10793088141183296,5.360068259298177,0.20462515679040802,-1.1852157108654557,0.052055239432115125,20.23476829425826,0.677280204462778,20.11679916468981,0.9445536891916252,18.868871161549972,1.0998002392203765,19.82111416288092,0.8462977883974337,20.95844721662104,1.5369806858189945
"TP_[0.0, 1.0, 0.0]_dt48",0.05,autumn,11278653.537545359,207883.4012756053,0.0,0.0,165545.107222122,6625.631194228321,0.0,0.0,2430.997872412028,74.5887269029079,0.0,0.0,11914983.173822066,216348.39297652247,0.0,0.0,166706.00209712217,6670.08425560878,0.0,0.0,2417.730248296373,74.7999983351655,0.0,0.0,12064.666666666666,455.67956577694673,11952.0,649.0272721542601,11373.666666666666,668.9450400942271,11807.166666666666,456.3697696678282,12089.666666666666,946.5310701010644,,,12.089238627815277,0.2465702507236479,14.107129726875604,0.29137302269346327,19.315457965267594,0.4736398724797927,18.57870785294538,0.46516894723568125,0.11560163648418786,0.08694110242467612,-1.498587684572019,0.07053762902463591,20.348571281845498,0.7234648038373304,20.15432340524769,0.9682884982311305,19.185312228810293,1.1414095085112732,19.917731098106277,0.8345660293723103,20.394061985990245,1.6255354652979155
"TP_[0.0, 1.0, 0.0]_dt48",0.05,spring,10490523.654733948,221305.50483101723,0.0,0.0,212531.70836487613,8920.085336006587,0.0,0.0,2258.997506936288,66.34197805505107,0.0,0.0,11225358.320478966,227480.66887166756,0.0,0.0,214162.93822974665,8981.519313208742,0.0,0.0,2248.9410606703736,66.49825918631824,0.0,0.0,12271.333333333334,471.585269772781,12107.333333333334,669.5896255667844,11289.666666666666,660.9815932888496,11687.666666666666,469.68485888589856,12252.833333333334,953.3296212048942,,,9.239558006591347,0.18874859971731037,12.803338672434103,0.2640011897747046,15.679252849979742,0.33943289667583176,15.268771545679561,0.33565482474559927,1.775565708166589,0.09992651405460554,0.11261167711553859,0.06845482930708824,20.585377761860745,0.7417979034701585,20.305488134998313,0.9826493089355153,18.942022336237613,1.1426179113019441,19.610616360210866,0.8715390594099907,20.556495406692463,1.6075744630798428
"TP_[0.0, 1.0, 0.0]_dt48",0.05,summer,12573970.869328966,220040.8455123931,0.0,0.0,205846.2664550582,8248.727145392004,0.0,0.0,1961.380820423362,60.2731366866769,0.0,0.0,13120473.904809447,225697.90581851525,0.0,0.0,207155.43785455287,8308.389522513138,0.0,0.0,1954.816737038954,60.48736853098651,0.0,0.0,12050.333333333334,472.11975881831813,11997.5,687.2832749310869,11217.833333333334,654.3844181111483,11837.666666666666,497.3842243845966,12124.0,938.2517785754527,,,11.145984233701247,0.21485778295432023,12.925726356716668,0.2635636396078634,15.979644204822721,0.3065934476838145,15.401656846453259,0.3012706198050979,5.96938326824955,0.15357673913062594,4.316104888613116,0.14129793466717858,20.344772163464853,0.7481502672696116,20.250884973915344,1.027107529418988,18.941967549729284,1.1254833103733055,19.989969640705535,0.9162799758314719,20.472405672184987,1.6093770029912264
"TP_[0.0, 1.0, 0.0]_dt48",0.05,winter,15390315.86488708,247200.8939940015,0.0,0.0,187068.41176179075,8035.562233386758,0.0,0.0,2176.8726561925737,66.87949130040072,0.0,0.0,16026143.867853438,255550.738904052,0.0,0.0,188358.21216995083,8081.249190318146,0.0,0.0,2165.1121839294624,67.1200693907816,0.0,0.0,11869.666666666666,461.6100807680291,11835.833333333334,649.4349595353384,11271.666666666666,661.0917233384988,11837.333333333334,468.3527160876368,12321.166666666666,978.3366325895535,,,9.31031104315922,0.118780827280311,10.556798304401852,0.1389661246089907,13.64496323128059,0.33644866005931795,12.98002041446685,0.327833206573662,-5.450621538793932,0.14603483932052921,-7.032730251527755,0.1751603900552989,20.07098443859495,0.7372159734586615,20.00921835530165,0.9653185316037874,19.06320395891006,1.1541283888819485,20.020523143774888,0.8755306046543093,20.836070103418454,1.6557617857919027
"TP_[0.0, 1.0, 0.0]_dt48",0.1,autumn,11371665.57511201,209100.04441450242,0.0,0.0,165913.57947371344,6632.318345740311,0.0,0.0,2425.1160862187317,74.78983746588263,0.0,0.0,12595114.868350111,222085.1822885896,0.0,0.0,168302.0273903243,6727.796137176648,0.0,0.0,2402.207432772886,75.67423048349268,0.0,0.0,12032.5,455.28309874187096,11947.166666666666,638.1734612679115,11163.5,650.026691759654,11650.666666666666,474.344459930404,12001.666666666666,931.8430483008748,,,10.167059187531631,0.22629387780841959,13.398729315151861,0.2965381816076827,20.053713716560253,0.4743486552902546,18.397349512645135,0.46545721890567054,1.8040901322147178,0.13820874575701395,-1.252603844490251,0.06422319003327945,20.46392278514462,0.7269628140874714,20.314868193188687,0.9616210175343044,18.98928135453849,1.1390272065565037,19.818401423479024,0.8778453117982645,20.413526243649176,1.5927459226746794
"TP_[0.0, 1.0, 0.0]_dt48",0.1,spring,10457087.16172602,220797.25808917606,0.0,0.0,213175.68239643902,8946.672796353078,0.0,0.0,2239.8570187809123,66.0994565535282,0.0,0.0,12015714.08414346,234938.45314190848,0.0,0.0,215142.94263387157,9048.057591663453,0.0,0.0,2210.813194391048,66.29429307592842,0.0,0.0,12044.5,463.66485741319696,12000.666666666666,660.3234560930474,11226.666666666666,651.0651785087775,11670.5,464.41134783723805,12129.666666666666,937.0792211262968,,,6.089290979865889,0.15042886955702536,13.081294678830547,0.2631228318974252,16.464844186580944,0.3593872203430856,15.012028578945769,0.3366883886914371,4.605341312968595,0.15282140736015726,0.9593161445854426,0.07905905797456202,20.38812849946815,0.7249452555867816,20.30971914889417,0.9823215267134288,19.00807118493314,1.1486374810554938,19.75951578577426,0.8644370438299741,20.534565380930275,1.5905159945838425
"TP_[0.0, 1.0, 0.0]_dt48",0.1,summer,12730074.481464406,220822.56070923954,0.0,0.0,206365.81891531977,8262.930335251169,0.0,0.0,1959.6377798706947,60.05000027220012,0.0,0.0,13775485.644951781,240263.53952296294,0.0,0.0,208865.31960015208,8372.251686083475,0.0,0.0,1944.3244542781513,60.18831462522799,0.0,0.0,11940.166666666666,473.7507431832341,11836.833333333334,661.6764818751432,11101.166666666666,660.5099292718211,11701.666666666666,481.22953636146104,12088.333333333334,945.2895147343311,,,9.15642945717652,0.20549627557430145,11.844560917621342,0.24921375627136375,16.644517877361547,0.31903938453765285,15.188036439127075,0.30230504367860933,8.039445316470136,0.15098552001977633,4.400942924524637,0.1289171464010239,20.350839586583334,0.7564732185335656,20.170194785024,0.9924526974697059,18.923728510378663,1.1472464388048933,19.948614640212018,0.8964615961421618,20.606622477801988,1.6343568098830805
"TP_[0.0, 1.0, 0.0]_dt48",0.1,winter,15560882.860336957,251551.48144179673,0.0,0.0,187839.75748987249,8053.220471637865,0.0,0.0,2163.392186264176,66.82796383810344,0.0,0.0,16764777.239767505,270128.3948436733,0.0,0.0,189848.7264419342,8149.4364779110565,0.0,0.0,2135.367978186779,67.47542385543495,0.0,0.0,11870.166666666666,463.71647228308206,11754.833333333334,642.8911001613466,11095.333333333334,647.2785078053082,11680.5,462.8458706740292,12050.666666666666,945.0370715832618,,,6.510588355886038,0.15402664595023588,9.56564031475106,0.14402798876700787,14.530344828133801,0.3543644001731885,12.620961680801011,0.32273653386747275,-1.9822784414440633,0.08122553527932845,-6.369430173630964,0.15539672259126483,20.306433491890896,0.7369071281619756,20.10460422010905,0.957098064976256,18.984716093143334,1.1435776656401875,19.98661058387241,0.8763453902376971,20.61763561098431,1.6242790452599445
"TP_[0.0, 1.0, 0.0]_dt48",0.15,autumn,11293356.248033233,207251.1676350819,0.0,0.0,166567.88080265277,6650.288098549189,0.0,0.0,2425.6014754409093,74.75136614390235,0.0,0.0,12985075.563687919,228801.60996654097,0.0,0.0,169168.87089834482,6752.088233718689,0.0,0.0,2389.505664731819,74.64636179478727,0.0,0.0,11845.666666666666,444.0219213807658,11733.5,651.1831539590071,11144.166666666666,650.1022740051492,11581.833333333334,451.6730749852894,12053.5,930.9119722078988,,,9.228777930062341,0.26907143249824383,13.99504939070919,0.29441525408913727,20.96470741443576,0.4818691327244068,18.075429933236716,0.4622567026709746,3.5054574480759286,0.15018103248955592,-1.2729332918973786,0.04835000314162134,20.296865211781938,0.706482436794344,20.100064477135266,0.9774237811700213,19.09782744280818,1.1367574885198408,19.848883832423443,0.848395361531844,20.65635903585117,1.6202657995831207
"TP_[0.0, 1.0, 0.0]_dt48",0.15,spring,10499289.91411326,222072.94808627135,0.0,0.0,213579.00345718733,8944.839614586928,0.0,0.0,2251.4344577502557,66.50361753373451,0.0,0.0,13242746.099595124,254462.65029849674,0.0,0.0,215840.7692642865,9045.362550174334,0.0,0.0,2186.7164489998063,65.95602163869644,0.0,0.0,11838.5,459.1630429379088,11946.166666666666,673.9882541014098,11096.833333333334,640.0673141683354,11662.666666666666,472.6121736335904,12104.333333333334,927.6522336881786,,,3.497010806210642,0.12589084572855586,12.730573892678832,0.25852609012044814,16.902759126839047,0.3598103232106275,14.850986025817713,0.3329263608257455,5.179254035688955,0.18791664995616494,0.44745162338177885,0.08315786373839938,20.184326320317723,0.7292178368443517,20.36305326686704,1.005464456992169,18.924066328609033,1.1392011481094357,19.88903489665516,0.8872084138271946,20.63951918755104,1.5837370801952426
"TP_[0.0, 1.0, 0.0]_dt48",0.15,summer,12649437.959473575,219481.0812252453,0.0,0.0,206703.42963979978,8290.689405930425,0.0,0.0,1948.0681815973019,59.92974500625215,0.0,0.0,14215597.273335064,231936.34972763225,0.0,0.0,209342.34170243217,8421.99448809981,0.0,0.0,1922.7717591249002,60.817730791620775,0.0,0.0,11968.333333333334,467.37764887365637,11794.333333333334,661.5009196264708,11175.5,646.9234112319633,11614.5,464.2386239855532,12005.0,933.9980728031508,,,7.773964924708899,0.23925448516072237,12.402981500360942,0.24388572952508647,17.652705611866725,0.32661617685821037,15.049461803376518,0.3081082126009876,10.694728486075048,0.24188653759369716,4.965657594072515,0.12471212886087961,20.43729404866791,0.7434580563353894,20.135464356911672,0.9889758959000808,19.08637494842058,1.12631971269881,19.837490869155356,0.8728168803163316,20.50337577684448,1.620542202609542
"TP_[0.0, 1.0, 0.0]_dt48",0.15,winter,15560257.784357565,250805.61144070403,0.0,0.0,187849.95817364103,8049.753818631198,0.0,0.0,2166.417870770015,66.88410303097235,0.0,0.0,17228660.210639693,275954.1988337515,0.0,0.0,191540.5990255617,8194.292562474931,0.0,0.0,2148.7766516165634,67.5071488814894,0.0,0.0,11722.666666666666,442.4385456384502,11676.0,639.3649974779664,10980.333333333334,653.5615247753393,11650.833333333334,457.03541073604646,12034.333333333334,935.507705295187,,,5.50599821012404,0.20468893077184325,9.569211815403476,0.14075474642854013,15.138129301922234,0.37066003251750457,12.61615435431816,0.32188959532706135,-1.102546710664113,0.09868204423062048,-6.518243153305299,0.15493862496356048,20.18812372884158,0.7156054401356972,20.103486395661736,0.973620424575094,18.912845403738867,1.1557936025620135,20.06827548832365,0.8599011803567831,20.72726898343417,1.6241978646907957
"TP_[0.0, 1.0, 0.0]_dt48",0.2,autumn,11263357.300753064,207310.7186824128,0.0,0.0,166716.6025203682,6652.004050397864,0.0,0.0,2420.154177607495,74.69806808660196,0.0,0.0,13512693.61791726,237111.1983385233,0.0,0.0,170208.68430517346,6786.023529026398,0.0,0.0,2374.8404393238166,74.63538709424209,0.0,0.0,11747.666666666666,434.1482081808774,11864.5,633.4271070928368,11059.666666666666,651.7498497634402,11539.666666666666,462.12624537745825,11948.666666666666,940.5767734037805,,,8.752886791939439,0.2637446514614096,14.22360202781028,0.2854685564193461,21.69670770392698,0.49044782337048753,18.00220681483907,0.4639739832011892,4.643065500151841,0.14926299797176712,-1.0453782407615047,0.06850700932486996,20.198041223409547,0.7104554948697557,20.39495805992295,0.9725290980877422,19.017732111789048,1.1465655073965917,19.843811925765852,0.8623762677695361,20.5454566791126,1.626999823866683
"TP_[0.0, 1.0, 0.0]_dt48",0.2,spring,10461238.05430898,220182.52524233187,0.0,0.0,213911.47294377023,8974.512102650317,0.0,0.0,2241.8614106837545,66.03530469769397,0.0,0.0,13416085.54260943,258844.87401803164,0.0,0.0,217181.27276153097,9114.404929160846,0.0,0.0,2180.1043167022854,65.24344485488777,0.0,0.0,11890.666666666666,443.939034853511,11716.0,641.1099749652941,11018.5,627.6657550002229,11496.166666666666,458.5426552314046,12051.5,934.2161955350591,,,3.1761559614399655,0.2489466649408954,13.046713521882376,0.25098118378545414,17.544372925747012,0.3686419276031545,14.718637761270704,0.33880020593319776,7.404489472623353,0.1928879497631154,0.8705378130084775,0.08553240000722345,20.439303834296187,0.7193644661089058,20.134678546119332,0.9736376326415368,18.943680502782655,1.1211074379751946,19.765269737132936,0.8694703759598281,20.717067379668894,1.6034379813789068
"TP_[0.0, 1.0, 0.0]_dt48",0.2,summer,12612503.728414321,221092.64532467557,0.0,0.0,206799.4959362716,8289.657233572007,0.0,0.0,1953.3319228202042,60.03580601677204,0.0,0.0,14933153.902063273,244634.634830505,0.0,0.0,210023.7658684242,8454.686573047828,0.0,0.0,1900.2905913429358,60.26469259216565,0.0,0.0,11963.0,488.8292135296334,11709.666666666666,645.0400504361467,10928.666666666666,630.8003381947943,11502.0,478.9288047298887,11914.5,911.5292096252318,,,7.8473956856199125,0.1818504483012,12.658922293787084,0.26400578298574046,18.0469836548756,0.32391735286190276,15.00992240799041,0.30626913421330393,11.526466086619493,0.23603005636224828,4.70881588084974,0.12119683682178757,20.617631536489778,0.7716181619670964,20.177499528933115,0.9828932258901579,18.838925914914373,1.1193042746588997,19.827591636581776,0.8895752663589108,20.53835138308096,1.6008796592410526
"TP_[0.0, 1.0, 0.0]_dt48",0.2,winter,15506422.179011019,248665.309108793,0.0,0.0,188139.57087338844,8064.190473217401,0.0,0.0,2161.7707279165156,66.66435738338619,0.0,0.0,17556197.580718562,274618.1079854798,0.0,0.0,191334.59573289947,8212.840496502764,0.0,0.0,2127.0612983477586,67.51189070057043,0.0,0.0,11660.333333333334,443.2740311214572,11626.833333333334,644.3103030890214,11015.833333333334,651.0475917063717,11548.666666666666,470.21342671883264,12096.833333333334,935.8596939000349,,,5.09549595235524,0.10144262562119459,9.882001024522559,0.13118097440843784,16.59920160337975,0.38827462490703835,12.481471676951623,0.3220504475929099,1.8392757773199975,0.11384568637036342,-6.289829146933692,0.1519747695227286,20.120779989489858,0.7161313782881079,20.05877592855457,0.9853319247137167,19.01227597391491,1.161336618040757,19.93221072998578,0.8865788051604621,20.875957378054878,1.6197790085381831
"TP_[0.333, 0.333, 0.334]_dt12",0.05,autumn,11678970.403901136,211627.98584694866,0.0,0.0,182831.97992466608,6713.074373373537,0.0,0.0,2297.947922643801,71.62783607924192,0.0,0.0,11449630.133799015,208081.08972866865,0.0,0.0,186134.03280321346,6781.239443801732,0.0,0.0,2351.024803896768,72.60223347616706,0.0,0.0,12175.333333333334,446.4803093829187,11894.833333333334,628.5575285259628,11663.0,667.042127605146,11726.0,484.1313871254373,12541.166666666666,927.6228579906096,,,15.522641559570355,0.2626087338524734,11.05817932152672,0.2640800024627873,9.903379728184403,0.18805170086586678,10.068007803685745,0.1974449926533003,2.8712485832280588,0.12800372085431147,4.057636635739516,0.12588972265555937,20.290651662655247,0.6819389388000472,19.819901470516463,0.9308569145142696,19.439678599553073,1.1306981091027453,19.545629962170498,0.8662609019803654,20.90413830510472,1.575394568216307
"TP_[0.333, 0.333, 0.334]_dt12",0.05,spring,10693604.159256853,222613.7163899764,0.0,0.0,228229.92692450623,9116.123167945125,0.0,0.0,2124.6120962806995,63.48144418834248,0.0,0.0,10496066.46047533,211999.69756773175,0.0,0.0,231112.33812389418,9183.084585357015,0.0,0.0,2169.3626978689476,64.7570549606875,0.0,0.0,12590.166666666666,479.06259159599017,11631.5,644.8425389193861,11793.0,683.3751531918614,11742.833333333334,482.2308230159771,12873.5,964.1175758173898,,,15.135810911099895,0.27092190556731827,11.114849781389509,0.29144949462449743,8.999595314615684,0.18415703790455776,9.004475825055925,0.18556076062617602,5.251826917651685,0.14514152192499352,6.055939546180682,0.12407550515512199,20.763967969443602,0.7373735810247011,19.179143987156806,0.9473954472166176,19.45208911231027,1.1485208795039537,19.37031247867954,0.8606346074331378,21.234486452409783,1.613883058653253
"TP_[0.333, 0.333, 0.334]_dt12",0.05,summer,12844011.206412712,218585.31314410627,0.0,0.0,218459.6152118228,8417.795570295768,0.0,0.0,1900.3548699601808,59.337151499524865,0.0,0.0,12742948.66451673,217767.45783882,0.0,0.0,221233.63245225986,8475.030691720958,0.0,0.0,1941.8012451599031,59.85141694164848,0.0,0.0,12643.666666666666,491.61597478790975,11864.833333333334,662.2463036262767,11742.833333333334,679.4578476010606,11933.666666666666,455.97134412884617,12878.166666666666,961.6445115876584,,,13.702409287196604,0.2536438727129364,11.055098916797396,0.265781369306929,10.264777184591368,0.17793605268839455,10.213690175646319,0.18330622378500736,6.595046008608127,0.21933856364865986,7.294261140533313,0.2060158366287488,20.704718396176478,0.7545304057018386,19.424888026038502,0.9529490871373574,19.232482568008674,1.13594572415069,19.5461966065062,0.8264552988575024,21.09171440327015,1.5953970844092271
"TP_[0.333, 0.333, 0.334]_dt12",0.05,winter,16339250.861937558,261388.04568234598,0.0,0.0,202422.85709093508,8145.228578239297,0.0,0.0,2030.339323193136,65.00106395360632,0.0,0.0,16282247.092761904,256108.52326030057,0.0,0.0,204584.74534995007,8200.531851828684,0.0,0.0,2059.4628222512474,66.05025738687023,0.0,0.0,12364.166666666666,472.04636071753197,11793.0,621.4421936109585,11515.666666666666,666.3847737356152,11681.833333333334,462.59027947706204,12740.666666666666,968.5340813139547,,,7.860798498988672,0.11585697802848971,5.041855389055056,0.12686807133331834,6.197088579005339,0.1329774193326369,5.829098633435542,0.1340840311695887,-0.3020871989564622,0.062306317457063845,0.1755673120670037,0.038640850809417544,20.573195239952085,0.7401757923295156,19.619130638669308,0.9167236423795552,19.164322122244897,1.1372705060690047,19.441568013211317,0.8407097915470474,21.201783985922393,1.62045654172936
"TP_[0.333, 0.333, 0.334]_dt12",0.1,autumn,11732265.727713814,213021.73710243654,0.0,0.0,183752.03197987456,6721.65732504166,0.0,0.0,2292.8486271708784,71.44109065709985,0.0,0.0,11372682.301616073,204413.77199310975,0.0,0.0,189377.20857856245,6854.029936022764,0.0,0.0,2380.134213886375,73.68645805047466,0.0,0.0,12099.666666666666,444.56345628792576,11699.333333333334,649.7315343021813,11497.5,657.9850302248524,11628.833333333334,469.0438856510834,12473.666666666666,924.5047683309521,,,18.886103800300514,0.2801215061342066,10.652344111471171,0.27142606706062666,10.033127931503506,0.17112181053894993,9.615095127832223,0.18559763809710134,2.7050019360084736,0.15347270897802714,4.2704810987339625,0.1383690355936296,20.36893049886189,0.6917425595420675,19.690535314857833,0.9586874219907995,19.357986909779456,1.1261656694814994,19.58046249088338,0.8630651379635887,21.002084785617445,1.5843248969598958
"TP_[0.333, 0.333, 0.334]_dt12",0.1,spring,10699737.272378081,224042.42389895313,0.0,0.0,228589.16732952092,9135.088444036002,0.0,0.0,2128.489118501029,63.490809590578365,0.0,0.0,10515901.566947663,210013.6155765621,0.0,0.0,233493.3874875293,9258.95213580183,0.0,0.0,2196.4085076608417,65.36637679949115,0.0,0.0,12468.333333333334,451.58816045891496,11644.333333333334,634.8491684381943,11595.5,669.8837958929892,11711.166666666666,458.0176488593717,12653.666666666666,940.5895314464575,,,17.811506248633556,0.30505664900197055,11.064007400457513,0.3114841351593416,9.332955707354719,0.1909690306698101,8.861283097928714,0.19555128207307854,5.226360561931162,0.15408604408913684,5.88439703894923,0.12264026695853605,20.75421362467704,0.7023611675327904,19.378704213428435,0.9378085758852509,19.30435575388457,1.143691126927226,19.497624731607985,0.834021453346221,21.065101676401973,1.5791752888144996
"TP_[0.333, 0.333, 0.334]_dt12",0.1,summer,12910512.595098615,220662.11631979293,0.0,0.0,219186.0786493939,8448.335120561385,0.0,0.0,1898.9440771257575,59.37222751586808,0.0,0.0,12811896.741609456,219365.97055035093,0.0,0.0,224230.86527297783,8567.190068504051,0.0,0.0,1970.6176807806548,61.30306564108446,0.0,0.0,12472.666666666666,463.94726711843776,11617.166666666666,624.3926382226704,11619.666666666666,661.0859752457817,11969.5,456.81188688561934,12774.0,959.5125845969919,,,15.5102114014851,0.3130117565679262,10.594658808645637,0.2709682336240393,10.507278073629953,0.1854238498272352,9.915126110001,0.19300901251484867,6.79605798140311,0.24304990582620767,7.363198935566491,0.2032800866301715,20.631466196567317,0.7381337962889621,19.212053288010285,0.9144560820330825,19.222574716611856,1.1133663051918417,19.80279685574096,0.8390033343507192,21.131108943069584,1.5905456021491995
"TP_[0.333, 0.333, 0.334]_dt12",0.1,winter,16394781.652745828,261566.85719459018,0.0,0.0,202963.5856908414,8189.112501539723,0.0,0.0,2029.707040332921,65.19090392175725,0.0,0.0,16189433.034713784,254864.6418486551,0.0,0.0,207149.60826403272,8309.21655209263,0.0,0.0,2090.517328633599,67.34239652075038,0.0,0.0,12045.666666666666,453.1329459073426,11513.166666666666,613.903385449752,11250.666666666666,654.0472969645751,11658.0,466.5014469430938,12479.833333333334,945.1136263257799,,,9.7185488144372,0.17326599075524313,4.719076985511001,0.12586368592658073,6.733011980134108,0.13296472324832873,5.577883027730059,0.12767807183166185,0.16139224043786762,0.0486706510627517,0.2069237806363914,0.03912912843476112,20.433556894936697,0.7240449751057891,19.52690070624118,0.9345849717558932,19.088000666211645,1.1402408147631629,19.779390276267975,0.8540550075861314,21.172151456342505,1.6128217557275026
"TP_[0.333, 0.333, 0.334]_dt12",0.15,autumn,11735740.13221257,212375.47952100277,0.0,0.0,184086.3181818803,6733.233475213325,0.0,0.0,2296.0678765653583,71.56525116668085,0.0,0.0,11451763.503117643,206275.18252830746,0.0,0.0,190870.54814848563,6901.45266590116,0.0,0.0,2391.878295735774,73.88418010827542,0.0,0.0,12207.5,432.53150174293665,11603.666666666666,643.2631395211968,11256.666666666666,643.9601436942089,11716.166666666666,466.3373957411809,12362.166666666666,912.6286028098544,,,19.947416202753047,0.34414108163823837,10.625788199773268,0.2773086207022653,10.816407027935133,0.1921728057547546,9.450628227953162,0.1936770582679874,3.4088002583330095,0.1617388215233676,4.136104304309838,0.13875334141065296,20.63831531375571,0.6753675887019751,19.613740323574177,0.9721832866279245,19.033879078961352,1.116760411546251,19.811275235978346,0.850446601919671,20.90279004773041,1.5642300940079001
"TP_[0.333, 0.333, 0.334]_dt12",0.15,spring,10738017.012944201,224594.90108466378,0.0,0.0,229836.09643696234,9205.229366864389,0.0,0.0,2126.7602417286876,63.31140542947761,0.0,0.0,10699176.192952573,216064.35121451464,0.0,0.0,236156.5563397678,9355.19953608557,0.0,0.0,2210.512151535852,65.10538088996529,0.0,0.0,12268.666666666666,464.9106007252,11583.5,642.9257344359456,11421.666666666666,673.4845704740882,11617.833333333334,465.6764613620347,12625.5,936.4316846412237,,,22.033081694681986,0.40342862693491355,10.745834964501425,0.29675157774470706,9.074860070081199,0.1838317993154031,8.364412410794023,0.19364912697777917,4.145818991607919,0.1337211085559783,5.9606869823525885,0.13527513416388745,20.61205821563438,0.7145498475137201,19.45710023156639,0.9534460709329808,19.192884015317922,1.1651631169640957,19.522912341225517,0.8521485330878382,21.21504519625579,1.5939356790042247
"TP_[0.333, 0.333, 0.334]_dt12",0.15,summer,12959361.582317198,221393.32393448718,0.0,0.0,219521.9078574318,8449.273310837994,0.0,0.0,1896.6496370354773,59.19020864443442,0.0,0.0,12960950.785956888,220758.90045080142,0.0,0.0,225058.51085324213,8580.103508361277,0.0,0.0,1971.3154115105463,60.6414614217096,0.0,0.0,12521.666666666666,475.10574261596435,11512.833333333334,649.6307925788822,11409.833333333334,647.7837344875736,11832.166666666666,448.6082552368678,12521.166666666666,907.950310681519,,,15.914366101137242,0.2872860149806651,10.256370414280875,0.27093349715976783,11.464956751081582,0.1777161173051852,9.77696132409242,0.1871208219610714,8.437933046819015,0.2649958432746587,7.475010543027699,0.18897432857167326,20.93874558730422,0.7372913794441458,19.24746609310903,0.9573141525320451,19.082505635904813,1.1065019131255969,19.78993045448426,0.8271543496113825,20.94135222919768,1.5448935475560583
"TP_[0.333, 0.333, 0.334]_dt12",0.15,winter,16390735.519038482,260070.5486311957,0.0,0.0,204470.94875414795,8232.701806587187,0.0,0.0,2033.139223850447,65.12739052221364,0.0,0.0,15925930.467886237,247733.51514981608,0.0,0.0,211153.5409672307,8439.027717537185,0.0,0.0,2136.5983028024107,68.58454507599383,0.0,0.0,12012.666666666666,438.2331190892206,11382.333333333334,639.0892478102465,11119.5,657.029299194488,11634.333333333334,453.6966681238321,12262.833333333334,928.9183853636803,,,12.650399047932453,0.2581704102542315,4.742481821145024,0.12279265959930623,6.440188565873743,0.15517530333916052,4.876360609325878,0.12227087836184161,-0.5276818687223905,0.09042452697667995,0.037943233813199334,0.037824003830698005,20.564774895301568,0.7123939210724042,19.481346122321423,0.9752242537456028,19.038387857307814,1.150639171003248,19.92094178906815,0.8580999748166663,20.994549336001043,1.5949341833175172
"TP_[0.333, 0.333, 0.334]_dt12",0.2,autumn,11801401.587459832,215161.68464075855,0.0,0.0,185549.43110479772,6785.51622958301,0.0,0.0,2295.0394033098905,71.49900974793636,0.0,0.0,11321418.895443154,200376.99727734638,0.0,0.0,195279.36867605025,7025.808723840194,0.0,0.0,2434.827379230004,74.71437428332096,0.0,0.0,11921.833333333334,451.8014681988835,11457.5,643.6078775154946,11078.333333333334,647.6241708480825,11646.833333333334,458.8422023600999,12363.0,906.3001710250306,,,23.54970682824093,0.3313386729170042,10.125943855332705,0.2699897300256434,10.153440545489905,0.20403701235999083,8.730936219712554,0.19900654146398378,2.2326398645586667,0.11438464146588277,4.179007833069819,0.14169243470372084,20.389000743182297,0.7064111790691419,19.590636184727323,0.9642436199139224,18.95068242950778,1.149485925180546,19.922884689275943,0.8512239149079333,21.146795953306654,1.567976904041666
"TP_[0.333, 0.333, 0.334]_dt12",0.2,spring,10745912.42175907,223707.9717491121,0.0,0.0,229519.4188901184,9200.659145086396,0.0,0.0,2135.793814732383,63.76087979535086,0.0,0.0,10460491.021698663,212214.52702082891,0.0,0.0,238348.4755082137,9411.945806277863,0.0,0.0,2261.2706556493363,66.2481799511114,0.0,0.0,12164.5,450.75126178414627,11438.333333333334,625.322210277763,11347.333333333334,654.915465282861,11707.666666666666,459.72499025685636,12425.166666666666,942.9685926194294,,,24.506905165181696,0.4800826689854201,10.680043868721881,0.2999388745314018,9.501022869639847,0.18800016491231342,8.49075707110638,0.20061130849132802,3.9557024900133606,0.14697671006550697,5.561440908163916,0.13373380115733682,20.58747596961456,0.7033307311300043,19.354638331830888,0.9355130492922716,19.20772645640034,1.1363762478745303,19.818638803995803,0.8560709620732614,21.031520438158406,1.6104849651806177
"TP_[0.333, 0.333, 0.334]_dt12",0.2,summer,12985483.419790016,222073.32984355855,0.0,0.0,221548.8071636655,8555.563534632445,0.0,0.0,1897.9893539623215,59.065422734094206,0.0,0.0,13437944.850244394,220279.54100886057,0.0,0.0,228272.90778854289,8735.862335731446,0.0,0.0,1969.0235216561166,61.45521802769634,0.0,0.0,12433.833333333334,485.0597557689845,11442.0,635.5171122794412,11297.166666666666,653.8796270466505,11931.0,471.0987157698478,12485.0,929.8384805975713,,,17.07365549130602,0.40655363053038557,10.075458468636024,0.2858863718977501,10.920728414978685,0.17268552359679104,8.944317095492584,0.17832631355039713,8.325142673594717,0.2646037213244335,7.409398110682724,0.2087912823602819,20.864559046767152,0.7557796407239121,19.196345526082155,0.9433571933758981,18.960370990968457,1.1228997964000462,20.02528613568082,0.8713055724432345,20.95343830050142,1.5778555849205587
"TP_[0.333, 0.333, 0.334]_dt12",0.2,winter,16420374.633067006,260408.5795361733,0.0,0.0,204714.80232224936,8218.599587538334,0.0,0.0,2035.5181291504123,65.26322697655992,0.0,0.0,16374745.651397653,252056.7242526734,0.0,0.0,211339.54433151078,8432.273165350345,0.0,0.0,2125.060936661776,68.91171731225978,0.0,0.0,11940.5,452.31615049653067,11416.0,635.5674629809175,11161.333333333334,647.9915637310926,11662.166666666666,468.56564819314997,12232.166666666666,939.0091408855752,,,11.481610554294704,0.24223665199323308,4.570220442102755,0.12264518541513422,7.870334961307884,0.1613455213349183,4.762546704277819,0.11704122060809082,1.933379322849819,0.16583078655393438,-0.07893595979724521,0.035834808915893655,20.44048656033485,0.7175043844059292,19.538569085482735,0.9621912565382938,19.110221636810216,1.1431258440335523,19.968064292832285,0.8711189213445726,20.942658424539918,1.6229266273551581
"TP_[0.333, 0.333, 0.334]_dt24",0.05,autumn,11247099.39624838,207462.94061385834,0.0,0.0,176846.7213135597,6710.502552140877,0.0,0.0,2268.7838812537284,71.34870702072803,0.0,0.0,10974150.278130727,202915.8988251124,0.0,0.0,180187.96592804117,6778.658809695397,0.0,0.0,2324.149219766882,72.30923361342734,0.0,0.0,11939.5,444.62062480276353,11688.0,623.9038387444014,11436.833333333334,659.403189760761,11646.0,482.7951946736834,12159.833333333334,932.5540020109652,,,19.031131411937153,0.27973955109764553,14.347461795095414,0.2861782256775848,12.784434652086723,0.29479133931230805,13.01507753591388,0.30615354683821394,3.9821501993836566,0.09145044098730672,5.275952839268321,0.10408574906660094,20.279820570514058,0.7018479539069056,19.84914944972959,0.9448212961489659,19.428811647558025,1.1420632772937922,19.785162899116425,0.886297195405235,20.657055433081904,1.6034903464161634
"TP_[0.333, 0.333, 0.334]_dt24",0.05,spring,10420912.54440259,220035.9375011271,0.0,0.0,223236.917514969,9117.048803761092,0.0,0.0,2098.75973302192,63.28924193709124,0.0,0.0,10183665.011150684,210213.49309264898,0.0,0.0,226101.72028070208,9171.034799993504,0.0,0.0,2144.882551939782,64.37714417028691,0.0,0.0,12081.166666666666,476.7877585117584,11578.833333333334,642.5435134422156,11576.5,686.21884264424,11657.833333333334,473.49146419620587,12330.0,960.2097687484751,,,17.662362653421507,0.24410629770808057,13.381944741249882,0.27485226686776165,10.974855441422454,0.23562706969227654,10.997730183418733,0.24556117218018408,6.321376167261526,0.16391893285498357,7.199678868255404,0.14437246236061782,20.397740702512376,0.7538054819265065,19.54559965278855,0.9621822635540225,19.54879068359674,1.1844257404885008,19.687169200324877,0.8747085818305907,20.820699760777458,1.6375026537552446
"TP_[0.333, 0.333, 0.334]_dt24",0.05,summer,12472692.985799896,215721.6955859159,0.0,0.0,212800.35222557883,8369.063009467352,0.0,0.0,1870.1646057127207,59.894685582554565,0.0,0.0,12350339.38794747,215032.83805161424,0.0,0.0,215461.96521831292,8432.539544566067,0.0,0.0,1911.0946679026529,60.50569779041764,0.0,0.0,12119.0,479.58398638820285,11687.833333333334,661.6127014097195,11508.0,667.5105991667848,11733.666666666666,448.22881061648246,12312.666666666666,960.1907449390808,,,16.361527856278556,0.27979316971077706,13.626758356093239,0.2824494119131691,12.608030105253938,0.23841499611568134,12.541739875124007,0.24291301644275665,8.07413692287696,0.20243030464160156,8.768987984988962,0.19746487455369935,20.414568418150314,0.7573826842021437,19.683378796730143,0.9738532064457087,19.38888096607688,1.1584796562276465,19.77018141618199,0.8492947173847664,20.742990402860674,1.6239594006178115
"TP_[0.333, 0.333, 0.334]_dt24",0.05,winter,15914683.869042963,251569.86526188414,0.0,0.0,197460.1059067367,8102.04782207948,0.0,0.0,2035.9207210308334,65.37508657278286,0.0,0.0,15871216.283100488,248145.5786544222,0.0,0.0,199487.8535686015,8153.765875881733,0.0,0.0,2062.6936595321777,66.28129143518537,0.0,0.0,12208.333333333334,463.02642113238704,11694.833333333334,624.6446723271291,11405.166666666666,657.360606263158,11621.333333333334,471.6141077901157,12320.166666666666,979.0798571447925,,,10.186645279950364,0.12569498812547197,7.509057924702355,0.1244745240607834,8.536382914104786,0.18699980570055674,8.140241084699523,0.18870883073322411,-0.4592621022789291,0.04972671108153515,-0.09858274519896221,0.025710462082812573,20.60376200748153,0.7348866715412384,19.73339326467266,0.9363442009865498,19.25172606108609,1.1466676169937078,19.617200290689336,0.8746391882105118,20.79391837607039,1.649715893899251
"TP_[0.333, 0.333, 0.334]_dt24",0.1,autumn,11322642.779372886,207656.12004883875,0.0,0.0,177901.24646353687,6731.0633117925645,0.0,0.0,2253.2698546190413,71.25249777298548,0.0,0.0,10939290.791348325,195655.03178357074,0.0,0.0,183237.60856554084,6879.08302891077,0.0,0.0,2337.3729268448237,73.83495419929508,0.0,0.0,11858.5,441.72197138018845,11530.666666666666,641.5046895126073,11330.0,654.428605731748,11580.0,472.2499338274174,12105.333333333334,930.6265989464662,,,21.977040616691855,0.2885486676977917,13.772048417897308,0.27658568706206443,12.953161380169432,0.28926749264260054,12.496136140192329,0.2947818670330998,4.454559207312853,0.1435162042693422,5.9240903068896245,0.1277533318653979,20.302857716122382,0.70170954846003,19.737392163441548,0.9707397036987387,19.400980394943222,1.143868272919715,19.829977294117057,0.8759536815015926,20.72879243137579,1.618042858464095
"TP_[0.333, 0.333, 0.334]_dt24",0.1,spring,10418652.629527373,222279.38942319152,0.0,0.0,223533.97252462627,9150.995180387126,0.0,0.0,2101.9441577234693,62.9817272881798,0.0,0.0,10145255.080603627,208276.9603850971,0.0,0.0,228314.77076307303,9265.446827833337,0.0,0.0,2172.3001318547267,64.6254471840901,0.0,0.0,12039.166666666666,456.20408444759335,11612.5,646.9611271166143,11430.333333333334,671.7447928094913,11624.5,453.88181281033957,12172.0,942.8319044241131,,,20.70912027036708,0.2878232532267218,13.401027787591582,0.29127457554594266,11.346435248899958,0.2528084251102438,10.879542207764052,0.2627343914492992,6.26660372861782,0.1499347709830036,7.058437015826592,0.13106760240954754,20.446527509143433,0.731748700309129,19.717519257953455,0.9735340337314246,19.415735555218653,1.173948532995851,19.746328307517437,0.8528400534798938,20.673889370167018,1.606406164643985
"TP_[0.333, 0.333, 0.334]_dt24",0.1,summer,12527860.542015838,217318.1261481124,0.0,0.0,213575.40588462542,8400.206834261617,0.0,0.0,1870.5283773765257,59.768814753382806,0.0,0.0,12375390.165264243,217588.8250002651,0.0,0.0,218261.60224355746,8511.931165022375,0.0,0.0,1939.5576603090542,61.46929431557964,0.0,0.0,12029.0,449.64341427402235,11472.0,633.458759510041,11379.666666666666,668.2118426567029,11726.5,456.9353345934192,12233.166666666666,948.8863823802443,,,18.38930445706212,0.3165354374075352,13.244788520135467,0.28288567672126225,12.89172934730589,0.24647023089016915,12.223185198920993,0.2517558490506249,8.2665397647066,0.22761378600609225,8.751089266875221,0.1906604296453013,20.442794694403798,0.7294282267456765,19.49155758404801,0.9501915140753353,19.341435982101782,1.1527782083500695,19.932559768198626,0.8600822086770287,20.791651971247784,1.624178615824838
"TP_[0.333, 0.333, 0.334]_dt24",0.1,winter,15925055.743471103,251459.4936200673,0.0,0.0,198171.9418724949,8137.97027908142,0.0,0.0,2037.6958573981926,65.50710447805788,0.0,0.0,15731195.619658045,244250.3933690531,0.0,0.0,202173.4180608608,8259.04443280316,0.0,0.0,2094.6084507527553,67.8623565509817,0.0,0.0,11958.333333333334,453.28254617475284,11414.666666666666,617.2696871438501,11176.833333333334,655.5859719874019,11602.833333333334,469.9371943852353,12180.166666666666,948.5988439096193,,,12.273637668536916,0.19853608066918693,7.448763377483814,0.12293443060519413,8.975663041933716,0.19530568823155153,7.809193437579061,0.18449026446737843,-0.03348975067646493,0.0638739443284116,-0.18577481476509564,0.027894235439365853,20.498966243182448,0.7273228351665618,19.563636755811668,0.9487228938236225,19.162773764853387,1.1592582982522928,19.893383025179606,0.8734290497412318,20.881240210972894,1.6315059457071297
"TP_[0.333, 0.333, 0.334]_dt24",0.15,autumn,11323965.479846947,207012.0267070625,0.0,0.0,178499.807070658,6742.839090567904,0.0,0.0,2255.2354400932886,71.21754570283176,0.0,0.0,10929983.170338448,197462.55060168332,0.0,0.0,185215.27085080286,6903.152294769456,0.0,0.0,2355.54286873454,73.65906939674583,0.0,0.0,12001.666666666666,439.6315123676494,11459.5,628.4313009390924,11102.833333333334,649.3782924202711,11663.166666666666,464.35478533839483,11996.0,911.8309053766495,,,23.594953846712908,0.32480659150262753,13.761883767607252,0.281407379127563,13.46150038605912,0.29039069472174206,12.2015342828851,0.2991309805737653,4.8770505977197764,0.15501501516056843,5.841918453018326,0.12387285220249288,20.61202615041758,0.7033243213284627,19.67738832207472,0.9687338710481184,19.07144266166254,1.1446460099825566,20.03412127148141,0.8557967694558036,20.60502159436375,1.5840908834247376
"TP_[0.333, 0.333, 0.334]_dt24",0.15,spring,10463457.513249923,221845.32172275468,0.0,0.0,224891.02878797866,9187.677163650604,0.0,0.0,2100.291055492336,63.07764267871914,0.0,0.0,10332672.944873342,209078.33351932754,0.0,0.0,230954.2051013857,9338.290063088089,0.0,0.0,2184.161087693429,65.19776644163912,0.0,0.0,11867.5,461.48401922493485,11533.5,643.0411339875544,11256.833333333334,664.0980098348937,11594.833333333334,470.6329426067271,12192.0,932.1635049710967,,,24.70400089691836,0.36958842504907263,13.028432523928055,0.2820561016563454,11.080148674813657,0.24635761410305365,10.338291336882131,0.25024696435513216,5.289366809745818,0.1621822618075796,7.13167705997163,0.14525566472316545,20.303766863987075,0.7184377304450493,19.72849101898994,0.96847679640955,19.2633739005008,1.176409523508869,19.84190511750038,0.8771347238972089,20.862463099021806,1.6123189503288375
"TP_[0.333, 0.333, 0.334]_dt24",0.15,summer,12599430.820503267,219871.80241816133,0.0,0.0,214207.7205508621,8429.053722570756,0.0,0.0,1862.0070367477756,59.239182824768065,0.0,0.0,12572539.935363872,216637.3133659779,0.0,0.0,219104.51658471898,8564.462597842243,0.0,0.0,1928.9533859742514,60.850296433631584,0.0,0.0,12056.666666666666,467.2749369125917,11438.166666666666,660.2852161503139,11199.0,640.1668532499945,11645.333333333334,450.07495672017404,12081.833333333334,922.6720797047383,,,18.434374494199474,0.3050411836448189,12.749286337024998,0.2880574455136242,13.809682140420039,0.24705380877170544,11.963392185626608,0.24583482546864416,10.40737906191829,0.24735818404143858,9.166471485639367,0.17000038784256305,20.636239831162573,0.7429544570436821,19.572936218250323,0.994511649072849,19.171906689949992,1.1310330996313822,19.936763356467424,0.8554921913373353,20.682153904169688,1.594047173313859
"TP_[0.333, 0.333, 0.334]_dt24",0.15,winter,15945676.141086718,250353.34219537143,0.0,0.0,199849.72919684032,8177.596772563875,0.0,0.0,2038.1387928496897,65.70879365243319,0.0,0.0,15481340.561538726,236189.08672692254,0.0,0.0,206247.99820035975,8378.602046573094,0.0,0.0,2137.438882242042,69.30108683881055,0.0,0.0,11905.0,432.099062715947,11343.666666666666,636.5374039808396,11041.0,667.35957324369,11619.333333333334,454.49913824634103,11988.333333333334,921.0028592065645,,,15.088442653209198,0.28554014756683,7.328808041465661,0.12735961195042056,8.615695685728705,0.20426090293291227,7.02823110633302,0.16736219162381552,-0.5663619235993796,0.09961204248833655,-0.20730721099352414,0.0333559604391378,20.56138796061014,0.7022207366416265,19.587375473684922,0.9725151007091946,19.072211815025756,1.1823215758865468,20.07218019734405,0.8705099748456746,20.70684455333513,1.5930462614638652
"TP_[0.333, 0.333, 0.334]_dt24",0.2,autumn,11391081.13219961,209167.3321967372,0.0,0.0,180085.03754671742,6778.584054955128,0.0,0.0,2250.4652284885574,71.20534811398963,0.0,0.0,10826454.284175849,195739.16265521038,0.0,0.0,189470.55843137778,7002.802038255602,0.0,0.0,2388.307422796905,74.42948724514052,0.0,0.0,11771.833333333334,449.23509064482744,11369.666666666666,638.8804791717045,11012.833333333334,654.6600390024325,11572.5,460.98015141652235,12021.166666666666,917.6638636596009,,,26.892267209869264,0.36954910540527053,13.25089040297641,0.27551784333585083,12.828432455465615,0.2820633033393419,11.421491446549249,0.2887425473549073,4.101757100850604,0.11086207604427878,6.041226798284703,0.12904406889743567,20.383563347694505,0.7219832124507873,19.68274843282383,0.971219513674747,19.072963326703732,1.1674872503187186,20.042505144150862,0.8686291463761373,20.81821974862707,1.6059173289709936
"TP_[0.333, 0.333, 0.334]_dt24",0.2,spring,10461458.093888536,221738.49209198623,0.0,0.0,223715.9548440527,9169.676059814561,0.0,0.0,2112.550919199854,63.64468664456526,0.0,0.0,10113056.57807445,205536.1499028995,0.0,0.0,232389.42184902265,9412.869648987942,0.0,0.0,2238.1844980600167,66.78273636303052,0.0,0.0,11815.833333333334,448.18630798660786,11366.666666666666,628.4618259422497,11225.333333333334,649.3558859875426,11635.333333333334,469.12713273340586,12057.333333333334,940.4130298260795,,,27.014419055468526,0.4546020643262519,13.04503828172431,0.2827713573606445,11.766427080207977,0.25994347481752045,10.807145587362458,0.2603127758633903,4.937511442342422,0.16007902527122414,6.589807219907519,0.142446562006991,20.335517295210725,0.711916515856809,19.558389362834543,0.9529989324535788,19.32290389965922,1.1521562912874523,20.02949588796737,0.8900461448985416,20.753693554328137,1.626846013794508
"TP_[0.333, 0.333, 0.334]_dt24",0.2,summer,12580328.890820675,217666.83851275634,0.0,0.0,215930.7604179485,8500.518689574299,0.0,0.0,1867.8519431331704,59.76394842985343,0.0,0.0,12918993.415126935,214887.76330927084,0.0,0.0,222194.22258745457,8679.042356711276,0.0,0.0,1938.3371159511662,62.060713017356484,0.0,0.0,11936.666666666666,471.0170556006084,11359.333333333334,638.3709475427798,11171.666666666666,660.6020486394716,11779.833333333334,458.83958707446595,12022.666666666666,926.3596853634481,,,20.27638383927811,0.3943900584272339,12.88138552872349,0.28452044962114076,13.294891534686615,0.23124043933724245,11.255338886284312,0.23359813047805963,9.75574364292519,0.27175929818407274,8.881686145226217,0.2098189870645593,20.48356017402914,0.7485039858760333,19.488766521441207,0.9665229919068302,19.17441353677099,1.1640592623366977,20.2192389606922,0.8747194960437888,20.634020807066463,1.6030794987503327
"TP_[0.333, 0.333, 0.334]_dt24",0.2,winter,15997285.578646421,249127.33783016843,0.0,0.0,200224.74648869457,8154.812775647879,0.0,0.0,2038.1353069299623,65.74852564038824,0.0,0.0,16068028.37370815,241755.78728076242,0.0,0.0,206050.3320094439,8372.22420187753,0.0,0.0,2111.6324401330216,69.44176081455204,0.0,0.0,11835.833333333334,446.87511305359914,11387.833333333334,635.771788196572,11063.833333333334,650.1634922591903,11593.0,475.563665559092,11972.5,937.5072799717348,,,13.13915563207825,0.284466129371458,7.028713685659695,0.12714022309497575,10.178185987051,0.21493703848212908,6.853203699465034,0.15112675012675503,2.5542591801118912,0.19076055175356518,-0.2070757400013573,0.037952438019455546,20.457036493624578,0.7102599888764661,19.678440597166645,0.9643766498143216,19.126602564817293,1.1603534706372536,20.041923424005173,0.9004888069268171,20.695996920386307,1.6311796748939607
"TP_[0.333, 0.333, 0.334]_dt4",0.05,autumn,12360666.636908196,217507.4958698428,0.0,0.0,191320.79153775112,6800.425291032543,0.0,0.0,2353.6716771057568,72.68385331528386,0.0,0.0,12187803.470127067,212972.10334544865,0.0,0.0,194519.0205794214,6870.4258290166,0.0,0.0,2402.7609454866056,73.74469065075468,0.0,0.0,12567.166666666666,447.3760908527264,12141.833333333334,625.0233328977941,12040.833333333334,667.5424830425898,12071.0,496.8714119367302,12772.666666666666,934.8220508025399,,,10.075441490381646,0.23566878076438938,5.866035395429876,0.24408388096195985,5.841732559301636,0.09751931645717306,5.889362572554838,0.10083675378714213,0.7333884832624308,0.1387175828216538,1.7303898060034033,0.1252242764571835,20.402145911303528,0.6705576383829831,19.70856860167171,0.9059596388762687,19.550577405599014,1.1096094244291226,19.600134183283554,0.8639552189409382,20.738573898142192,1.5357914588231623
"TP_[0.333, 0.333, 0.334]_dt4",0.05,spring,11323306.134743178,237079.28435351816,0.0,0.0,238110.0801621792,9215.261325827732,0.0,0.0,2196.976012410408,64.04085191157752,0.0,0.0,11171212.86602009,227281.95247554945,0.0,0.0,241025.66588975381,9270.478792809807,0.0,0.0,2240.2869856167517,65.1279198352555,0.0,0.0,12974.833333333334,491.8468935214155,11964.666666666666,644.4720836984845,12212.0,697.1605267081605,12136.333333333334,462.03794937934117,13061.666666666666,955.0716552524563,,,9.677336363777728,0.252921587000687,5.881027147482232,0.2841309935415343,5.092316251540832,0.18995158134947426,5.061419221872751,0.18572724134830076,2.152346278547854,0.13119625365092513,2.8545328776790844,0.0982156137255235,20.809079000152334,0.7519536715604757,19.184796728995085,0.913961202646952,19.587925740420943,1.1374351553696065,19.467703266237372,0.8126426131936676,20.950495264194263,1.54716764306286
"TP_[0.333, 0.333, 0.334]_dt4",0.05,summer,13613638.191804841,227971.8591889974,0.0,0.0,228520.4639743036,8503.718940234321,0.0,0.0,1987.798861121908,60.512209359300485,0.0,0.0,13513146.292595549,224982.73784911816,0.0,0.0,231366.75352134454,8562.687442813722,0.0,0.0,2030.0082687300949,61.13521927316276,0.0,0.0,12973.166666666666,490.8773438107187,12267.833333333334,661.1297653764099,12007.666666666666,685.5971606320047,12116.5,450.7450498896243,13041.0,958.9633986758829,,,8.486021562477433,0.22998393412195245,5.725130971425634,0.2575939749034102,6.150916294584138,0.13547743307859805,6.07488950545569,0.13792051802986482,2.350444428235227,0.2119927869746413,3.0266233198653065,0.18334543861729,20.787390135616857,0.7431019996536881,19.652565660383484,0.9223427252139293,19.243156936524993,1.1240088301532232,19.41899913385159,0.814926170151048,20.897888133623077,1.5428276262520877
"TP_[0.333, 0.333, 0.334]_dt4",0.05,winter,16777157.309246106,268140.5297160169,0.0,0.0,207439.77956770276,8246.984439304446,0.0,0.0,2035.3051764057993,65.01385487333029,0.0,0.0,16727814.122748753,265292.6225916204,0.0,0.0,209740.1092127985,8295.261171133363,0.0,0.0,2066.0583069866625,65.88262675257833,0.0,0.0,12711.666666666666,450.3312854628983,11928.5,637.7149049536164,11770.0,676.5784507357589,11978.0,461.87141067617523,13082.333333333334,969.6555402134649,,,5.339549581396867,0.12637884075143815,2.496871278053073,0.1346384515791152,3.8316586271564255,0.10803277099779478,3.493603961511475,0.11432909804501312,-0.6237781511515698,0.05974173295407803,-0.06875749653826381,0.04745409633171337,20.678617146264624,0.6978149813163006,19.400683795433327,0.9255273676691591,19.14917995407581,1.125818436396417,19.488420183542537,0.8221776553911827,21.283098920683702,1.5835588768609807
"TP_[0.333, 0.333, 0.334]_dt4",0.1,autumn,12403725.756923452,218518.48723126436,0.0,0.0,192130.86736182985,6796.585415202327,0.0,0.0,2354.165434370411,72.74403670250197,0.0,0.0,12090853.47125913,211152.86684975153,0.0,0.0,198022.65811112116,6926.409511129154,0.0,0.0,2443.1256833718476,74.90036258918302,0.0,0.0,12539.0,442.5869406116724,11925.166666666666,635.9809483519665,11791.166666666666,658.4531620902636,11986.666666666666,475.566469241332,12629.833333333334,941.2726314233656,,,13.763324162904334,0.2578498046766105,5.538141335645595,0.24597984877640083,5.922709145015212,0.0834606374010206,5.490416694636534,0.09085946811998348,0.1292965268425769,0.15795829999483796,1.7098190667807194,0.1303846632098955,20.598108159098285,0.6807818831552195,19.585615491453357,0.9199515035166541,19.37158591929198,1.0916901164310198,19.694326970475917,0.8487128768998999,20.75036345968046,1.5729440087726665
"TP_[0.333, 0.333, 0.334]_dt4",0.1,spring,11348673.57119645,238796.41769626425,0.0,0.0,238599.11227868102,9255.493112736704,0.0,0.0,2199.6800736437012,64.25564614222459,0.0,0.0,11183092.735275775,223363.17006005524,0.0,0.0,243810.02578681963,9377.493005983739,0.0,0.0,2271.4834885341575,66.29827287725067,0.0,0.0,12831.333333333334,460.5530009311268,11915.0,651.8907883994067,11988.666666666666,667.5134954940364,12058.0,463.74173847088656,12747.666666666666,926.8500777723798,,,12.597061808727096,0.29612411119497317,5.670329843127537,0.2922576298603238,5.323325549212106,0.18252460801487125,4.866714676378756,0.18300694412720617,1.9855654019907256,0.15677739000908333,2.7350952836456153,0.11732027518903694,20.84918125118079,0.7010647455167629,19.356081924346835,0.9357394381040415,19.48316373982634,1.1193858670705912,19.59634391547587,0.8273008140674406,20.71522916917016,1.5152671576495484
"TP_[0.333, 0.333, 0.334]_dt4",0.1,summer,13683618.449280208,231986.3912376152,0.0,0.0,229263.72116171962,8523.835321521621,0.0,0.0,1985.8458216395031,60.205102053288186,0.0,0.0,13575429.703536456,227353.26240173148,0.0,0.0,234825.16299683144,8644.449259440611,0.0,0.0,2064.470944356284,62.314621492662305,0.0,0.0,12765.833333333334,449.9846293671226,11986.833333333334,629.2813096435225,11816.166666666666,661.7716877191614,12177.5,455.1486570341608,12888.333333333334,953.1855363289282,,,10.474571477458001,0.31942288194915935,5.240790927858806,0.2595220286395052,6.274984806482938,0.14355859641487764,5.769272679169807,0.15156532536326278,2.354942139551435,0.20284590361991628,3.1216156175952636,0.17336621848383743,20.711950109525393,0.7120810949958757,19.443373377055824,0.8980478171364057,19.172646329690213,1.0884925762661064,19.760923895160158,0.8301999354232855,20.911106288568412,1.5436734606351428
"TP_[0.333, 0.333, 0.334]_dt4",0.1,winter,16823998.150695104,267163.7674715963,0.0,0.0,208089.6203628855,8296.40884816767,0.0,0.0,2036.043444609576,65.14834953195826,0.0,0.0,16617304.48145949,259607.51531681037,0.0,0.0,212702.08815540522,8427.567666350526,0.0,0.0,2103.272558706405,67.3728115630713,0.0,0.0,12299.0,452.27646412343853,11736.5,616.8639234061269,11456.666666666666,650.1964831238831,11905.333333333334,459.365939819951,12715.333333333334,949.6754533348047,,,7.332351645997967,0.17778278815391552,2.2245237379270324,0.12899607460445214,4.231544689950783,0.10015225039109307,3.1916409404028054,0.10548728627962668,-0.44823662945242054,0.04497056909794209,-0.10492406296885647,0.027387563449004792,20.458868344005015,0.7092627283537808,19.51987800135427,0.9205917676469426,19.060970962068414,1.1195384458934876,19.80750245550775,0.8318772347901926,21.152780237064547,1.5784160662954079
"TP_[0.333, 0.333, 0.334]_dt4",0.15,autumn,12409867.63606296,218094.30088220155,0.0,0.0,192375.93209416862,6815.762487901945,0.0,0.0,2356.0833140706077,72.6570890116241,0.0,0.0,12187509.951912204,211248.26300691633,0.0,0.0,199643.49845169624,6991.835694876507,0.0,0.0,2455.623495273641,75.04459136836086,0.0,0.0,12481.333333333334,433.82653983667984,11827.666666666666,637.622040606084,11537.5,659.7492705566259,12102.0,454.85118445487217,12526.5,913.8627358635433,,,14.803571550974183,0.3103412268023349,5.491300862756181,0.24917543077360382,6.714303634022329,0.1082220543281252,5.370011743907633,0.0994097023187915,0.833800315151091,0.15422185496064433,1.6295901103106283,0.12628235303575291,20.63791172880241,0.6714745843993307,19.553379407434765,0.9427408567327455,19.079493938008373,1.1073514689453965,20.014135990453855,0.8204783587684614,20.7150789353006,1.5300603182903283
"TP_[0.333, 0.333, 0.334]_dt4",0.15,spring,11379696.907206975,238749.5714741752,0.0,0.0,239810.4290776984,9291.84135725766,0.0,0.0,2198.156941512813,64.2005875653004,0.0,0.0,11368681.197411396,225621.0340100028,0.0,0.0,246654.76779294419,9453.056441305764,0.0,0.0,2287.6630436734445,66.4516667121778,0.0,0.0,12553.833333333334,472.0018714652164,11786.166666666666,646.1651233753386,11720.0,670.3109726089824,11915.5,469.09178206402197,12739.666666666666,935.6819260126094,,,17.15389410570087,0.40091469694130066,5.4123863540776505,0.28319043078389405,5.028921689744588,0.1658845340645654,4.3836215800740845,0.1797002295122387,0.7993827755314094,0.12891406982818943,2.8024254997766467,0.1193018620132545,20.675147160751948,0.7148553521976119,19.40690479829965,0.9357972884586252,19.30554623149445,1.1377154460496144,19.62807554583217,0.8446506493089347,20.984326263621778,1.5590581937379455
"TP_[0.333, 0.333, 0.334]_dt4",0.15,summer,13733948.71512763,231897.14467837068,0.0,0.0,229877.7036707017,8535.302372998633,0.0,0.0,1981.376039164615,59.875061370062426,0.0,0.0,13738373.105070831,226537.48179276357,0.0,0.0,236167.76809962993,8698.553875074213,0.0,0.0,2065.7998144988915,61.93750492097831,0.0,0.0,12744.0,473.5871619881603,11824.0,640.2886848914324,11652.333333333334,651.3996213283106,12039.166666666666,446.6530719324193,12665.833333333334,913.8900189118308,,,10.870196897630384,0.2614490249013363,4.892153063783422,0.262866375149914,7.091005941639863,0.16666523353155058,5.516728919110567,0.177525700014407,4.047675415211065,0.23360590673351075,3.339453961204537,0.15584218000541844,20.916404734913964,0.729322315774592,19.40196699005301,0.9180063311945134,19.127420322092295,1.0932120096283393,19.76372963631142,0.8192850144835189,20.79047831662931,1.514026586434093
"TP_[0.333, 0.333, 0.334]_dt4",0.15,winter,16831650.85705483,267751.3186542842,0.0,0.0,209643.90679780787,8333.394903583121,0.0,0.0,2036.7749158142958,64.81815095282113,0.0,0.0,16372521.213404352,253215.54860982145,0.0,0.0,216894.55694566923,8544.4396955295,0.0,0.0,2147.9552294590308,68.64719157968176,0.0,0.0,12316.5,434.30438634671896,11588.833333333334,630.3149741729658,11350.0,660.0042424106077,11920.5,460.4166591251883,12501.166666666666,923.4988720440683,,,10.200924635360403,0.23941515283609288,2.180081261551921,0.12942026956825808,3.894624157019825,0.12984444518581512,2.468152660665569,0.11324155818761424,-1.0623889236893471,0.08795710014085943,-0.1413487555398916,0.0367291683412557,20.637695616575886,0.6830592276771577,19.414552218197606,0.9417582792194092,19.021002325054024,1.1330052045636314,19.977855287718526,0.8457556545124342,20.948894552453954,1.5541733766947408
"TP_[0.333, 0.333, 0.334]_dt4",0.2,autumn,12469573.471977027,220713.01345017587,0.0,0.0,193721.04849842784,6857.269822841233,0.0,0.0,2355.175705136279,72.4731343906245,0.0,0.0,12032538.389873698,209145.83111132917,0.0,0.0,203838.68351159082,7088.717634282377,0.0,0.0,2499.78485700243,75.49076608283367,0.0,0.0,12246.666666666666,446.6607959813202,11696.0,644.8097393805401,11283.333333333334,649.780475750593,11963.166666666666,452.545872444625,12566.333333333334,907.731164313899,,,18.74742932855463,0.32827615171128804,5.036781516353012,0.24902923138121397,6.212227616180084,0.10713898403659167,4.708253748439188,0.11408093647821414,-0.376860901922005,0.12479493855338929,1.6673187033669832,0.12699642821051274,20.493583965761896,0.6976745574457069,19.567727805940354,0.9485071780917594,18.885001302741045,1.1237556372795061,20.023108544859063,0.8333774992395845,21.03057838069764,1.526833703572536
"TP_[0.333, 0.333, 0.334]_dt4",0.2,spring,11391293.617303059,238663.97991167358,0.0,0.0,240123.2992173913,9304.995726245419,0.0,0.0,2202.481606171927,64.25295977230033,0.0,0.0,11155048.660394976,227029.42648517867,0.0,0.0,249556.90857665,9527.73121500241,0.0,0.0,2333.114377973549,67.11367138981181,0.0,0.0,12425.666666666666,468.2843865288127,11645.5,626.520151311991,11604.166666666666,665.0324553483588,12055.5,441.72604632283105,12586.666666666666,940.8997112693078,,,19.49468099332539,0.45285752945629526,5.315944346412428,0.2833376000601506,5.241316291851725,0.1677882055200197,4.258865285620057,0.18331673295127796,0.9029921111098035,0.14755869462401927,2.6111193559480843,0.12262807103815233,20.59925567680916,0.7226106014765182,19.30163283146498,0.9059826850628248,19.24054079448182,1.1305193148363495,19.99006886883601,0.823188905595202,20.86850182840803,1.5685575376996217
"TP_[0.333, 0.333, 0.334]_dt4",0.2,summer,13771176.818198362,230378.52142062873,0.0,0.0,231705.99643364365,8673.739147601067,0.0,0.0,1982.3792846634653,60.1589878315774,0.0,0.0,14175339.297255496,232731.2580540097,0.0,0.0,239193.19953434213,8867.076517841551,0.0,0.0,2065.8915081209343,62.4372874968455,0.0,0.0,12680.333333333334,482.46561190064796,11704.333333333334,646.4260720814615,11473.333333333334,656.1809709726931,12182.333333333334,460.45397888026395,12637.0,928.662048325439,,,12.523152241870621,0.4391744064098669,4.634157232306414,0.2531039907039249,6.655863817402344,0.12405053481074484,4.76628100997405,0.1279454982917039,3.812858363812124,0.21531082849942074,3.290760166870148,0.18974744170501343,20.89664452441727,0.7394016575225043,19.284423748293523,0.9452948321173781,18.910663213257987,1.108206971743569,20.080108973080737,0.8358712460532267,20.828159540950487,1.5490502286184424
"TP_[0.333, 0.333, 0.334]_dt4",0.2,winter,16870742.395490468,266929.6948197059,0.0,0.0,209715.87837064188,8314.917804618035,0.0,0.0,2033.873738609372,65.11585088387561,0.0,0.0,16781400.872609902,258714.16342157606,0.0,0.0,217401.68019091248,8518.032760422559,0.0,0.0,2139.8531829542885,68.93078649840206,0.0,0.0,12151.5,444.6575086513215,11689.666666666666,646.6518898655339,11377.666666666666,654.40038712295,11975.833333333334,468.45252338595304,12459.833333333334,942.325934412646,,,9.283385457927562,0.23010311006644854,1.952787475568994,0.12499397150637376,5.225473480180537,0.1193211754640287,2.434339691964538,0.10419010848958844,1.2501736144926283,0.19255908285923887,0.0018096942194509354,0.040127778616051456,20.36872701761678,0.6947857736575814,19.590202543132786,0.954233334006598,19.074539043319316,1.1228403580733906,20.07823846320977,0.8600609457787882,20.888292932721345,1.5969945521163131
"TP_[0.333, 0.333, 0.334]_dt48",0.05,autumn,10927129.393676141,205100.54618328548,0.0,0.0,170204.37231375463,6744.792324695387,0.0,0.0,2289.94398042222,71.07482831289755,0.0,0.0,10638377.53093583,200919.89970309386,0.0,0.0,173541.7701072263,6812.753563077759,0.0,0.0,2345.5803266428366,72.01647142866362,0.0,0.0,11875.166666666666,447.5191243585758,11556.666666666666,627.6666843689146,11423.166666666666,674.4427082166927,11610.5,484.1449163215495,12100.833333333334,935.2033825145558,,,21.508887037617317,0.307223164742059,16.784519577160285,0.31278037585643437,16.005165061882007,0.43700613224865326,16.286137940397552,0.4515348431798863,3.0957949473104365,0.08427792568820772,4.3915437017831636,0.07941977916333041,20.27507739590776,0.7066410034800575,19.727657684462553,0.952890529419591,19.50615725549476,1.1703055383931196,19.827137737359937,0.8908898424286135,20.66396992677499,1.623150985187008
"TP_[0.333, 0.333, 0.334]_dt48",0.05,spring,10234211.309006339,217809.73647408033,0.0,0.0,219420.14404373174,9091.996288706045,0.0,0.0,2099.4657087335586,63.190875322130374,0.0,0.0,10027804.808487011,209682.7474946948,0.0,0.0,222120.73215399522,9147.663174260164,0.0,0.0,2141.5907101550097,64.1256278806327,0.0,0.0,12055.166666666666,473.5092044159927,11557.666666666666,646.828158529502,11484.333333333334,679.1570265164503,11661.0,471.46834464256455,12282.833333333334,956.9468985616011,,,18.922896621245297,0.2490005057844169,14.934043255363166,0.27416438425983286,12.544010826145309,0.29444896315679775,12.521052094125116,0.30426794996314993,6.464983351578752,0.1722183440108438,7.168327342224429,0.15634597529574837,20.417001447710227,0.748390461852848,19.57034089715616,0.9708584859259769,19.45348333274106,1.1779607939361336,19.753633878857833,0.8729693007742316,20.805540443534714,1.6380474919241803
"TP_[0.333, 0.333, 0.334]_dt48",0.05,summer,12337574.733175965,216031.9222066468,0.0,0.0,209861.38297654607,8391.759063927062,0.0,0.0,1864.487558766469,58.93573012950886,0.0,0.0,12217410.132823994,215986.20323342565,0.0,0.0,212448.1293423866,8451.857024580093,0.0,0.0,1904.363843634782,59.486393517036646,0.0,0.0,12119.5,480.6606911325287,11665.0,654.6681602155401,11383.0,665.8543384254547,11688.833333333334,450.056626066839,12347.666666666666,953.2369415138435,,,17.262089546745532,0.270271243809917,14.5627439553473,0.26993267440392266,13.832142356002434,0.28542839183021035,13.751354124281912,0.29021296491643295,8.396893217241988,0.19618756920353295,9.044945512275822,0.18704753822270184,20.469731120334558,0.7673837687199457,19.69752582069887,0.9755422983808694,19.229209847267445,1.160020790786737,19.746756153787505,0.8507598578980181,20.856777057911625,1.611707144909725
"TP_[0.333, 0.333, 0.334]_dt48",0.05,winter,15515309.211035619,252803.2465517575,0.0,0.0,191141.69596501443,8107.202638767725,0.0,0.0,2051.585698631538,65.14926400775417,0.0,0.0,15497456.410864884,248015.4223705714,0.0,0.0,193184.77151334798,8162.670468154075,0.0,0.0,2077.8123634082153,66.14578897602128,0.0,0.0,12035.833333333334,463.03322414991635,11517.5,625.0807147880984,11386.333333333334,659.5176014835896,11570.666666666666,478.56605256397654,12304.166666666666,976.8687561114168,,,12.302141730289511,0.11400412834783216,9.830660963760145,0.13361174004295537,11.430271444701061,0.2926541259520335,11.083630939571071,0.29312464109413183,-1.196399793024756,0.07661831354305747,-0.8697275565659943,0.061110625765933575,20.462879584461152,0.738280790200414,19.57793734533343,0.9464212287334649,19.362034937124633,1.1557761341412747,19.67601830277657,0.8855321799917449,20.921129830304217,1.6661068744539047
"TP_[0.333, 0.333, 0.334]_dt48",0.1,autumn,11003564.434518814,206239.78884696015,0.0,0.0,170690.2639156269,6749.4036772907775,0.0,0.0,2281.1741255602033,71.07769357916837,0.0,0.0,10571051.702478463,194982.8044942314,0.0,0.0,176085.63640677874,6902.311078271918,0.0,0.0,2367.4430954986988,73.62832916276538,0.0,0.0,11808.666666666666,447.98422591277364,11467.333333333334,635.7772146488632,11302.5,663.7884452142865,11584.333333333334,471.17880540901535,12095.333333333334,931.3559290983586,,,24.603913251292607,0.3329269885619418,16.202403885339795,0.3124484297244901,16.35453460916358,0.43220134622876644,16.046970940869873,0.4434910459822785,3.2242107538486944,0.10189658281159762,4.757975346802769,0.09206632762285033,20.26842996594723,0.7183176372092591,19.678120434929173,0.9588204159218237,19.402140034033835,1.154113834480528,19.887474394621442,0.8826422606741103,20.763835170468322,1.6251168326371979
"TP_[0.333, 0.333, 0.334]_dt48",0.1,spring,10253383.509588897,219455.48303285745,0.0,0.0,219250.84684380516,9096.422941343957,0.0,0.0,2106.2073835431247,63.33291996271783,0.0,0.0,9931323.466107825,201914.3756511212,0.0,0.0,224180.22688415452,9225.540327433013,0.0,0.0,2180.1919902495897,65.34200678205023,0.0,0.0,11982.0,449.5446585157029,11592.333333333334,636.8185508185725,11375.166666666666,659.8722351081813,11635.5,457.45895990788057,12148.666666666666,935.5354972777179,,,22.380846884029705,0.2833422384579191,14.774836015402213,0.2878591784315596,12.95339230282872,0.303056043766186,12.58866833286391,0.31215124657711385,5.926570243428041,0.17630797184313002,6.870169653825278,0.14819779445067016,20.399483353640235,0.7174352573190708,19.7319347870717,0.9596948771606985,19.36970597790958,1.1577624160469198,19.813527477375697,0.8543295763336196,20.68534840400279,1.6012430692234285
"TP_[0.333, 0.333, 0.334]_dt48",0.1,summer,12383650.839059686,218545.28429878593,0.0,0.0,210392.1910703933,8448.485764877636,0.0,0.0,1868.479009958727,58.586108345041986,0.0,0.0,12240857.690801928,217926.39617276445,0.0,0.0,214778.8444537694,8559.694786264057,0.0,0.0,1932.4024241058098,60.30336822540329,0.0,0.0,11947.5,450.7073329778428,11472.666666666666,633.1137865081336,11300.166666666666,662.4184226504173,11673.0,462.1752914209065,12270.833333333334,952.4569106614043,,,19.276766439189018,0.31055897667784343,14.243822002269276,0.2779039657900384,14.283910691938182,0.3084085795370166,13.533629503070138,0.30782592476034487,8.60380666832167,0.21406630339948673,8.849652808363317,0.1727542111557765,20.36526950290552,0.7339633397932399,19.55122843433443,0.9526622327162264,19.264114480208182,1.1490528745780244,19.90131584382708,0.8730027349375391,20.91807173872479,1.6312932633949424
"TP_[0.333, 0.333, 0.334]_dt48",0.1,winter,15536588.300006539,252095.42709857895,0.0,0.0,191984.5750736884,8146.086909774488,0.0,0.0,2051.2059329577114,65.32566801468141,0.0,0.0,15321350.363059806,246233.00662456546,0.0,0.0,195913.85780335902,8262.355671915471,0.0,0.0,2108.300506829409,67.59499725488692,0.0,0.0,11808.0,437.3918151954837,11335.333333333334,619.7827576390512,11154.833333333334,653.0281515116071,11630.5,471.48647912745054,12104.0,947.7849967160271,,,14.559803289860481,0.18182521299233542,9.706917654720895,0.12971987086279047,11.79766426736588,0.301372546939677,10.691573323500464,0.2929554013002487,-0.6882860859204599,0.05963893062012889,-0.8508128000717677,0.05001625079739553,20.346106494012695,0.7082254376388816,19.528154093702778,0.9598588266116861,19.224141844933452,1.1637854263935163,20.043898268314425,0.8789830209993117,20.85769929903665,1.6340511045231543
"TP_[0.333, 0.333, 0.334]_dt48",0.15,autumn,11019446.445119156,206022.66341987744,0.0,0.0,172007.09964447134,6774.320636266491,0.0,0.0,2274.839556681462,70.92531716669325,0.0,0.0,10573884.927699903,197553.32665810396,0.0,0.0,178804.83637357948,6931.742820941649,0.0,0.0,2377.6253796374936,73.33750401986522,0.0,0.0,11976.666666666666,444.17053781927774,11367.166666666666,631.6465520104315,11091.666666666666,651.329614455436,11638.0,468.67856789061733,11967.5,908.6175763213038,,,26.08471866859584,0.3694500662004225,16.081391673438517,0.3135146468189539,16.46007994405335,0.420673417029786,15.398876734003338,0.43894198857103356,3.984278802619736,0.14300317573971197,5.022479512888809,0.10262217327349,20.63353687831049,0.710320605753474,19.580120757395978,0.980349850482578,19.111885939004036,1.1483392951807758,20.053501287875154,0.8614710659532714,20.62095513741434,1.589572092558959
"TP_[0.333, 0.333, 0.334]_dt48",0.15,spring,10323172.314789439,220938.8527796762,0.0,0.0,221213.95796184582,9170.153692319596,0.0,0.0,2098.415078084411,62.65622442082801,0.0,0.0,10254588.606362494,207953.55665470808,0.0,0.0,226741.99368578612,9314.920912798461,0.0,0.0,2173.4437755922845,64.71587927759842,0.0,0.0,11830.833333333334,457.52001777700053,11534.5,646.1664646203793,11224.0,664.863294219195,11548.166666666666,471.55589983231766,12129.666666666666,935.253049536149,,,25.27306096901269,0.3694793305627327,14.194771150046867,0.28410171218225905,12.703614206152038,0.30719379894651117,11.805911758861177,0.3106307986929169,5.753933492002535,0.16449235827274156,7.214245417404392,0.14075814130235012,20.302658898975135,0.7127385426578707,19.790393882862954,0.9801344088600598,19.26595190204208,1.1864576181387951,19.822163800318915,0.8789422790364751,20.818831515800913,1.6192316041285308
"TP_[0.333, 0.333, 0.334]_dt48",0.15,summer,12439236.309904339,219620.75204275275,0.0,0.0,210900.66194961895,8444.222018281791,0.0,0.0,1863.1948553077762,58.37439621925153,0.0,0.0,12429274.16182159,217096.09678719944,0.0,0.0,215570.76124340823,8577.175886094092,0.0,0.0,1926.129898722286,59.94004942971562,0.0,0.0,12013.0,472.3596087728078,11427.5,652.3473767863254,11090.833333333334,641.0115183572501,11633.166666666666,459.91495590670525,12063.166666666666,918.4583641443232,,,19.364117764748105,0.29550559314881036,13.858899584074777,0.2801217237162101,15.201543295823265,0.3022371856514311,13.324350016394279,0.30023336656544863,10.537555505042494,0.23870118632254325,9.107401726943676,0.15250372442837073,20.62955290902017,0.7485873061164624,19.61982270739825,0.9880646952179777,19.04980466343258,1.1367415782490593,19.98183798996904,0.8678567531439001,20.71898173017996,1.5958437590109271
"TP_[0.333, 0.333, 0.334]_dt48",0.15,winter,15534697.619841726,251942.35218293747,0.0,0.0,194134.82624490603,8180.833863065405,0.0,0.0,2053.492623053389,65.53207175267131,0.0,0.0,15070080.92374511,238267.2070046026,0.0,0.0,200336.5748147826,8383.519137220377,0.0,0.0,2150.8852399266048,69.14190848120985,0.0,0.0,11803.0,434.00552991868665,11287.333333333334,633.5527339272295,10976.833333333334,656.1321259218047,11602.0,465.5392572060921,11960.666666666666,923.4224746380536,,,17.344678346719395,0.2835816426251372,9.717885060544978,0.13741034043817987,11.23840918529571,0.306158124321999,9.690462272777177,0.26720448538035974,-1.199752083530058,0.08978572907096183,-0.9630734705584839,0.04639299253965891,20.479668182556324,0.7038358935234842,19.580632103331997,0.9738794921336574,19.04939124064586,1.1689095957840243,20.135026462880997,0.8851283399868576,20.755282010584825,1.6099684983453442
"TP_[0.333, 0.333, 0.334]_dt48",0.2,autumn,11014779.194883421,207249.69036217214,0.0,0.0,172911.05023514797,6811.431984634424,0.0,0.0,2280.3248226237433,71.07311062693132,0.0,0.0,10480268.614314761,193049.68100975506,0.0,0.0,181461.0062597446,7043.521727175365,0.0,0.0,2407.8488728578636,74.4767619019457,0.0,0.0,11775.0,455.77494446272465,11338.666666666666,632.5164556489154,10960.333333333334,652.4773303852535,11547.833333333334,456.2807980472843,11961.0,925.8920023415257,,,29.230222864688766,0.38086652047890107,16.117090398200954,0.313122131345496,16.5177145436406,0.4359353721913078,14.954310952045267,0.44169533151078966,3.3165500792127767,0.09747037185507695,4.793449602974525,0.10113000706987121,20.44759570899882,0.7382720256421043,19.685389813309104,0.9622600795957673,19.036678375303868,1.1703948404322697,20.057342088203864,0.8685594803606616,20.772994014184345,1.6172025896113318
"TP_[0.333, 0.333, 0.334]_dt48",0.2,spring,10279758.166711481,219494.72603612667,0.0,0.0,219169.1481118043,9167.049244631064,0.0,0.0,2117.968435109947,63.37911412872243,0.0,0.0,9944832.879927827,206007.50107121773,0.0,0.0,227377.03393160328,9393.2077467966,0.0,0.0,2238.3152252069235,66.22207249596394,0.0,0.0,11837.0,451.02860219724397,11332.833333333334,634.4359437064287,11173.5,644.4829710706093,11601.833333333334,462.35978054613133,11996.0,939.741666629718,,,28.228957569289758,0.45208132335226653,14.555551334625413,0.28090358250176634,13.671666935459355,0.32704973145504024,12.622172637389747,0.33489052277208087,4.931373177373487,0.1552590409251148,6.349799764009557,0.14383644037891424,20.42801255865537,0.7215296325763269,19.553855655735894,0.9697095688301864,19.286940706502893,1.1545360088200354,20.02667770879776,0.8799404056069015,20.70451337030808,1.6245709130958692
"TP_[0.333, 0.333, 0.334]_dt48",0.2,summer,12421443.072479295,217556.3752946524,0.0,0.0,214262.7879050354,8558.991057171268,0.0,0.0,1855.4109720693593,58.840929774980125,0.0,0.0,12713265.971909823,216244.21564944263,0.0,0.0,220112.6828841444,8733.756355394142,0.0,0.0,1920.684415556619,61.19265624041627,0.0,0.0,11905.0,472.63051107604133,11325.333333333334,636.1360441498866,11088.5,650.4376219131238,11771.0,469.34848460392396,11982.166666666666,929.8837382526199,,,21.546312830169995,0.3968873161873165,13.981934728863527,0.28022215031457415,14.108771980527413,0.2783135558776381,11.942448477339779,0.2694876926327295,10.57718637516635,0.28319525005585267,9.487873993576173,0.22034348223361375,20.498647966217227,0.7446834458456366,19.496837247119057,0.9688459718749932,19.09715699809804,1.1617135730396313,20.27273557056121,0.8858736636411324,20.634622218004466,1.6129750219459738
"TP_[0.333, 0.333, 0.334]_dt48",0.2,winter,15603987.619566673,252942.91463708473,0.0,0.0,195296.55975859272,8187.748069646624,0.0,0.0,2051.906746649973,65.4424400290176,0.0,0.0,15648013.781985776,246734.2631800935,0.0,0.0,200866.25564512188,8388.58255334376,0.0,0.0,2123.3256856161274,68.80356182234587,0.0,0.0,11727.166666666666,452.0364660806326,11346.666666666666,633.8440397027227,11055.333333333334,645.9045337096397,11593.0,469.6398620219539,11912.5,940.299473572117,,,15.410481949468064,0.2684105554049315,9.315166186526968,0.15254274839989512,12.44119819038272,0.30384295895765534,9.14940651222379,0.24757716392675908,2.013408073425299,0.16122851807820496,-0.8851489815008179,0.04310452651834697,20.34590223057691,0.7198998549351623,19.68152172343361,0.9638430127144039,19.184248659524968,1.15635354050177,20.117711442830863,0.890634925284401,20.67061594363365,1.6468161876747096
"TP_[1.0, 0.0, 0.0]_dt12",0.05,autumn,11664618.105054593,213922.0233447027,0.0,0.0,186366.40325259915,6819.30228389021,0.0,0.0,2367.1752421828637,73.30167575324354,0.0,0.0,11105383.37063968,204285.6639039591,0.0,0.0,192114.37849129204,6928.007942076648,0.0,0.0,2470.0996724054094,74.9577016654934,0.0,0.0,11832.833333333334,435.9887230957548,11338.666666666666,614.0901128227571,11390.0,644.7309516379684,11588.333333333334,472.6663375645307,12465.666666666666,929.8113070223801,,,18.06273899007268,0.2923042593684493,11.167724571373506,0.2887966890066444,7.007664628468478,0.16090054588455244,8.329168183288004,0.18784771134536082,-2.049559404182887,0.1101748302009029,1.166750636199892,0.11177029107734882,20.185998672559222,0.692253738540863,19.339617205537365,0.9388305871466205,19.43349396109223,1.1258525720583386,19.772534511157602,0.8682856148847946,21.268355649653575,1.6038797397461146
"TP_[1.0, 0.0, 0.0]_dt12",0.05,spring,10735459.135651177,223556.5524396772,0.0,0.0,234308.68069552592,9268.020174482575,0.0,0.0,2164.5751494917126,64.51597522230365,0.0,0.0,10120000.196695035,209760.72997868402,0.0,0.0,240540.89596761038,9394.657893963362,0.0,0.0,2277.9750696093424,66.29719273764486,0.0,0.0,11986.833333333334,451.8891088161636,11478.333333333334,653.2949308441531,11278.0,649.0571623516681,11571.666666666666,464.90500821852464,12403.5,911.1036713788391,,,18.177015125521606,0.31775673680108363,10.76695363438351,0.29589312327733414,5.285116614506657,0.09992841085443135,6.579768410081935,0.1290209516614397,0.5063574847756348,0.0941955212857533,4.288710010330488,0.1399592416502393,20.412819005699507,0.7117779320215832,19.542562138389865,0.983174252806926,19.20919366641542,1.1368400411128745,19.7099725072389,0.8636565337650146,21.12545268225631,1.5711938703540294
"TP_[1.0, 0.0, 0.0]_dt12",0.05,summer,12827926.995670259,220454.3148750072,0.0,0.0,230163.3005424638,8699.169118237236,0.0,0.0,1944.0313749289078,60.25334576446316,0.0,0.0,12323119.03092196,213717.10347501448,0.0,0.0,236426.89686056037,8832.033972951918,0.0,0.0,2055.1073693583207,61.900466686122165,0.0,0.0,12204.333333333334,463.6950147097407,11531.333333333334,631.5871014093517,11514.166666666666,643.6571810107197,11619.833333333334,452.1824484283602,12684.166666666666,944.5084259373585,,,16.545740183489055,0.29737417205659705,11.166688114915582,0.2697231795502275,4.099485547733765,0.09940099992428551,5.401476659733739,0.10175382251699477,1.1430168020496236,0.2235667745362253,5.162970123325024,0.23282461511239985,20.491540707315938,0.7191189125384779,19.357703079110202,0.93528073498836,19.336778197633514,1.1235479271466258,19.51446885107565,0.8366016588722223,21.29950916486469,1.5903861502267116
"TP_[1.0, 0.0, 0.0]_dt12",0.05,winter,16224720.194709623,260564.6805294379,0.0,0.0,206566.53180257845,8227.239174191443,0.0,0.0,2077.795978779251,66.03509249100394,0.0,0.0,15643202.534638586,247218.2797020493,0.0,0.0,212133.15542729397,8354.727211809848,0.0,0.0,2178.5815923062514,68.47400874433414,0.0,0.0,11797.0,434.3514705857461,11432.166666666666,636.763509214109,11230.166666666666,653.7012824422687,11638.166666666666,457.6716799919639,12533.5,942.5611386005684,,,11.477111946053208,0.15615623444420929,5.707531139895639,0.14486623380735442,2.73387851370304,0.0759357615186738,3.900086454451245,0.07995593074536803,-6.105417796663676,0.10775830413217435,-2.158388049130248,0.06534284958372638,20.119821281589704,0.69697645111134,19.493281741818993,0.9623456029345874,19.1561121423268,1.1446438639410879,19.852910076230433,0.8595894284197462,21.377874758034068,1.6150415522676211
"TP_[1.0, 0.0, 0.0]_dt12",0.1,autumn,11757083.317568257,216478.5382118896,0.0,0.0,188409.7997251485,6777.910855333721,0.0,0.0,2359.9998077281084,72.67022177922873,0.0,0.0,10618054.372309085,198561.890766364,0.0,0.0,200811.95456289707,6999.033593669679,0.0,0.0,2577.4109545398474,75.83580410580028,0.0,0.0,11781.166666666666,440.92648669213156,11278.333333333334,637.1623550294437,11232.333333333334,643.1057974133549,11581.166666666666,455.7163225809088,12388.833333333334,935.5112862315805,,,24.26897537061893,0.33649543808986004,10.463638764893691,0.2955120922805528,4.597143437975583,0.09764022734230195,7.322348544071194,0.15881497056931104,-5.363384812275562,0.17581857793408567,1.4659187926528412,0.10094767479264292,20.219841018896812,0.7021974074465845,19.352651904262324,0.9682394913959483,19.281309294905864,1.1358252493569974,19.88060615695138,0.8536558696326757,21.265591624983617,1.6214809974465183
"TP_[1.0, 0.0, 0.0]_dt12",0.1,spring,10901514.535104075,226158.7996816734,0.0,0.0,235731.2085082658,9325.356925382643,0.0,0.0,2182.0160875831702,64.90140719929593,0.0,0.0,9537496.653917463,194842.07035900978,0.0,0.0,250977.48486010963,9613.239304378747,0.0,0.0,2453.6715167089046,69.58251880388369,0.0,0.0,11794.5,445.5283380437208,11445.5,630.2770025948907,11153.166666666666,648.5070290032845,11679.333333333334,466.6093298109959,12287.5,921.3969285818138,,,25.458734542807758,0.3400007892793266,9.386627454789489,0.2796666043678727,2.539646371107827,0.09818310941833754,6.012590428494385,0.13838942015317982,-5.877924803572903,0.12528562408412744,3.517347718041359,0.143151973946329,20.20872677450593,0.7121589434145649,19.606720217530214,0.9566651994386824,19.11293148001562,1.1381860626131026,20.015323487522192,0.8693182993396622,21.05629804042604,1.5970440178570984
"TP_[1.0, 0.0, 0.0]_dt12",0.1,summer,12971005.508432446,221722.6520398764,0.0,0.0,231481.45325978368,8718.625183719518,0.0,0.0,1960.4225844946395,60.43771655227965,0.0,0.0,11952992.362219006,207597.80837618702,0.0,0.0,244354.09195312345,8975.66005471589,0.0,0.0,2185.901485934651,64.20691376422049,0.0,0.0,11851.166666666666,441.6824273917477,11415.5,656.074004972,11214.666666666666,638.7408446832462,11713.0,461.7427855419075,12503.666666666666,934.6281970209689,,,21.17445541710881,0.35001587918831356,10.175801116207834,0.2513678120034311,2.471523598264615,0.12024067999968864,4.859259814873311,0.10899596392901408,-3.3906286830179657,0.2286672490208047,4.362979791175955,0.21615463223272743,20.18901775537482,0.7029918522712602,19.442254864690618,0.9879660669871421,19.10863055524246,1.1328611145932963,19.957940170839162,0.8690416374075308,21.30215665385294,1.5906476171918664
"TP_[1.0, 0.0, 0.0]_dt12",0.1,winter,16372511.809473097,263694.42645177944,0.0,0.0,205844.29320793747,8253.854134783012,0.0,0.0,2073.651949004345,65.75482061423082,0.0,0.0,15044483.791878784,236378.3104691184,0.0,0.0,220801.57027254885,8591.430118248532,0.0,0.0,2338.8529908357646,71.54999125932326,0.0,0.0,11761.5,430.75735629237937,11374.666666666666,641.1569750588905,11115.0,651.302387528251,11633.166666666666,471.0780897756409,12134.833333333334,903.934160581769,,,16.103345184540846,0.19670487084786498,4.848688895855592,0.13597578816947523,0.5824172743315706,0.06310614681783915,4.236936627609587,0.09413923025989658,-11.703569920975445,0.22259034577090847,-1.9548329616441882,0.06883636284239807,20.27038700342842,0.6817414427997429,19.599641539784976,0.9792940662143449,19.15909245453906,1.14223853035932,20.053090290288818,0.8737890918612975,20.917788711958725,1.5916822704089182
"TP_[1.0, 0.0, 0.0]_dt12",0.15,autumn,11872391.219526663,218598.19147264992,0.0,0.0,189775.68919323722,6849.813765642485,0.0,0.0,2372.657978313527,74.0822417283716,0.0,0.0,10086031.179242862,184115.25847109733,0.0,0.0,209474.2732649553,7215.376667495376,0.0,0.0,2717.4172464512226,80.73267801338724,0.0,0.0,11659.333333333334,440.76599989866145,11310.833333333334,624.6180966532004,11102.0,631.7860397318068,11603.166666666666,465.86153164504447,12139.0,907.1107980836738,,,29.494422625062715,0.375917546304974,9.5855563260602,0.2793537629095124,2.1189985145709627,0.15437463323015416,6.6507851563548295,0.17286224197235425,-9.74074595037148,0.16799225977491491,0.9385009119927364,0.1288187477065538,20.16547906062084,0.7037756700133015,19.55895883483597,0.9577192078319943,19.20528311836281,1.1292240849629993,20.072382334491873,0.8722570770595887,20.99789665168851,1.583188293006743
"TP_[1.0, 0.0, 0.0]_dt12",0.15,spring,10973984.952933194,227906.99326951007,0.0,0.0,235786.10675587555,9310.146901389919,0.0,0.0,2168.0998072631237,64.26670635108766,0.0,0.0,9495382.474431833,192724.57700828701,0.0,0.0,254327.6951966393,9608.300201659787,0.0,0.0,2493.253898538544,69.79202106939027,0.0,0.0,11659.0,443.1956678488632,11344.5,642.3039000348666,11087.166666666666,644.0464010198851,11563.666666666666,485.5811638301742,12130.666666666666,911.1789432744082,,,30.80522084490211,0.4149478023688776,8.784276265326287,0.28582979092869415,2.0729123393651423,0.1270056871983075,5.990460767512796,0.1568493368543939,-8.118399154921955,0.086363216838045,4.132481198539505,0.125898847861911,20.175156801185164,0.7108249227011058,19.62708329938168,0.9924756573434554,19.18896463397954,1.1438795315058394,20.014083504885118,0.9016690076489248,20.994711760568496,1.6004819667805745
"TP_[1.0, 0.0, 0.0]_dt12",0.15,summer,13059175.83688466,223623.72365961742,0.0,0.0,230672.54482853712,8697.423928455979,0.0,0.0,1949.9215449283959,60.615711977530616,0.0,0.0,11440319.249713281,198021.51102066788,0.0,0.0,251617.62448619484,9072.93672833683,0.0,0.0,2317.9687836299104,66.47129950197606,0.0,0.0,11968.5,434.2564910280559,11308.333333333334,616.7945092708484,11180.166666666666,655.0689785562026,11681.833333333334,476.8812920074202,12251.166666666666,928.0220722949787,,,25.779534527476375,0.3672466786329508,9.565259008578874,0.2549675124509113,1.010780514018518,0.11011091107559101,5.191934303011761,0.0688961034887525,-7.6685873290332305,0.2608205555187227,4.875949917430675,0.19000527253408186,20.49642949348163,0.6960308161374921,19.36236248537921,0.9477356190451411,19.149019296723363,1.1438575224431684,20.00895757108006,0.8765506086366015,20.983231153335737,1.6089392510559184
"TP_[1.0, 0.0, 0.0]_dt12",0.15,winter,16383466.957278008,262610.36133582616,0.0,0.0,207221.696121698,8326.627100214775,0.0,0.0,2069.6868986060067,65.23103662099598,0.0,0.0,14464712.41608557,229475.3915963858,0.0,0.0,229359.63968439653,8746.500739953632,0.0,0.0,2455.9723594463953,72.25324795072926,0.0,0.0,11593.666666666666,448.1980217121299,11337.0,623.8519055032212,11122.166666666666,649.4928534377158,11629.333333333334,467.2115866143164,12167.166666666666,902.5265462393154,,,20.665022524248386,0.2730522200049588,4.784929292832513,0.12994507213085585,-1.632771460713846,0.08383042951643961,3.596405090719793,0.1136283635359231,-15.562704284912257,0.3198960151467882,-1.760409536810408,0.07721067483205007,20.04011576599589,0.7324127047930762,19.592794989145432,0.9677595906843882,19.227529828690407,1.1407716518481252,20.10525939640709,0.8707835752902757,21.034300019761183,1.5831731939442026
"TP_[1.0, 0.0, 0.0]_dt12",0.2,autumn,11906103.417170336,220051.03990491902,0.0,0.0,190611.95890282435,6888.93817689611,0.0,0.0,2348.7702461457447,73.02068026391353,0.0,0.0,9871659.703150174,180532.86310914156,0.0,0.0,213924.58969592967,7281.023726830942,0.0,0.0,2754.706895434216,80.58138170638716,0.0,0.0,11587.5,437.9199698575073,11263.5,628.820721668744,11149.666666666666,646.9518271607757,11620.5,452.74661787803575,12114.5,895.3356353904385,,,33.33971510377656,0.38364819080986623,9.328917229368612,0.28255791414966414,1.5694201996700305,0.1424640736342325,6.239585482372656,0.16676953668668043,-10.61581719537069,0.18632867407169845,1.935466348346213,0.1366982161275764,20.068390421658844,0.6954336035438453,19.50371791749605,0.9710853080852195,19.31401902560807,1.1575454179463576,20.1294760730546,0.8453992220623762,20.984396562182432,1.5702802796150102
"TP_[1.0, 0.0, 0.0]_dt12",0.2,spring,11013150.679387512,224748.35111384798,0.0,0.0,235292.63688241594,9303.885877075074,0.0,0.0,2195.3848994108052,64.3838056774543,0.0,0.0,8872829.211977838,189276.49770794684,0.0,0.0,260601.74232201985,9722.960012984066,0.0,0.0,2639.260291204972,71.51457789998554,0.0,0.0,11561.666666666666,432.17064530884903,11247.833333333334,630.010608376293,11030.0,651.7880023443204,11611.0,466.80531273754804,12061.5,905.291058168587,,,35.965790104674205,0.4795958983673012,8.458208933674804,0.2681545902843898,1.044843958210022,0.12295072794156188,6.187383174517837,0.14537355182122888,-12.104738499704299,0.20516453292222303,2.9252923085178897,0.08518029301944949,20.10198907727306,0.7056928978845279,19.552549181956092,0.9837613212804431,19.1803262248126,1.1566465196392246,20.191425256736,0.87806484387345,20.973710259222248,1.5925822926796176
"TP_[1.0, 0.0, 0.0]_dt12",0.2,summer,13161304.219628498,223979.001564011,0.0,0.0,234275.5832524785,8795.182965356154,0.0,0.0,1951.8456942150308,60.23841971767738,0.0,0.0,11513421.169650577,197502.43994237206,0.0,0.0,258702.4112749647,9178.238284504001,0.0,0.0,2371.712385860393,66.41041286182947,0.0,0.0,11816.333333333334,452.17636677149187,11254.333333333334,635.8939114873383,11099.5,642.5632264610232,11614.666666666666,477.6298427303998,12125.666666666666,905.892193733154,,,28.950454707467866,0.41736227239815127,8.857914186187983,0.24215961885054418,-0.9625036362036692,0.18907783390522812,3.710532916061897,0.09468987758291221,-10.432285321095497,0.34456341299332544,4.781489194805061,0.20545062127967678,20.40282734744625,0.7118446240226477,19.42848654055803,0.9680148202305112,19.169242553452563,1.1477686969703398,20.058859359240394,0.8876119599789066,20.940584199302762,1.5864538516342366
"TP_[1.0, 0.0, 0.0]_dt12",0.2,winter,16449268.301651463,260681.26798744765,0.0,0.0,208831.91602957874,8273.588310780618,0.0,0.0,2059.3051199078286,65.57071932799097,0.0,0.0,14100243.725490643,214081.8877061707,0.0,0.0,238660.02524518291,8816.795547442454,0.0,0.0,2571.684221724761,75.11483358534467,0.0,0.0,11559.833333333334,444.98602974325684,11210.333333333334,611.0890824312496,11051.166666666666,647.0216122098758,11657.666666666666,468.885344904985,12061.0,905.6942088806794,,,23.77656713024555,0.3190586197540331,4.402295146663051,0.12138570767327893,-4.049487141691042,0.17560045449330833,2.8455183831232542,0.0659101526856356,-18.687549324914944,0.36859026375276366,-1.2490860158507868,0.06781826788959913,20.088574788445772,0.7128008635208755,19.47784488282521,0.945822318391105,19.207736441673323,1.146822248096136,20.262354304494725,0.8704839624055498,20.96348958256097,1.605266537450648
"TP_[1.0, 0.0, 0.0]_dt24",0.05,autumn,11231072.235059349,208026.98368608678,0.0,0.0,179713.9575748817,6834.404931708194,0.0,0.0,2370.6155584426424,73.73248255697371,0.0,0.0,10635745.194676833,197349.08722387825,0.0,0.0,185744.7060730479,6956.425350350957,0.0,0.0,2478.9736617268695,75.62841892935415,0.0,0.0,11798.833333333334,437.4427581600441,11286.0,610.4375479932406,11238.5,647.3109762702932,11515.666666666666,476.6464797590208,12132.0,926.3083719798715,,,21.52793344371075,0.30085124600221397,14.469580616391605,0.30270182791263844,10.094418548770546,0.28508164515493606,11.605030531492334,0.31124851957127436,-2.415870487883189,0.16619948753146827,1.0233293844385427,0.17987654447873136,20.351793279234716,0.7031615014486969,19.463696407387896,0.9401535785479076,19.388154576951717,1.140494540384704,19.86716341875368,0.8875527761897091,20.929192317671994,1.6145536495469894
"TP_[1.0, 0.0, 0.0]_dt24",0.05,spring,10450276.610254947,220932.57288260612,0.0,0.0,229724.61819562563,9294.106693375727,0.0,0.0,2166.6725930706993,65.45970926871433,0.0,0.0,9775620.355869012,206584.8717261291,0.0,0.0,236610.91095503533,9431.836064053208,0.0,0.0,2292.3159929710664,67.42844706226525,0.0,0.0,11751.833333333334,453.8940037791499,11337.0,647.8302246731005,11163.333333333334,649.2443813131279,11523.166666666666,464.22038588009747,11995.833333333334,903.530501237599,,,20.962019773115085,0.2977790387011942,13.137900704040577,0.28058364306104466,6.834935790110362,0.17107394651849883,8.410073932303561,0.20620527809663944,-0.1192556070150469,0.09026122996086913,4.196905681061918,0.15189376030211024,20.340648372731838,0.7261252934214201,19.61838808984592,0.9918028082370075,19.325636529986934,1.155387673186256,19.949012194988477,0.8720890077554423,20.766314812446833,1.5862262732684798
"TP_[1.0, 0.0, 0.0]_dt24",0.05,summer,12426109.019458348,217411.8569421253,0.0,0.0,224474.58703135897,8624.889257533752,0.0,0.0,1921.019055625877,60.6118031446992,0.0,0.0,11855105.567628436,210388.98576925657,0.0,0.0,231366.48304179506,8760.80915202411,0.0,0.0,2044.0384243968804,62.40375251438222,0.0,0.0,11879.333333333334,455.07742930919636,11375.166666666666,635.3787584320605,11417.5,656.5761951213278,11605.0,456.30779086051103,12197.333333333334,936.6746856121749,,,19.71560720215669,0.30935504403288794,13.949611518887457,0.2809129730811796,6.153580167086196,0.11454312097154207,7.74135900862457,0.13375430519181875,1.6764931927302218,0.21067224178981908,6.28693899959848,0.2270694983218793,20.314106891305546,0.7210544804736476,19.447955416999765,0.9610389820966762,19.528055629701445,1.1574168872864965,19.849290596173617,0.8567707712055732,20.860591465819628,1.6138283794025696
"TP_[1.0, 0.0, 0.0]_dt24",0.05,winter,15756472.165414855,251836.97163495226,0.0,0.0,201933.96226206515,8179.184654059399,0.0,0.0,2099.773208891767,66.04264891086567,0.0,0.0,15128928.139785744,239616.0857295938,0.0,0.0,207778.02343305352,8311.808911243803,0.0,0.0,2206.241348161262,68.5393454799296,0.0,0.0,11746.166666666666,420.9115900835551,11371.333333333334,636.1382449331802,11145.166666666666,648.9355643410724,11609.333333333334,466.46057353935777,12190.0,936.9198471587631,,,14.387312572704543,0.1809107320259481,8.428700118135016,0.1636619010199265,4.732678433153056,0.11735159885055856,6.057338714929088,0.13494980794758857,-7.453580371511337,0.12875264415078885,-3.2398263848758657,0.07734379016442741,20.22940424942976,0.6802472325235009,19.58002282621534,0.9841230636918875,19.197656860665763,1.1540046869873624,19.997438804662824,0.8733064711325657,20.995477259026313,1.6177387408450425
"TP_[1.0, 0.0, 0.0]_dt24",0.1,autumn,11325937.15539594,209474.11856601236,0.0,0.0,181979.79915923765,6788.323337559861,0.0,0.0,2354.862657977905,73.52602237273895,0.0,0.0,10068950.246677106,189561.50807818305,0.0,0.0,195622.20641888006,7021.299857097628,0.0,0.0,2594.3756068577222,77.17899335393147,0.0,0.0,11726.833333333334,438.97217072004327,11239.833333333334,638.640874566189,11146.0,648.0080246416705,11507.666666666666,464.69889892990545,12044.666666666666,934.4124713779595,,,28.18540808392373,0.33941892108123206,13.747094616662622,0.3075968950010557,7.065471240330414,0.17119515164213567,10.48866643399415,0.2521922757522501,-6.056060259056696,0.1671994809036928,1.6814160895933707,0.1324579682251783,20.33497421574445,0.7091810293101196,19.486242875158606,0.9828840904054995,19.331235168855372,1.1571784683084787,19.95891660056239,0.8767435794162404,20.888631139679187,1.6330112389885543
"TP_[1.0, 0.0, 0.0]_dt24",0.1,spring,10566503.417261202,225519.54637254772,0.0,0.0,231403.92374881034,9218.560104764965,0.0,0.0,2162.100717330539,65.97617757323536,0.0,0.0,9126416.048610847,190290.36855733793,0.0,0.0,247744.43020270366,9518.545015468184,0.0,0.0,2453.4705082277565,71.1769725110488,0.0,0.0,11712.0,438.00319633536935,11319.666666666666,626.0235352338335,11065.333333333334,640.4272532198066,11683.333333333334,464.3652298209531,11968.666666666666,924.8765683412391,,,28.672116112423776,0.3219387824667706,12.172135840777932,0.286932423611867,3.79545061030904,0.12366983773543312,7.738700912110827,0.1670829331788225,-5.867568027119915,0.12121218735349985,4.399769196140928,0.1753576544869049,20.27974448993197,0.7075828544801188,19.596144610472127,0.9559396907833785,19.16328567408054,1.140081171416244,20.23429220081177,0.8815708548430119,20.72653302470359,1.6125159563280291
"TP_[1.0, 0.0, 0.0]_dt24",0.1,summer,12528040.878187658,218611.95255731925,0.0,0.0,225830.21721879113,8676.904343947119,0.0,0.0,1930.6840503191868,60.597130101395244,0.0,0.0,11472178.558669657,204192.55664563732,0.0,0.0,239199.05723043336,8928.554817812577,0.0,0.0,2164.7671810155634,64.39333079592552,0.0,0.0,11652.166666666666,428.88339518646205,11308.0,654.4368571527738,11102.166666666666,637.6649329127853,11641.0,466.81730901927807,12074.666666666666,932.885559255082,,,24.345651182083117,0.35418208384011923,13.243721259972949,0.2657340599934576,4.530786915646408,0.1271975149538806,7.184154844028523,0.14500759556333115,-2.3900433772591834,0.21690654635084378,5.815107676370064,0.201980423025616,20.166127776902407,0.6952150005385642,19.56603834840422,1.0086293923410947,19.218040340859304,1.146902243664297,20.150856931343263,0.8844359284060204,20.898936602490807,1.6155573059297228
"TP_[1.0, 0.0, 0.0]_dt24",0.1,winter,15905494.486151516,253410.40938082043,0.0,0.0,201355.25659309956,8171.203796974634,0.0,0.0,2093.0757714257247,65.98818460283155,0.0,0.0,14481005.762548866,227319.8803381227,0.0,0.0,217615.53137215157,8512.738061977294,0.0,0.0,2380.80335013381,71.94492228652409,0.0,0.0,11726.333333333334,435.44261007240254,11313.0,640.1934082759678,11046.833333333334,654.63682043303,11610.333333333334,474.8598389700553,11875.666666666666,911.09816521968,,,19.24552799926785,0.22470865146189686,7.5625965361201715,0.14642439737999152,2.0176185871889527,0.07363403550906822,6.326810203840183,0.13559848128230587,-13.708239311930468,0.252870543482529,-2.9103491249011566,0.08255537917206571,20.366765635054982,0.6992142244053475,19.644748546739198,0.9869034702662169,19.18965371512622,1.1609288415923964,20.16921450129694,0.8890454643102261,20.629617601782662,1.609077984429397
"TP_[1.0, 0.0, 0.0]_dt24",0.15,autumn,11459643.852291197,210857.88507618837,0.0,0.0,183457.06861426088,6857.42271353771,0.0,0.0,2365.685912681614,74.23278061109929,0.0,0.0,9600680.147335203,178456.90608675085,0.0,0.0,204280.36077021924,7226.368219377468,0.0,0.0,2729.965030730315,80.88931062397332,0.0,0.0,11591.166666666666,438.4707135792155,11259.833333333334,628.5180718695898,11024.5,636.8057003513708,11573.166666666666,462.98138911479634,11885.0,907.8054857732466,,,32.88742729824149,0.3907465944155847,12.728771909056475,0.291369423531576,4.548425128660021,0.20668731189700146,9.7621639950032,0.2762424358781473,-10.247809971536268,0.2135593567735913,1.229912933597454,0.15213352811611885,20.21570965449119,0.708016654704904,19.633914505794788,0.972602935290924,19.231060050416882,1.1456552805379832,20.188373022680533,0.8759056418738248,20.730942766616604,1.5978513801480891
"TP_[1.0, 0.0, 0.0]_dt24",0.15,spring,10707630.807250569,223175.49180727598,0.0,0.0,231111.07876029835,9309.20449092466,0.0,0.0,2146.505222627043,64.78484559044898,0.0,0.0,9081897.43019857,187791.50582704868,0.0,0.0,250757.12394355735,9626.839136627801,0.0,0.0,2492.6727736325624,70.40167243275042,0.0,0.0,11547.0,444.22291701351924,11296.5,640.3670041468408,11016.833333333334,636.6981754855806,11516.0,475.68897401558513,11836.333333333334,909.1322602716652,,,33.81877571706809,0.4040797255980666,10.998357724489402,0.26763704548916195,3.4496044293169086,0.10942088740289946,7.856771332937188,0.1966162750393,-8.092569809271414,0.05003199839009873,5.0885569811779865,0.1474709785364073,20.181115442809766,0.7152517994928952,19.73924216691534,0.9916969095519235,19.25798985410571,1.1418395492954458,20.13108512382179,0.8961150027792711,20.6905674123474,1.6162576751299618
"TP_[1.0, 0.0, 0.0]_dt24",0.15,summer,12608490.610546017,220060.52865711472,0.0,0.0,224837.49536384537,8606.416775571703,0.0,0.0,1926.070192402568,60.51428586435738,0.0,0.0,10911598.366981862,195230.97795083062,0.0,0.0,247027.5866445958,8981.160169066949,0.0,0.0,2316.2425870238926,66.19359846011574,0.0,0.0,11727.666666666666,434.41393470590515,11212.666666666666,624.4186629711404,11095.833333333334,651.7114136384803,11613.166666666666,470.5067126690829,11952.833333333334,922.3507828731251,,,29.21022480199643,0.3631325976108657,12.686612128430333,0.26858371108279133,2.817423117879702,0.10354285550662821,7.591812477214017,0.11780066007370446,-7.588692534762529,0.27270101771271155,6.040284658977441,0.19556108668710112,20.358780973778398,0.7095021143440924,19.46073760718984,0.9669523932923252,19.26480839411609,1.1580264517259997,20.163795804006213,0.8871979980339849,20.75187722090946,1.6134671313310065
"TP_[1.0, 0.0, 0.0]_dt24",0.15,winter,15881247.432656318,252747.3055429365,0.0,0.0,201765.39551827815,8275.830790815286,0.0,0.0,2098.2555115307127,65.67112882669986,0.0,0.0,13903622.730203405,220176.50940441398,0.0,0.0,224883.83480782688,8698.437865753405,0.0,0.0,2501.9516317603325,72.99741577768636,0.0,0.0,11556.333333333334,449.24054432638513,11289.833333333334,623.9953258371946,11045.5,654.3985788493125,11617.333333333334,462.32528231394275,11899.333333333334,908.5185010040614,,,23.742300252263046,0.298631119624691,7.703483488303338,0.14861388115587926,0.35224558024295644,0.07306560704623544,6.137342778405363,0.1750121461676548,-17.7269427283271,0.3447203401888971,-3.1656557673232837,0.10098748959601798,20.12894276018548,0.7369619585446888,19.661151769761148,0.9759452040525889,19.241985792906004,1.1636301385600547,20.238681768654363,0.8655971459983012,20.729237908493,1.6035108488600258
"TP_[1.0, 0.0, 0.0]_dt24",0.2,autumn,11440415.4554957,212835.08288138616,0.0,0.0,184021.70429862756,6862.461321714061,0.0,0.0,2333.43351752357,73.12066660667647,0.0,0.0,9315665.057162387,175667.07181860175,0.0,0.0,208158.15553810084,7268.64253498124,0.0,0.0,2754.3643836900774,80.98925175762425,0.0,0.0,11520.333333333334,442.5754926186791,11219.666666666666,625.1654714286984,11053.666666666666,644.1654031897918,11509.5,449.9994444441015,11853.0,899.1794036787096,,,37.09454525999424,0.399227370850977,12.875478241124496,0.29176078110268366,4.224979138852183,0.19782610096956027,9.484213649247458,0.2698990673024579,-10.60171397984976,0.19797485394571301,2.576371387728322,0.14559897556809503,20.154398591226073,0.7128856087595831,19.624639444748126,0.970260588136059,19.341870110806752,1.1631434418773448,20.13950375647389,0.852550645810502,20.73958809674516,1.591474746276672
"TP_[1.0, 0.0, 0.0]_dt24",0.2,spring,10662016.016897107,222330.2486873454,0.0,0.0,230112.01305717917,9340.279062455667,0.0,0.0,2192.042486119975,65.31967155957688,0.0,0.0,8491426.751505326,182988.15126833663,0.0,0.0,255625.32961412086,9806.35903344235,0.0,0.0,2641.080644741882,73.5040859345497,0.0,0.0,11505.0,434.3795575300476,11189.666666666666,629.8093891541048,10978.666666666666,644.6809029796578,11603.166666666666,467.48493736875275,11838.0,910.6274759746709,,,38.71852720648297,0.46708371459493314,11.377559027359444,0.2517435965410521,2.937681900175697,0.1250333356726459,8.256002287996994,0.21992684946684496,-12.180123316375827,0.14127057753978486,3.074166024528958,0.11864137124649694,20.14266586333428,0.7140291312285748,19.58664537841003,0.9870164965460276,19.223999011308326,1.1531415604701045,20.318344714268765,0.8876219150084325,20.7283450326786,1.6121196833775673
"TP_[1.0, 0.0, 0.0]_dt24",0.2,summer,12694272.801130407,221208.46512248027,0.0,0.0,228650.1330104452,8712.876138987423,0.0,0.0,1915.6283679663775,61.01736005564447,0.0,0.0,10953357.400190987,191526.58680942055,0.0,0.0,254223.272226006,9097.057253878878,0.0,0.0,2357.417129435471,67.66373232729539,0.0,0.0,11658.333333333334,443.11563577317685,11232.0,640.0190622161186,11033.333333333334,645.7196502094903,11551.833333333334,474.52520129774615,11858.333333333334,902.4058214942248,,,32.40694026507338,0.39569309747730375,12.092583598102317,0.2483934326054006,0.7864629141263478,0.16707585976422118,6.024266848551064,0.12405988754321888,-9.764807251671058,0.31881057739835866,6.550619255238327,0.23212372438026768,20.332579751134634,0.7077904882200173,19.58503851010109,0.988699163462001,19.246631418318355,1.164613215267065,20.150942656003973,0.8893403434355565,20.684807664441944,1.5946606953020568
"TP_[1.0, 0.0, 0.0]_dt24",0.2,winter,15988193.00861305,251700.18265324718,0.0,0.0,203605.10330855558,8219.66074168269,0.0,0.0,2081.4392999544966,65.79950989265531,0.0,0.0,13580615.610957684,208226.6408041922,0.0,0.0,234331.06510394535,8792.008507351991,0.0,0.0,2608.328267067455,75.63943350783634,0.0,0.0,11511.833333333334,442.9972535656021,11176.833333333334,608.4447112652608,10986.333333333334,643.667201795048,11663.666666666666,470.64197291217744,11923.666666666666,914.0894194041774,,,26.585566045737284,0.349726957955409,7.081757155182101,0.14002844925416316,-2.1603169424897413,0.13617725857667687,5.279508794793046,0.11637099608670728,-20.3794599146963,0.41031258631940704,-2.3379751756155875,0.07462159228799223,20.10218988059536,0.715363312941209,19.5141922353541,0.9563065615761885,19.18784228282688,1.1517430758042109,20.37075806988375,0.8696165430167159,20.825017531339913,1.6234486362652052
"TP_[1.0, 0.0, 0.0]_dt4",0.05,autumn,12367005.92407093,217984.47704952775,0.0,0.0,195099.49434667404,6938.974041808517,0.0,0.0,2384.9445284978156,73.8221027824888,0.0,0.0,11907860.368685814,210422.9562214594,0.0,0.0,200279.0705409074,7046.91736422129,0.0,0.0,2476.1189912182804,75.35154571986601,0.0,0.0,12101.166666666666,440.05791285541784,11570.0,618.8951445923615,11743.166666666666,661.347538489913,11893.666666666666,491.9344129725696,12660.166666666666,930.2813373741659,,,12.141084222203418,0.27401255929076007,5.817802696546103,0.24478184026950783,3.053163888078419,0.08561217277924892,4.030679356387879,0.10584637326838157,-2.297943489364676,0.09034392706555042,0.42489635673369835,0.1043672047548443,20.178061590840972,0.6797146661708583,19.289185377598116,0.9253799825762345,19.583776429937213,1.1224500496770047,19.835660856954764,0.8790992084554548,21.113315744668927,1.5744448645802316
"TP_[1.0, 0.0, 0.0]_dt4",0.05,spring,11380890.939629564,238213.9509111091,0.0,0.0,243240.9844547984,9304.438803077199,0.0,0.0,2215.187000679646,65.08802119747908,0.0,0.0,10841427.029562367,225573.88838299047,0.0,0.0,248864.67100895479,9422.969450502218,0.0,0.0,2316.4617119593845,66.64880048472223,0.0,0.0,12250.0,446.21743578663524,11765.666666666666,655.2552683242362,11620.833333333334,651.2988305429901,11879.166666666666,464.48570125103595,12583.666666666666,911.9795319340599,,,12.344288379161549,0.30941310459987553,5.4023849142684375,0.28201964205759184,2.003776973214782,0.1515084856323189,3.0142940625975747,0.15376898807010658,-1.175388078162382,0.09596093138651286,2.049831676979158,0.10991024818821483,20.381974108396626,0.6954955922996227,19.57157614059555,0.9602662989741501,19.33794828542771,1.1093959364070034,19.76898240948875,0.8523897033788617,20.939519056091367,1.5323219192384931
"TP_[1.0, 0.0, 0.0]_dt4",0.05,summer,13626673.882475011,227641.21285051742,0.0,0.0,237416.1712861279,8855.80222266787,0.0,0.0,2009.4095880579468,61.043809923923924,0.0,0.0,13179130.235973181,220529.36876108157,0.0,0.0,243046.07354106425,8988.165037341856,0.0,0.0,2108.791401978767,62.6446877560107,0.0,0.0,12477.5,465.5653552402713,11803.166666666666,625.1989816583729,11773.666666666666,672.6266919076778,11875.5,456.2279035745185,12840.333333333334,934.7970189654368,,,10.748026352361835,0.282239749042086,5.634809652372675,0.2580362321069501,1.413466302602867,0.08928790157138479,2.419012562641678,0.09207727283063999,-1.4403279822981936,0.20795876312893374,1.972130373193572,0.21029565455969196,20.53098929505662,0.7088524020935203,19.417537206190385,0.9002521425150083,19.37649697872966,1.1414068872122864,19.54477201868681,0.8320059938316002,21.130204501336525,1.5430807134210893
"TP_[1.0, 0.0, 0.0]_dt4",0.05,winter,16746740.801436028,267805.2668752574,0.0,0.0,211615.88891688306,8339.488805701643,0.0,0.0,2051.978811740044,65.76803104990066,0.0,0.0,16264067.843267685,255465.38830178755,0.0,0.0,216624.00744006803,8462.324541668346,0.0,0.0,2140.6408914198123,67.9552427340578,0.0,0.0,12056.166666666666,435.95477594203135,11659.5,640.1861448047748,11513.833333333334,649.5368863018222,11907.333333333334,465.9217387788065,12735.166666666666,941.9939313321858,,,7.963596439686893,0.16488697327648286,2.6736416891160846,0.1489879151049151,0.6737396798314066,0.06332020819219027,1.5496555941295582,0.06686135691160502,-4.256640649575361,0.07339715288926463,-0.888281610339695,0.037667766914833506,20.135521860418955,0.6809139947138203,19.469201063428216,0.9532424475162067,19.232828533207794,1.1160035880671988,19.8906813514404,0.8485954450466228,21.271767191504633,1.584409664741416
"TP_[1.0, 0.0, 0.0]_dt4",0.1,autumn,12462430.80646546,220609.71928137256,0.0,0.0,196158.4121257598,6865.586716022981,0.0,0.0,2380.930937476207,73.66175306288561,0.0,0.0,11508573.56180787,205063.47138716758,0.0,0.0,207261.90882766808,7094.089407572271,0.0,0.0,2573.4690259291356,76.59069739833923,0.0,0.0,12085.666666666666,414.9673079492731,11513.333333333334,626.1819756801267,11579.5,656.7820795362796,11874.833333333334,472.5744033130303,12592.0,939.8910575167744,,,17.916568809815782,0.32739608065047837,5.0911596342723255,0.26046354642442193,1.5311427617940225,0.06422125183655147,3.5081855350243116,0.10263010715549463,-5.201261528208627,0.11967232649535411,0.5924428316480795,0.08884225029401908,20.261873493417706,0.658886796229243,19.298308674112405,0.9367507324564556,19.415510005159543,1.1218185037182102,19.911785743514827,0.8618963201422734,21.112522083795515,1.586279506989818
"TP_[1.0, 0.0, 0.0]_dt4",0.1,spring,11516205.72056769,241848.66736688945,0.0,0.0,244206.4004640478,9327.981617130301,0.0,0.0,2230.4601535345278,65.5420775116646,0.0,0.0,10355480.088167883,212201.739737587,0.0,0.0,257519.34131693214,9604.375872596765,0.0,0.0,2466.38452808356,69.9460480251309,0.0,0.0,12108.666666666666,434.71538581774047,11665.166666666666,636.0667941864806,11345.5,640.6701959666926,11865.5,470.0492527384763,12476.666666666666,932.4380229627418,,,19.065831831595773,0.35635507740700095,4.277782202544761,0.2776128244532137,-0.003949205504722913,0.17260434099633992,2.6291862563280852,0.15666070449085392,-6.426473025557875,0.09221574334637965,1.3744767229450163,0.10624243941031515,20.363135080743106,0.6928651438591242,19.612892511071813,0.9453535779591287,19.081891187461157,1.0952303761677211,19.95786195569958,0.8655330086529814,20.984219265024343,1.5844815238295447
"TP_[1.0, 0.0, 0.0]_dt4",0.1,summer,13776539.736409567,228983.36959587096,0.0,0.0,238434.9326839263,8790.891513248167,0.0,0.0,2019.9363747009213,61.270987999931044,0.0,0.0,12862708.699192138,214773.34664618547,0.0,0.0,250533.65633763853,9039.09430883653,0.0,0.0,2229.2996218131716,64.9456964101869,0.0,0.0,12034.666666666666,428.6526177065373,11678.833333333334,656.0851824776008,11477.666666666666,654.9569960437609,12083.5,465.63923803734565,12658.833333333334,929.9218067486463,,,15.174490252772948,0.35834643668759075,4.596928294865381,0.233984267849251,0.003111536995970335,0.13691729748381193,1.998920082273808,0.11646553669216671,-5.443843689212692,0.19296049749260138,1.4585413649600303,0.17444877383424456,20.079271029029663,0.6752560599927921,19.480976458068728,0.9680778605544317,19.152722163437065,1.120598158630771,20.164718138744075,0.8602172405752274,21.12231221072047,1.557576290672686
"TP_[1.0, 0.0, 0.0]_dt4",0.1,winter,16859747.903611857,268593.59205436736,0.0,0.0,210865.39509741214,8343.79601339881,0.0,0.0,2049.955705793886,65.58275632001238,0.0,0.0,15747934.122766448,242426.19839567097,0.0,0.0,223989.07341972482,8673.277454621842,0.0,0.0,2281.15639824021,71.07210192106535,0.0,0.0,11983.0,435.42301271292484,11525.166666666666,640.3575303427506,11357.0,648.1681880499843,11865.333333333334,469.84876999590665,12317.166666666666,914.076455591471,,,12.180128605626317,0.21488942446908801,2.0168111264352455,0.1431602457544106,-0.8533682701473544,0.062445118328312926,1.8993160461102325,0.07901193466463863,-8.946358644861652,0.1882547586043513,-0.7889737218268401,0.03388971483409974,20.29216390617268,0.6664885224230085,19.513144353711397,0.9583910247208538,19.23566092782693,1.1260581268423644,20.09683162971325,0.8523750300018909,20.862199182575743,1.5800627677893513
"TP_[1.0, 0.0, 0.0]_dt4",0.15,autumn,12547990.700738857,221841.25257168428,0.0,0.0,196975.36883240615,6912.919278474491,0.0,0.0,2389.5914102341253,74.66014196451309,0.0,0.0,11027743.783201305,193450.48036450462,0.0,0.0,214763.9291761856,7287.181166682195,0.0,0.0,2698.6883669820113,80.44890470634314,0.0,0.0,11923.333333333334,446.3996714455179,11538.5,631.9644768497673,11384.833333333334,647.3973792553282,11862.833333333334,461.34473733496367,12345.666666666666,911.1723583750041,,,22.91077791654359,0.3765480883557444,4.4395778684557685,0.2416736183393457,-0.3540528306727501,0.0917993490632698,3.1065796096860887,0.10373754013213057,-8.983980355300762,0.09048508315601857,0.2316297276837109,0.11325739106836849,20.18922164467925,0.7115627601398766,19.533311107471224,0.9435591320309302,19.28033146166307,1.1238725843397204,20.090736940035207,0.8592501546167873,20.906398846151244,1.5526056842529723
"TP_[1.0, 0.0, 0.0]_dt4",0.15,spring,11558316.820563411,240296.4871243813,0.0,0.0,244380.08377088048,9361.905264604728,0.0,0.0,2222.7664930279684,64.9273651678898,0.0,0.0,10338621.987389365,212967.1779054097,0.0,0.0,260643.42538927784,9674.978646909814,0.0,0.0,2504.5428104011103,70.12951569088028,0.0,0.0,11924.833333333334,450.304526589137,11572.666666666666,647.7853553968833,11294.333333333334,636.0143604248783,11788.0,472.45105566608714,12388.666666666666,891.0507654823414,,,24.660741072140343,0.4535571773368278,3.927460122607744,0.25153137882187654,-0.3610115661581423,0.1611960042806121,2.5602959015759135,0.15234203004860986,-8.607913507778008,0.0801369169556737,1.714275447058511,0.10388057361375108,20.220940236704635,0.7017467326067892,19.61956301441499,0.9650550290920848,19.155129814407967,1.1052579581349893,19.993052475084998,0.8680332415884875,21.011314459387407,1.5417601112385828
"TP_[1.0, 0.0, 0.0]_dt4",0.15,summer,13830246.162836313,231931.71578578383,0.0,0.0,237681.84541626472,8800.495557054759,0.0,0.0,2013.4798357234067,61.16524938073973,0.0,0.0,12428708.276512126,211981.55677487035,0.0,0.0,256574.75537836817,9183.452763391299,0.0,0.0,2342.512546304218,66.3223960932452,0.0,0.0,12152.833333333334,448.48429924208784,11464.833333333334,622.7080910560474,11409.0,654.2828134683044,11937.0,473.01712442574427,12387.0,909.673128107014,,,19.367075050817913,0.3689449385396687,4.225172905715575,0.25176883732327243,-0.9402626796998638,0.1576453595770296,2.3089574540799958,0.10970258227916747,-8.809487128884113,0.2435229467767277,1.773642236909611,0.17573577561716727,20.47521482931908,0.7070794286867554,19.312264940893353,0.9315878192885924,19.22471580098219,1.1245936372177598,20.115542326747832,0.8710940439682165,20.87226210205755,1.5486359701483077
"TP_[1.0, 0.0, 0.0]_dt4",0.15,winter,16876027.789039668,268684.46909975,0.0,0.0,211969.19248409124,8409.759235217956,0.0,0.0,2046.5414166193398,65.21058740312861,0.0,0.0,15248968.737624312,239189.0143413132,0.0,0.0,231492.70501941143,8813.545780659153,0.0,0.0,2384.879689575739,71.68227271481648,0.0,0.0,11924.0,444.4808207335835,11504.833333333334,618.3987117278518,11263.833333333334,650.5721840554409,11871.333333333334,470.16833864762407,12365.833333333334,894.7606197562935,,,16.363406302025975,0.282716764528442,1.9221976934621587,0.13125640048410217,-2.578131023912586,0.06249416787793477,1.386136939946044,0.09141613625724439,-12.215596737496128,0.2501566899514372,-0.6214471436989816,0.032925577258091906,20.232957254372167,0.7018879180955003,19.518676812521864,0.9458851479971169,19.11549594819641,1.124935877314862,20.146791307183104,0.8467040659633801,20.986078677726457,1.5473226086160055
"TP_[1.0, 0.0, 0.0]_dt4",0.2,autumn,12590983.487886988,222272.79990027894,0.0,0.0,198290.09984932354,6979.935424364885,0.0,0.0,2378.698024461268,73.73957536605171,0.0,0.0,10874023.91136967,191603.32554774958,0.0,0.0,219563.98433420187,7340.372083724223,0.0,0.0,2744.091540234484,80.29380792095124,0.0,0.0,11860.0,445.84436746470163,11533.666666666666,634.3241022274548,11404.333333333334,641.7627806804211,11906.5,438.95227531019816,12258.0,877.1743270296961,,,26.570488953084624,0.3868073345937844,4.112160506126237,0.22547118458212034,-1.0270019801446226,0.0969360226772879,2.4601685924784236,0.09639536128816005,-10.189449409455369,0.14667336812430826,0.6858171326252657,0.08383710806506119,20.113063443900845,0.6952779496811343,19.555849478362244,0.9512146734649769,19.343955207926204,1.122512573477072,20.19591460868656,0.8127047695591907,20.791217261124142,1.508133599835207
"TP_[1.0, 0.0, 0.0]_dt4",0.2,spring,11597769.260973051,241526.39399644526,0.0,0.0,244946.88152162373,9376.685693718178,0.0,0.0,2231.185932779505,65.09843509580934,0.0,0.0,9751581.117548062,207171.93241374913,0.0,0.0,268366.04730371735,9846.686593757635,0.0,0.0,2636.363235922489,72.61798597062491,0.0,0.0,11932.333333333334,438.01765565632957,11479.666666666666,627.9062562729141,11259.666666666666,653.992252757375,11926.333333333334,460.9341239989364,12258.166666666666,895.4166441755854,,,29.62394906729301,0.5062616882864064,3.5995969089265993,0.25152580628847565,-1.9054154883002445,0.20308237365137086,2.3341828699907925,0.17520222999482887,-11.98047530122617,0.1690833655559791,1.341924948425081,0.08655362148708703,20.272908638722267,0.7036185474868075,19.499519915042203,0.9430864592172259,19.13191466826459,1.1203135746338067,20.26642932556125,0.8582618575009849,20.82922745240969,1.545435175966571
"TP_[1.0, 0.0, 0.0]_dt4",0.2,summer,13909331.28672676,232005.35933133762,0.0,0.0,240032.55262265154,8908.215441782877,0.0,0.0,2018.0813139878692,61.22290876138681,0.0,0.0,12475316.846989634,209910.5607990694,0.0,0.0,262503.6871199668,9290.788244809844,0.0,0.0,2399.658482473553,66.89117489339864,0.0,0.0,11988.5,444.6498622511874,11478.5,651.1438397159263,11357.166666666666,660.8335393021958,11941.5,449.66509760042544,12304.166666666666,899.7367207503905,,,23.014271336470866,0.4438453103901293,3.677470824658775,0.20806762808386184,-2.4462363966462166,0.18142719460972986,1.3430629970069132,0.08905332836771787,-11.733796986895562,0.3388585260631949,1.5490393658964245,0.18082686523841107,20.29431234903419,0.6986937955322416,19.426450906187007,0.9704405391107697,19.228564362140165,1.1424679596485516,20.218608946339113,0.8315790597010343,20.832063436299524,1.5507791638658008
"TP_[1.0, 0.0, 0.0]_dt4",0.2,winter,16910827.04902977,266340.5433740907,0.0,0.0,212716.59496752344,8412.232955710764,0.0,0.0,2043.4111172890225,65.65378126102202,0.0,0.0,14905784.14130492,223911.12258765355,0.0,0.0,239148.969968711,8958.747347026523,0.0,0.0,2496.050162848729,74.88896242392944,0.0,0.0,11802.0,433.5642974231156,11468.166666666666,610.1584766818098,11304.166666666666,648.8323101284852,11923.833333333334,460.8684917269421,12322.166666666666,901.4305112800802,,,19.421863758579445,0.3170204737143446,1.7197522512018626,0.11361008428701916,-4.260885550838355,0.11001343472856996,1.0380180639906307,0.06136381605162647,-15.19443871566014,0.2727493970327753,-0.46683349882772723,0.039867576153928594,20.063170854866893,0.6812308674776693,19.492501327035523,0.9280131124511343,19.219573308550014,1.1223214532449732,20.273516488171158,0.8319222403054483,20.951238021376415,1.565502246205781
"TP_[1.0, 0.0, 0.0]_dt48",0.05,autumn,10898536.272678757,206362.68780140518,0.0,0.0,173004.33810021245,6848.517398199296,0.0,0.0,2375.3591361800814,73.11090080314096,0.0,0.0,10305944.979876153,196127.7969468766,0.0,0.0,178875.33941078058,6960.377942162941,0.0,0.0,2481.331216519146,74.80884701895947,0.0,0.0,11823.666666666666,438.6637284602717,11239.5,610.7417621220936,11219.0,659.6699174587242,11494.666666666666,474.621392971984,12172.0,925.9075547807136,,,23.96171691204283,0.3212565936415151,17.002451194648952,0.3263047852492898,13.42285542162746,0.42101146611874835,14.90892888426844,0.4508044942936656,-2.5141193389021605,0.13553581376748466,0.8245685073193232,0.12742483295698476,20.402435405285402,0.7063023676998393,19.39096144678745,0.9437847291656141,19.361894992286704,1.1617325284377156,19.838435909757113,0.8827820332171626,21.006272245883327,1.615542455345672
"TP_[1.0, 0.0, 0.0]_dt48",0.05,spring,10281915.813635498,218955.37410411937,0.0,0.0,226044.7357354442,9244.959584494487,0.0,0.0,2179.041315622003,65.23758589482752,0.0,0.0,9576046.280396713,204444.78248986218,0.0,0.0,233498.72623325654,9385.783891479583,0.0,0.0,2314.7084954412867,67.2593565095499,0.0,0.0,11692.666666666666,449.8536058171224,11336.333333333334,648.5367118881296,11134.833333333334,645.8245633813151,11462.5,467.98536301897303,11956.5,907.6291643617451,,,22.57588591780934,0.30359841249539044,14.537513358835708,0.2869342210367533,8.06130994036813,0.20685532543498647,9.878472043627617,0.24915737918758799,-1.09813962479881,0.09804620809705505,3.6493817478240405,0.13323411128990303,20.304519586119067,0.7247892025342589,19.681312562253236,0.9947472679078578,19.339150538460117,1.1494934987069558,19.909102287485677,0.8863798185013647,20.765915025681903,1.5982388614702465
"TP_[1.0, 0.0, 0.0]_dt48",0.05,summer,12215333.480870483,216684.59098159245,0.0,0.0,219938.01127818358,8685.574809917865,0.0,0.0,1929.3612523266956,60.028092823495186,0.0,0.0,11599242.232617194,208200.5154888902,0.0,0.0,227446.45261575075,8824.668295572425,0.0,0.0,2063.4071305226075,62.0292476339156,0.0,0.0,11926.0,450.35053014291015,11329.0,633.6573206394762,11360.333333333334,638.7499249836881,11646.166666666666,455.1085218567836,12147.833333333334,941.5993663266064,,,21.448559632586168,0.31111015862355834,15.409505707264616,0.28449895333220715,7.746235162694252,0.19075605306507123,9.608849026686913,0.22176872119141688,0.7436143953563943,0.21720972923110335,5.878906137307381,0.21787817608686447,20.41662878647038,0.7141015346829787,19.39077509523857,0.9650652442016627,19.45218867114842,1.1355135410052641,19.94188308331385,0.8570685791618069,20.79852436382878,1.6156764471478862
"TP_[1.0, 0.0, 0.0]_dt48",0.05,winter,15255690.24046168,250550.01138825776,0.0,0.0,196975.29503993748,8200.983232462075,0.0,0.0,2143.7138652178187,66.8941396649965,0.0,0.0,14615483.083605623,235659.01761940357,0.0,0.0,202872.66892040396,8331.222049323907,0.0,0.0,2251.1018984950283,69.42434733475878,0.0,0.0,11621.833333333334,429.0223381907598,11294.833333333334,648.7231818477483,11110.666666666666,655.0721079901563,11597.5,458.2823365568435,12187.166666666666,946.2400153590347,,,17.293134397061213,0.1829503624651826,11.339583647750608,0.17165504165101278,6.985043342602513,0.1936231255452978,8.367585245888526,0.22318643180962539,-9.639196800623496,0.17486765505547258,-5.400999467222387,0.12305505550487755,20.101929340921043,0.7003988078591117,19.53180774551034,0.9992515833077472,19.221158727692046,1.1700868256201298,20.064026174612522,0.8783220926320376,21.08107801126405,1.6351187527928077
"TP_[1.0, 0.0, 0.0]_dt48",0.1,autumn,11017114.063069463,208564.4568518053,0.0,0.0,174353.60085146048,6854.400988305719,0.0,0.0,2369.441668736883,72.22064689956295,0.0,0.0,9698308.640302572,185853.73472281627,0.0,0.0,188473.21107754926,7103.709466300623,0.0,0.0,2618.0845011971733,76.36593848702702,0.0,0.0,11666.333333333334,440.22251949061695,11223.5,637.1174930889906,11124.333333333334,650.8534909383725,11466.666666666666,457.6293988225264,12036.0,938.4523429562099,,,30.829222104023966,0.3463213939093,16.099414456215865,0.33222076427009556,10.466160475264212,0.35616137769332706,14.24459286020791,0.4394563400816803,-7.026768326279806,0.19639067607648059,1.070947105344971,0.09353319905531983,20.28222276835069,0.7143583998685156,19.507902857018056,0.9786067353007626,19.343360919357778,1.1640156174135532,19.939217177148837,0.8711402109554336,20.92729627812464,1.6426611835229836
"TP_[1.0, 0.0, 0.0]_dt48",0.1,spring,10403980.319671841,222448.67981834192,0.0,0.0,229216.2948892317,9234.015244309498,0.0,0.0,2161.2288173422826,65.19027537735946,0.0,0.0,8878987.632755386,185603.4452130293,0.0,0.0,246245.29856126817,9561.292321330306,0.0,0.0,2465.037310574395,71.07712845808872,0.0,0.0,11732.333333333334,434.30296644930576,11310.333333333334,624.3196830684316,11022.166666666666,640.8851431158835,11675.166666666666,459.157235232841,11958.833333333334,919.625014158851,,,30.605974635741603,0.3120880338126133,13.523064891333327,0.2862055953057267,4.378774302343555,0.17236916081097028,8.612192295268933,0.21602145623749439,-6.367119265970673,0.09210292416053553,4.43752175745815,0.1419889063883078,20.33255935683795,0.699307852607683,19.597076494574207,0.9554709260150865,19.10516433969556,1.1425481889127236,20.237645123123954,0.8717207523919057,20.72755468576833,1.6054601319780106
"TP_[1.0, 0.0, 0.0]_dt48",0.1,summer,12353910.90353725,218905.52966266926,0.0,0.0,223017.88087237606,8750.571925538128,0.0,0.0,1936.2857331860325,60.30441613744161,0.0,0.0,11240502.825877093,202516.38727656403,0.0,0.0,237159.15845915434,9009.985517910185,0.0,0.0,2184.16668595284,64.42414189738865,0.0,0.0,11619.666666666666,427.87225507932493,11287.666666666666,655.3956565820883,11046.666666666666,631.874882129893,11620.166666666666,470.2362881219046,12047.166666666666,935.2709589561024,,,25.873687646755112,0.35045866526567887,14.449869452049958,0.2762681386036137,5.346790874407582,0.1964039666282818,8.342267545688001,0.22525184530923395,-3.3082847311905774,0.2302053200597546,5.541239109447344,0.19520264879215224,20.164602255710008,0.6979327801384025,19.584118746298035,1.018103295863881,19.173878875932548,1.1392132140841686,20.16938555367995,0.8901270154849772,20.90801456837946,1.6242786327348935
"TP_[1.0, 0.0, 0.0]_dt48",0.1,winter,15370681.850115864,253271.57553628544,0.0,0.0,196646.3217814959,8233.716823603008,0.0,0.0,2141.171457335553,66.69072685594496,0.0,0.0,13912519.810022235,226379.16101147566,0.0,0.0,213131.7793904459,8556.677445377596,0.0,0.0,2433.3503535358673,72.49433089500974,0.0,0.0,11652.333333333334,423.2548483675843,11239.166666666666,634.8380633410907,10992.666666666666,641.9799581503041,11577.0,458.6702519239722,11840.666666666666,911.797930830437,,,22.416296593297677,0.22978893735150452,10.671370498429619,0.16547335581367686,4.039650218541227,0.13867122875385998,8.52133134670927,0.2448391896153696,-16.21923844995173,0.3010363433303492,-5.276157396814405,0.13194356464873008,20.33385246212368,0.685481928407104,19.608754187733776,0.9863443114809923,19.186077894480302,1.153392393224193,20.206264938350998,0.8693853744789912,20.665050517311244,1.6052254302319184
"TP_[1.0, 0.0, 0.0]_dt48",0.15,autumn,11136549.71257179,210282.18137806276,0.0,0.0,175417.19471281083,6892.169032470965,0.0,0.0,2389.673644389304,74.00081492820838,0.0,0.0,9302667.400027752,177520.49397476146,0.0,0.0,196142.19881850932,7252.901404668612,0.0,0.0,2752.256707996841,80.65010468867514,0.0,0.0,11623.0,440.13679691659485,11250.333333333334,618.035489811602,11000.166666666666,638.1264503738004,11559.833333333334,470.6554649280796,11842.666666666666,911.5381871686272,,,34.97108371249532,0.39384880538304023,15.189830070437162,0.32178765208462,8.355035895941251,0.3492043439171175,13.721402019464776,0.4366573753856458,-11.148891110589785,0.21160873977757683,0.22741928010478943,0.11952773849969703,20.291541180539966,0.7079601015102372,19.63720614908036,0.9554448692212817,19.208179583143803,1.1537047888701137,20.185334334632305,0.8865143305345511,20.67773875260357,1.6030799519795642
"TP_[1.0, 0.0, 0.0]_dt48",0.15,spring,10560460.604718724,222790.73671443903,0.0,0.0,227016.9397765079,9277.584112927047,0.0,0.0,2174.6686964450514,64.5565880867407,0.0,0.0,8868251.89793375,185853.88300877073,0.0,0.0,246931.3124925296,9606.268550968374,0.0,0.0,2526.542104893507,70.89055401404993,0.0,0.0,11518.333333333334,435.8745997034774,11273.833333333334,637.4855031031424,10990.166666666666,635.9623940663993,11467.333333333334,475.9141379142527,11824.166666666666,909.0789661336721,,,35.376000962208174,0.3880501273382777,12.222013874649734,0.27333431434609895,4.924117485696846,0.1776784091955057,9.490731546230133,0.25351306270099183,-9.561764359586583,0.10238484862511445,3.842164704066466,0.1009127523721446,20.180158015438536,0.7083096164397432,19.747683331802637,0.9925501395235358,19.25791038706762,1.1397809752423358,20.094871117240586,0.9015043468835052,20.71937714845062,1.6172990479187874
"TP_[1.0, 0.0, 0.0]_dt48",0.15,summer,12414581.39070947,219687.0043233392,0.0,0.0,222661.6420093001,8710.275829105762,0.0,0.0,1941.9673861363283,60.13166419110706,0.0,0.0,10735355.801862935,193758.31886195354,0.0,0.0,244553.0718801534,9086.229906550609,0.0,0.0,2326.971442953425,65.8742219348425,0.0,0.0,11715.5,437.341399823982,11177.833333333334,626.1429283052447,11107.833333333334,652.0341759959107,11630.5,472.98657486233145,11896.333333333334,922.5652641773733,,,30.35378208900517,0.35642539995539085,14.02969175486457,0.28129252771521135,3.7931839822264437,0.14819057842780403,8.488444659493899,0.18812848249410294,-8.087868052112915,0.3196081294737983,5.263627310842288,0.19542017171867515,20.363657630057844,0.7081884172340154,19.42526446292698,0.9718851980000476,19.310656905950932,1.1634223218928637,20.219828235577467,0.8899022339612209,20.68059276548678,1.618364469813326
"TP_[1.0, 0.0, 0.0]_dt48",0.15,winter,15382876.343083153,251520.06188775945,0.0,0.0,196678.07904494336,8276.414521053202,0.0,0.0,2144.221176286908,66.59070256285571,0.0,0.0,13349554.823759126,217273.14934764197,0.0,0.0,220595.67334739384,8644.450442256886,0.0,0.0,2562.2333028029075,73.59603278797545,0.0,0.0,11537.833333333334,450.55939305120063,11244.833333333334,632.085252688802,11024.666666666666,653.8124093856482,11663.333333333334,461.77642497930384,11881.5,910.978539813096,,,26.781601050763637,0.30157991018214947,10.60034532249373,0.16637332366664756,2.253972007100114,0.08981738515650113,8.507200454434688,0.2598596404088329,-20.564904336319206,0.4045538328870387,-5.426371410989872,0.13474942189052627,20.116438626918477,0.7410750225776116,19.60173086909693,0.9879862868713891,19.224365470346925,1.1605751416513292,20.338876062023022,0.8701516774079344,20.71858897161465,1.6112400946191983
"TP_[1.0, 0.0, 0.0]_dt48",0.2,autumn,11162882.818447491,213948.88818373298,0.0,0.0,177831.61512977013,6993.786879767765,0.0,0.0,2358.8198381804473,72.32457046627229,0.0,0.0,9043172.644705156,172848.89220288498,0.0,0.0,202475.9999810106,7421.94498101366,0.0,0.0,2788.4862794519263,80.7936688060444,0.0,0.0,11506.333333333334,448.4407058538136,11209.833333333334,626.6110170326298,11040.833333333334,641.4974408886338,11464.5,453.65394300060905,11820.833333333334,894.5723931950206,,,38.93482316934065,0.39055821460011886,14.989655837881893,0.328757600038401,6.8437507730259775,0.35622457459004203,12.533975229098042,0.4487627445522355,-11.973065804896066,0.2244215269614834,1.5148134254579897,0.12390964915409264,20.169885771470454,0.7191908298326624,19.646619974388233,0.9762626515585396,19.358299899889577,1.1674258005669604,20.10067025484624,0.8560162561134466,20.724524099405492,1.5856657981357027
"TP_[1.0, 0.0, 0.0]_dt48",0.2,spring,10513289.125244245,222022.71950884367,0.0,0.0,226246.7393561235,9318.90485110029,0.0,0.0,2204.730149981094,64.7112242934191,0.0,0.0,8329054.589398657,181101.17250317216,0.0,0.0,251934.2901529215,9782.024717180137,0.0,0.0,2657.235145621458,73.22890614343198,0.0,0.0,11476.333333333334,427.83906631660767,11188.666666666666,630.2360404377606,10953.333333333334,640.7965875897493,11636.166666666666,464.54167376745295,11835.166666666666,907.4181873131412,,,39.890540781389305,0.4614854855653634,12.61412303580038,0.2759117552192618,4.340489145987051,0.1918302156819262,9.798714863435146,0.28163788202753676,-12.867000818464192,0.17178463512398734,2.512141543091523,0.08780467786767332,20.101400730172536,0.708483863024054,19.593406257755564,0.9882308654475972,19.187923547028916,1.1456954012859104,20.3851967960349,0.8891926919571429,20.732072669008087,1.6021045692913343
"TP_[1.0, 0.0, 0.0]_dt48",0.2,summer,12482734.92569376,220590.8477555012,0.0,0.0,226812.19460043238,8821.074088825526,0.0,0.0,1905.800554630434,60.07127957674925,0.0,0.0,10651183.995093176,189885.78130968468,0.0,0.0,253760.31350986718,9212.068141250531,0.0,0.0,2372.0443938034446,67.05709480587441,0.0,0.0,11590.666666666666,442.7693154077712,11179.333333333334,644.8161495082662,10959.666666666666,642.7191195745356,11514.333333333334,474.5135052521336,11828.5,904.8422514449686,,,34.27197967524166,0.38471743810190917,13.557763740832549,0.25575803245414325,0.9686794663580254,0.16880678137241098,6.7819317673285235,0.1845784958714136,-10.44700504341751,0.32282444442673014,7.029271310719846,0.2097592058746251,20.307211856913078,0.7139090294799654,19.582332694253225,1.0010531055465615,19.205457155738504,1.1601726723310621,20.177577103431744,0.8951167956032697,20.72742118966345,1.608869928716523
"TP_[1.0, 0.0, 0.0]_dt48",0.2,winter,15477233.373957781,249846.96983132747,0.0,0.0,198621.58190061673,8253.56514737403,0.0,0.0,2118.654218398346,66.53526720847424,0.0,0.0,13095830.583217459,204827.48513916868,0.0,0.0,229223.4616416575,8815.820966612417,0.0,0.0,2643.2060308086266,76.27623705319444,0.0,0.0,11487.666666666666,444.3497121262335,11145.5,609.9386034675948,10939.0,643.9416122599938,11686.833333333334,465.07737707468283,11843.833333333334,913.7681142755348,,,29.206477853554706,0.34552179096139446,10.051743702101186,0.15364682360490922,0.0694282463847982,0.09816648957306798,7.601520142880894,0.21143219952506562,-21.989601563450908,0.4303838543674294,-4.168305967715113,0.09645216057971337,20.116073865463765,0.7217331030625832,19.51373166981308,0.95963113253234,19.158639856336034,1.1566816863171783,20.4683930103896,0.8673234647350498,20.743161597997517,1.623715819531749
"TRP_[0.0, 0.0, 1.0]_dt4",0.05,autumn,16440146.980586959,443275.78263630264,324517.7083704209,6446.64974182069,177122.36070089042,3566.7005982454916,4980.243479490205,91.07819345214591,1362.9409351690726,24.62101998972499,56.89338755439186,1.0473186943124433,17574452.117340423,468004.71546181996,341380.31042240025,6842.341272667356,178831.6543847962,3607.5868805837636,5048.431786365239,92.11353703372943,1343.9804231971068,24.651458376847167,57.04550579920792,1.0424352344678365,7603.5,422.5417139170996,9881.5,320.50257409262736,7133.0,331.6896139465329,28109.166666666668,610.410490298673,9372.666666666666,727.343843492654,6217.0,113.36489756533989,-29.65896008777902,1.939805108041328,-25.192816564355585,1.9580045014726395,13.395350810607264,1.4090800423752445,12.832431927750973,1.4389298487987625,44.45481794604572,0.9438926211792561,43.073148147269706,0.9860662854938753,12.242714051107763,0.6484385315875983,15.91007379749091,0.4136431429088737,11.487736862951465,0.5598156742395843,45.265885249300446,1.008280813894358,15.093590039149413,1.1767293344929457
"TRP_[0.0, 0.0, 1.0]_dt4",0.05,spring,14836758.153841192,399943.3887128991,259304.04911030852,4093.9476008936012,248554.21533974927,7184.019239728056,5545.454298465695,82.90818666484276,1345.170402011411,24.722074092406135,47.862861217655166,0.7284792581657303,16033361.687757062,429621.17792424647,275025.6361789624,4368.0631672818,250287.6255405991,7232.598933415453,5601.99589682162,83.62296139953976,1327.4296937394538,24.625012224436265,47.96540248038823,0.7262523820760671,7508.833333333333,395.71627040932583,13135.166666666666,459.57650795777926,7129.333333333333,358.0037243754129,24227.833333333332,517.5269719219153,9162.5,792.9521423137716,5518.833333333333,86.02189643728302,-29.630382039746664,1.9250285718348126,-23.319406378256392,1.8321092841440547,1.4145838817466017,1.030965160167699,0.8654691042644099,1.0461895470219966,42.00480660652858,0.9047899444899763,40.500746653598675,0.9405395313710962,12.27584703233453,0.6255847472090077,21.472391066524597,0.6253440828296244,11.657296819436292,0.6042982032585685,39.61388347289386,0.9401996874883151,14.980581608810716,1.2954182317985914
"TRP_[0.0, 0.0, 1.0]_dt4",0.05,summer,17944096.19078925,444865.4965329784,322291.8014230474,5431.368018648686,231078.0537690392,6297.218811340261,5421.930133374474,85.85141207643532,1175.57606280898,21.280302897228648,43.40435129228158,0.7260284143106803,18800882.700608928,461744.2992892524,335641.659741478,5635.382000190899,232356.5702391799,6329.004456458319,5477.571931459173,86.98682703935596,1160.6232694811276,21.49225726342551,43.55695967415039,0.7333868668520274,7678.166666666667,409.93873526011987,12707.333333333334,445.4887952201119,7200.5,342.5765607860527,24682.166666666668,538.4932373453423,9274.666666666666,748.836341710702,5659.0,88.32893070789439,-27.31346855980045,1.4706884160407512,-24.253610594730613,1.5001071257197525,5.718096025533953,1.2204319213592658,4.991409869259782,1.2427650805997326,44.15151215584112,0.9001560884556986,42.62958674625201,0.9536361873043939,12.47461122234148,0.6268881421522982,20.645266722736313,0.6145092867177931,11.701161749609662,0.5783422222300064,40.1080677343004,0.9694735944799739,15.070892571012147,1.2199828182475574
"TRP_[0.0, 0.0, 1.0]_dt4",0.05,winter,22167342.768263742,556103.6639931893,400178.2636183693,6009.636389701651,188029.89152632767,4596.875960422656,4982.167175996748,74.93065591474863,1248.31490133564,25.091451870362068,46.08536866825523,0.6312311866270632,23446091.75753185,583089.0746678277,420238.16309320607,6251.03748178033,189869.42494378416,4647.275395295453,5042.004931276469,75.79192282362058,1224.8903406878287,25.12556773770593,45.86867363625786,0.630402177902343,7264.166666666667,378.6287979890945,9356.0,374.38108926600455,7057.5,348.11133276582643,27138.5,548.8849606247195,10181.666666666666,713.5148678665826,5850.333333333333,68.28957948813766,-32.66840557838833,1.8035105242254228,-28.820176931340985,1.8442059298918099,12.891039697992573,1.8389339702494685,12.470757346189478,1.8689214602972306,40.32313399925587,0.9186302549857034,38.60258162190659,0.9732082175474914,11.907393578827817,0.580903369077194,15.335795818877633,0.5271473987663292,11.571113760367632,0.5873881643207597,44.49225679825786,0.930149366565205,16.693440043669053,1.1908988551881319
"TRP_[0.0, 0.0, 1.0]_dt4",0.1,autumn,16212632.732690431,452089.4001000121,322992.5533760472,6031.431870040216,182399.85445243143,3507.475842598225,4955.179897519818,87.32982419836108,1376.0321139351638,24.00164571479024,56.91331093546953,1.017747298119046,18265486.221257478,491306.6503120024,363123.2939639697,6781.523157841722,185889.6999211725,3584.7486279690193,5092.900524813753,90.26955208201723,1334.6058157201414,23.97267414413793,56.645212081838025,1.019757175716154,7328.166666666667,402.34036171712467,10494.5,248.59344319591375,7020.833333333333,348.0393177022772,27379.0,606.2487938132332,9317.333333333334,728.3748119386516,6169.5,107.68797518757606,-30.265045238591963,1.8686778586699495,-23.458977447531208,2.022961483771767,11.645521267482623,1.4519587913294092,10.233520785445386,1.509480550252671,45.42335324815168,0.9143906261164418,42.52592265455519,0.9881755507107733,11.906854792055887,0.6244268981435008,17.051658229899424,0.29747997353679345,11.409341283929683,0.5756824927052263,44.490324594323205,0.9640784509834118,15.141821099791798,1.2010562806301703
"TRP_[0.0, 0.0, 1.0]_dt4",0.1,spring,14792424.227943284,410580.7115781892,256854.68688641125,4134.746058458271,249114.69879155082,6903.306307353473,5479.842519771139,85.38224547894323,1351.9613643468288,24.69110555963259,47.359672896077484,0.7519841098385172,17123161.89745572,457591.7859239732,289756.27722666634,4709.327773156799,252034.59923790582,6986.703050677789,5588.2989747950705,87.24572505458593,1306.9312844602948,24.379522967112376,47.31921170707725,0.751079440570666,7258.333333333333,394.7113713419802,12938.0,431.8898007594067,6912.333333333333,340.9754634378648,24031.5,515.7071843594965,9035.166666666666,718.5608997619246,5455.666666666667,85.6986969951507,-33.82262051388718,1.942980121767924,-22.951008898179467,1.9992957607638417,2.093756760863799,1.290006386389154,0.6363028159651413,1.3356914008784329,43.58845719062534,0.8851838185594985,40.20009612860431,0.957310512835231,12.0606429424229,0.6218368682002958,21.49767571858594,0.5918583237999032,11.488423966464088,0.5913876300562838,39.938334305701424,0.9505217563889842,15.014923066825652,1.1904527034013386
"TRP_[0.0, 0.0, 1.0]_dt4",0.1,summer,17626514.491462123,458629.6719986534,314854.1677663752,5992.881856214476,236340.40018851156,6513.612599319615,5290.845165719798,97.31841745192656,1191.3121867440568,21.491297305995918,42.475415893355986,0.7964549515256435,19266825.91393242,478865.2760566154,347178.97658331593,6736.163394431457,238641.45049271872,6565.696055075484,5390.563410977128,99.20764892625637,1159.000675607818,21.786744116095775,42.38003459726147,0.7883122171058813,7359.166666666667,395.53023483251786,12697.333333333334,462.7658875356595,7031.333333333333,365.01378969385075,24708.166666666668,561.3257224345472,9567.0,754.0652491661447,5501.666666666667,102.4278607931782,-27.04611925986747,1.3512178763350553,-22.052423515441376,1.5712239732767774,4.7229609635562495,1.0896726851549052,2.8298760235769262,1.1508041565387948,45.163579256152495,0.85896310735238,41.86115608479606,0.9973654445237552,11.991460621497218,0.6091413043506999,20.68898553079241,0.6300563653872364,11.459511670850354,0.6090926876290307,40.26761436338714,0.9874152346902694,15.592427813472879,1.2486538536919893
"TRP_[0.0, 0.0, 1.0]_dt4",0.1,winter,22053234.875884514,568122.7170005271,381225.6359575079,5130.303299573767,190417.9192248852,4395.843586473982,4763.121174611362,63.794547589783356,1258.258070234501,24.57483991193388,44.317703229108595,0.5388398358768716,24118002.435875323,609643.680385689,412477.7914474904,5553.371024673138,193581.94931544608,4476.9469501513995,4884.5005350491265,65.57027579878407,1218.5846277252615,24.6279610034644,44.34102897573928,0.5411877775317212,7063.333333333333,355.9009225425901,9328.5,324.29477331588316,6998.0,329.8514817307935,26120.5,544.9388039037045,10275.666666666666,743.7880522478606,5604.333333333333,61.76946386902394,-34.48430044128736,1.8378152886065153,-28.15635446668428,1.925355952142777,12.784659171255212,1.9277010921072428,11.354539480632782,2.014834392594957,41.782036494456214,0.8948436907358911,38.11256150340147,1.0100931937026922,11.813328136959107,0.5654828435172005,15.601106761035588,0.4553564770205492,11.706212912625249,0.5712301948438536,43.69025089207623,0.8784417877936455,17.189101297303825,1.2658527866838545
"TRP_[0.0, 0.0, 1.0]_dt4",0.15,autumn,16084335.88049992,439711.1646334174,317187.19470063125,5736.328850084984,184489.0850471393,3668.4732114740254,4846.713387464126,81.40802516023506,1386.7361512146447,24.73144238594819,56.23455039483587,0.9645241153961117,18806056.162465807,480332.3487629545,369640.0939130381,6621.605379979569,189221.6210293771,3741.3363135498125,5045.207989326642,85.04596814213113,1328.4741844915336,24.429804674884533,56.16358954164369,0.967367358276224,7108.833333333333,373.3542107257755,10656.333333333334,219.22651907711034,6920.333333333333,332.37368528008744,26378.166666666668,572.1060799070983,9214.333333333334,713.416474905554,6056.666666666667,98.76166597757805,-31.452145136187657,1.6455140874438154,-22.482394959302837,1.9278162868644968,11.542911896723792,1.4740802274438694,9.205756128996805,1.5601703272991316,46.33253222513155,0.8844930783470136,42.07910161236201,1.0013358856514825,11.792480339506888,0.5935177092065645,17.677889902440782,0.29230973393374143,11.482146266368673,0.5771506962995369,43.76111319895167,0.9159331261729396,15.286370292731993,1.1777218991561431
"TRP_[0.0, 0.0, 1.0]_dt4",0.15,spring,14215501.01597967,389722.89808052685,252098.62116350382,3656.867725030963,261020.42178781485,6752.659842414084,5361.777021692379,75.53336823164432,1360.2129716435818,24.617826714308563,46.36471166485827,0.6503266943195984,17901017.091118228,463016.67396132555,315969.7775315705,4659.47796609548,265408.43242610956,6864.748321310707,5501.188009008761,77.27207110689794,1283.0989360536582,23.683036563432825,45.26086949411146,0.6189720773986096,7057.666666666667,384.2976277140763,14168.666666666666,410.1924751463229,6831.166666666667,325.1094687434783,23011.666666666668,505.0519445232018,9251.333333333334,696.307020405989,5324.0,74.75827713370607,-30.44113148241158,1.5888207788627344,-18.155848874943207,1.8679219535251579,-2.2367753384125133,1.6312732152369684,-4.120920111807988,1.7137023866585313,44.3434671857222,0.8631923945618203,39.83475682940011,0.9785660725098914,11.699509175654311,0.6156168288603289,23.48654250107821,0.547813780382914,11.325870107630251,0.5570161003782065,38.150098734547015,0.8556223633955061,15.337979481090215,1.164866851967605
"TRP_[0.0, 0.0, 1.0]_dt4",0.15,summer,17183244.307150643,407061.48047976324,316166.7312978601,5802.429954168468,244298.8333266744,7542.341616084428,5268.613631596179,93.13955044762116,1193.8078716298498,21.155275604561076,42.76390371222656,0.7935009281135844,19623223.46440353,446521.32924350933,356105.1616849268,6401.197964659837,247836.44088804026,7612.19347731178,5437.679877466495,96.35107743861367,1147.9859023287936,21.02182436081214,43.06316358581868,0.8041301121570963,7267.333333333333,394.52790353366237,13546.833333333334,482.52519796034136,6918.333333333333,358.28740790972074,23602.0,475.8814978542452,9468.0,707.1359133858217,5506.0,99.65339933991213,-27.299938574576014,1.1883421011487283,-18.986151307476693,1.289487408884391,2.477662252764777,1.1777317627811514,-0.4350313476963219,1.2529502054450719,46.660539152477895,0.8345237635837811,41.739198828270794,0.9904546776940891,11.951334280651169,0.6229768280966865,22.27756601462592,0.6935511076771493,11.37916853437474,0.600484031697878,38.81980310334402,0.881425260258428,15.572128067004149,1.1649901540244854
"TRP_[0.0, 0.0, 1.0]_dt4",0.15,winter,22135283.945365015,573148.6440000555,384509.3600762863,5098.776111649163,188107.7804677918,4311.182261732549,4805.133534526441,65.09708059658182,1257.1362976321439,24.628911491356416,44.79936515449699,0.5354655946911718,24884231.79635343,617367.6673142968,433879.6376380857,5560.964745049473,192475.24081509354,4391.452821217989,4992.8318948782035,66.70361582023952,1202.737472803884,24.586139723201416,44.637442294421135,0.5284677041758575,7022.5,372.7716459174438,9300.833333333334,326.8696478210645,6915.166666666667,341.24209392551,26654.333333333332,555.458969381778,10199.5,715.2719063405189,5665.166666666667,65.99520184579073,-36.47131805428513,1.7354846050005315,-28.632808459063668,1.93152558016026,14.661904645498998,1.8062358583612252,12.430725522363403,1.9363794619435142,43.39087556196512,0.8636355415112643,38.167847613801285,1.0055072819678534,11.685029004904882,0.588654513701604,15.475277325702436,0.4470183614588409,11.508669981847211,0.584853506563041,44.356550092414665,0.9223226379451623,16.974473595130814,1.207124342608981
"TRP_[0.0, 0.0, 1.0]_dt4",0.2,autumn,16126931.330207782,426432.8880229943,311943.50775898714,6676.866768660648,182027.39717725117,3816.7196586403593,4779.152041711253,95.83185524643088,1391.2958711571202,25.126049509509084,55.22175834067813,1.1141901651843804,19601448.985048536,470537.0488777065,380677.97442208556,7939.440120744772,188786.2308952981,3939.834552304541,5067.283012827874,101.96787200175369,1315.7745075170426,24.677062883885693,55.20737155959437,1.116920784588117,7147.666666666667,379.42992326207843,10280.5,314.0221329779161,6918.833333333333,348.00541183531425,27048.0,593.3370037339655,9415.333333333334,753.7210801527758,5957.5,118.80866971732324,-32.35475589117023,1.4947908392500202,-22.808704080303798,1.8948217040748416,13.100716730525313,1.3797349661366944,10.419217774112118,1.515397021734747,47.148559154344774,0.8216348675081009,41.8889432302151,0.9987670449255134,11.75324081337528,0.6018367658435351,16.90394534184172,0.42013195297314876,11.379239950214227,0.5981483290948847,44.4799103655254,0.959852674603778,15.483663529043374,1.242693333666962
"TRP_[0.0, 0.0, 1.0]_dt4",0.2,spring,14323109.743018677,363959.99656315683,249220.08344327702,3919.485303066122,257633.76295140406,7567.651890775976,5313.3845377636935,80.27004299417943,1365.1275273256208,25.042369531859638,45.97084778396633,0.6936497289724424,18385580.840527777,438186.0035123224,312181.2259869285,4708.727904366216,262927.3696087419,7687.948231516169,5484.666600015516,82.35547063037518,1286.345791002712,23.932754418606397,45.550681196409805,0.6705338986446453,7047.833333333333,372.8701740105618,13543.833333333334,507.80445711579426,6825.666666666667,347.4367088646028,23277.0,529.249657534136,9315.666666666666,744.4701919262229,5287.333333333333,79.05356833607624,-32.68415914478292,1.3996519372544103,-19.052920556475794,1.6752837392586224,0.13392739483936195,1.1509327262269717,-2.756395300358083,1.2471471623907888,45.34732971284322,0.8431294244730708,39.61769111196544,0.9760479253197555,11.743459721602074,0.5948803085259586,22.56558889165552,0.7041948367736505,11.375494592084067,0.6006534056773754,38.790846918183306,0.9651263911103296,15.524609876475038,1.2516049212550007
"TRP_[0.0, 0.0, 1.0]_dt4",0.2,summer,17613432.766421337,424212.1829287872,315480.2276573263,5047.807024211666,235627.4305853703,6951.395264917918,5267.759420229506,80.09346402656028,1195.6715346878752,21.204018448538452,42.96959932658215,0.6877876340625322,20645510.42010602,471078.4717501172,378615.33460762375,5997.649209161095,239936.3461808164,7028.534283172451,5469.688562693188,83.6331863337977,1131.254665827288,21.064106233122246,42.83790962714183,0.6863595565332106,7230.833333333333,386.7662946362657,12637.333333333334,462.78187806640244,6876.0,337.6270131372784,24176.0,451.2254425450766,9328.666666666666,759.2047593809372,5523.666666666667,84.48116160817541,-27.393207404216295,0.9571495862762496,-21.96469754243391,1.3825116216132942,6.3389024902324635,1.220007854606103,3.1252834935748797,1.3301222016270435,47.311742278354835,0.811701421815671,41.64816036580018,0.999305108544175,12.000067410463274,0.6021086268490261,20.97207350080905,0.6437960223391552,11.413543954253031,0.5738995744237698,40.12961875965897,0.8678359589758978,15.484696374815677,1.2709981944124338
"TRP_[0.0, 0.0, 1.0]_dt4",0.2,winter,21994951.09129392,565540.1237521726,383391.4422501155,6324.239962933271,189921.52059459582,4612.896623529851,4759.185452616487,79.22209137205337,1258.856848348707,24.571820633777392,44.38260249739881,0.6853478583333752,25249367.695977222,611196.9259772857,442425.81072176556,7642.916740291115,195283.86095936803,4714.581408258691,4991.185975639125,82.85312018982195,1195.907239001371,24.290080708852386,44.45201616527252,0.6718405975698917,6996.0,356.015729989561,9256.666666666666,348.10439047312593,6803.333333333333,338.6530180976787,27014.0,633.198231204099,10288.833333333334,768.4203059957921,5602.0,83.09753305604204,-36.480729872702,1.6273668052570183,-27.81683302566954,1.846675343606755,14.819759950778163,1.6717242917842274,11.590747653069014,1.8396773478702475,44.791848841273236,0.827311039743574,38.08295266345806,1.0221883223675452,11.590006744836913,0.5706603470911747,15.334001142567137,0.4991850930259716,11.27242765517238,0.5770625104608932,44.756163904650286,1.04232756248699,17.047400552773286,1.2905361800320059
"TRP_[0.0, 1.0, 0.0]_dt4",0.05,autumn,12839306.180520294,227358.14389272316,266863.5477148478,4946.531025440957,127110.33937350912,2691.133212626947,4033.9005917675863,71.9659189980395,2887.0831408584468,92.4404955076157,49.02536481211599,0.9247579690750208,13355349.456048392,240874.43047423422,277657.8905321962,5239.947413704316,129046.46135706252,2742.27001434478,4093.0466169446267,72.9963891070819,2884.966730380999,92.23384252163852,49.35779015617549,0.9255383984921496,8646.333333333334,387.12823026313487,7612.666666666667,399.79478068962675,27524.0,752.1194054137945,10740.666666666666,476.9682029933093,8589.0,723.0341624017497,5219.166666666667,83.17070798464243,1.4591886440472848,0.8172768559977799,2.2183500052421317,0.8235122422240468,37.50511312522885,1.1113470088603923,37.44459891668482,1.130936441271458,-19.19248609844993,1.4983152175483625,-20.545505574623345,1.55055166184895,13.700257901323637,0.6173083444725439,12.059214956520593,0.5601902040246921,43.60972786698674,1.0944576663255805,17.02128253141719,0.8239569632732997,13.609516743751845,1.1495954281119776
"TRP_[0.0, 1.0, 0.0]_dt4",0.05,spring,11537710.575681753,222532.0924266356,210295.56404488906,5090.720433094678,158709.56232865292,3728.134591456302,4375.764503831119,100.39456342283843,2816.968984233926,87.63057391172131,39.717668264899054,0.8751978870998799,11959361.002809064,226460.94388178224,217064.99816577882,5263.232814540257,160452.79443624977,3766.6893120068103,4424.645396533325,101.52897938343179,2817.252741972743,87.55665623578042,40.0814851540887,0.8822217446578592,10152.833333333334,388.0996865067872,7635.0,432.80711639251035,25574.666666666668,709.5141060378347,11101.0,463.8560121416991,8603.166666666666,678.956675102813,4514.166666666667,88.34345853919612,3.3001009695264316,0.7929732580202705,4.093584742007995,0.8081101721068698,36.784154897239425,1.2697520666414142,36.68402019219667,1.2844892153400265,-23.05008925673883,1.5896950231888891,-24.56342510705005,1.6412918909787058,16.099100985861707,0.6194902148746755,12.10284252535756,0.6034790346319019,40.550656034103376,1.0223730566717344,17.605600728817972,0.8192873645153202,13.641799725859384,1.0783938327759723
"TRP_[0.0, 1.0, 0.0]_dt4",0.05,summer,17540682.851649705,394332.9647141674,271002.73206983,5716.862481525728,161315.37209806324,3934.2409091255304,4359.685100731893,87.56174621833885,1944.3329018363384,59.86075983624569,38.33100482582311,0.8237034175372645,17876502.592794638,399370.4086387955,278061.56534170307,5882.402037035728,162915.51627805052,3976.1258381084963,4411.805615421221,88.65209240593907,1951.2443624900764,59.979677682901794,38.758582383258975,0.8334523978536513,9040.333333333334,388.59679188931375,7649.166666666667,444.40045754551915,16999.333333333332,610.4682355918833,20589.333333333332,490.90148366720877,8582.666666666666,701.7551329820584,4751.666666666667,89.1238838172275,-21.06198148314269,1.6995932176251365,-21.46870745371456,1.7676268189214608,33.88687769643756,1.1550779345565443,33.66656504046792,1.1704438574012577,6.134615965932947,1.1502082937943714,5.141591184075118,1.1750549572263778,14.381403392618845,0.6079815379487351,12.16495088673062,0.6251663387553028,27.043927421815855,0.980176140416704,32.75599167127142,0.8482290835247187,13.653726627563264,1.1163195899242941
"TRP_[0.0, 1.0, 0.0]_dt4",0.05,winter,17394612.61080506,301913.10391856177,332138.6445550319,7494.266549312324,132610.37352523988,3111.113875674571,4103.674302201186,91.10761838898661,2506.978954002283,80.07385297494297,39.37423238267857,0.8904387311783105,17895037.819707993,315020.3961442948,341521.60033030313,7649.29459053183,134449.51914130402,3156.631591580318,4159.610120258975,92.27175428339304,2501.4095833635693,79.68283622622229,39.68786886921426,0.8983226201997214,10076.0,310.7963963755051,7546.5,393.05304985459657,26337.833333333332,676.0575172769453,10598.166666666666,483.5871862101667,8806.0,736.9037929065097,4935.5,94.82352028900844,-1.2661035356944346,0.8549793336245736,-1.0926684228462176,0.8650558649166731,38.31403665682833,1.3898047709881158,38.26608799028536,1.4112019821725816,-21.837679487258043,1.7152869709598664,-23.270255228906834,1.7407547319384258,15.901798011007825,0.48412263846158143,11.907081451514934,0.5523025870653337,41.5646887969923,0.9789961186733399,16.728576882493503,0.8255526189871302,13.897854857991438,1.1662933646044873
"TRP_[0.0, 1.0, 0.0]_dt4",0.1,autumn,12912885.79987427,231071.14690197242,265785.7532418559,4811.639015678534,127905.4827000907,2730.5936899665676,3976.477958392068,67.66021349653198,2873.568792833212,93.09675423080749,48.79536703679458,0.899665772457378,13949823.639807314,249843.54941083808,288361.9984837267,5147.648231042141,131616.24741949156,2838.193522624213,4090.1379620019566,69.81254349162795,2865.942712583658,93.19909618688935,49.256982136776976,0.9137662705115951,8639.5,393.32975987077293,7568.166666666667,403.91356336061136,26610.833333333332,739.8217127569761,10554.333333333334,485.11015931092015,8541.166666666666,708.1868162191854,5167.333333333333,81.61780851423704,0.5026756774789436,0.804113287925138,1.6582138137643483,0.833421727794825,37.4434539945046,1.092587401768885,37.05353789237406,1.1337095803204436,-17.15588648104251,1.3504641586218702,-19.97881959213016,1.423505277206991,13.953961784234522,0.6252688835838416,12.220860381606157,0.5801445489646752,42.9791692899639,1.0996876328173544,17.050018040828352,0.854598882665618,13.79599050336707,1.1505776015081814
"TRP_[0.0, 1.0, 0.0]_dt4",0.1,spring,11557423.059747955,214568.4417018594,209312.73848863316,5311.881149636068,159344.9484905538,3737.242149576917,4366.984627794457,105.75353983635877,2799.092399727559,89.13720476305826,39.42686510497944,0.9304161814309128,12787694.415068194,231122.0626413232,226596.64917083326,5571.719257532454,162361.78370934236,3805.661775358974,4473.629426930341,108.45557389290866,2772.495243341173,88.36815041152208,40.08038527060483,0.9538409887622169,9995.833333333334,367.5929360946241,7519.0,428.0813006894835,25311.333333333332,720.5805067212585,10996.333333333334,505.41375789215203,8565.5,677.8828069806756,4488.0,96.78636267574066,0.05171548976053764,0.635328862606481,3.929149418962195,0.7333811037321845,36.91638814163131,1.2694466162065756,36.43020317036031,1.3064571696531952,-19.633190919853643,1.5097450126372496,-23.770595354703058,1.6284690934068264,16.02228764664005,0.5857598557768219,12.048933525126984,0.613185393129688,40.56975922581602,1.0664292187340794,17.628903745011105,0.878418719974585,13.730115857405842,1.0930595412895119
"TRP_[0.0, 1.0, 0.0]_dt4",0.1,summer,17647085.52111375,387538.52147358743,268661.5989419795,5786.45681568038,162195.98370269415,3959.464398192058,4321.3031253973395,85.87490877357733,1909.5840569443933,61.2279574722074,37.91799277353502,0.8429198144235367,18405569.559464127,398680.643246711,285502.76380886027,6034.703079272123,165226.44977047894,4035.121038902633,4429.411725522549,87.74981981280924,1915.2799794964774,61.69197298729767,38.640096749163796,0.8568646354593872,8981.333333333334,406.50690851037996,7581.0,425.8708724484453,16366.666666666666,650.4585049537488,20801.333333333332,437.82309974082756,8664.166666666666,711.6475016935472,4676.5,86.83950713816841,-21.37668578077977,1.5523282503686286,-22.206446774459835,1.751693165606737,34.024655858930075,1.130534364255105,33.30446718744585,1.1781088473096262,9.41085958711635,1.0492513425647858,6.8408748551560485,1.0691932750500464,14.394112853895395,0.636060911453394,12.146945617211836,0.6050091057743173,26.23157614878332,1.0379300941524627,33.34049991603862,0.7753735765215531,13.886865464070832,1.147318031661085
"TRP_[0.0, 1.0, 0.0]_dt4",0.1,winter,17514685.677018892,308779.0658338721,324144.50926591095,7107.2420078081495,133904.57524662407,3161.9190234397643,4008.9836029839685,86.19556731168083,2472.9412465169403,77.91950665909484,38.282600052097784,0.8333954470806717,18507856.969787907,331102.33608943183,338705.42375369463,7398.261919106067,137237.7214891242,3249.0456543986043,4117.615969983812,88.9192895937235,2459.276599222857,77.4290211486925,39.03427666810725,0.8550545810079062,9872.5,306.7414220479523,7413.833333333333,383.4951977100453,25152.166666666668,617.0858665264229,10558.5,517.2228726574259,8680.833333333334,698.6883186848532,4809.333333333333,88.02878317156647,-3.210493727852422,0.9261118624316095,-1.7904827203532738,0.9252689688717933,38.17126550680615,1.3174101552571094,37.66472224371802,1.3750153273879826,-17.462262823432976,1.635232502167709,-21.59805407700686,1.7150729770873903,16.006937348587552,0.49799049776642074,12.017586224148864,0.550069066273494,40.778620766237026,0.8824663664020725,17.122300533238413,0.9106991059468182,14.074555127788145,1.1291313425181493
"TRP_[0.0, 1.0, 0.0]_dt4",0.15,autumn,12882712.345796993,233154.18986675914,265778.90851810394,4744.572061737312,128304.2822483601,2714.8150309014363,3998.820483445637,67.48687727304886,2871.5369996775303,91.88406037627567,48.662285475455825,0.850176466103101,14308354.022147255,255584.95185691252,288187.92136903777,4938.167998555196,132938.00260221324,2839.8655663928034,4164.34164341901,69.97830150919422,2852.0707681963017,91.6126583168534,49.82627332757655,0.8700848774156006,8467.333333333334,377.2944031743207,7433.5,390.5512770431048,26170.166666666668,724.9878389784672,10552.5,501.00409179965806,8520.666666666666,715.6836358801748,5158.166666666667,75.73220363007185,-0.02239593647996491,0.6126650734271097,1.8885000217703187,0.8047478121475653,37.855346579529666,1.0792873206200633,36.85690490560244,1.1476814415095382,-15.178650888681185,1.3814326946135635,-19.89606509627634,1.5055121749852862,13.848432072875058,0.6165725021317876,12.154395581684632,0.5621227453648946,42.79949864839441,1.0826322138478903,17.262047855881217,0.8972297662140979,13.935625841164677,1.1695767691004546
"TRP_[0.0, 1.0, 0.0]_dt4",0.15,spring,11666292.308607547,234199.10241525306,204208.1991693624,4928.630382000455,160253.03119799198,3812.72727586768,4240.972350377105,96.25110800503417,2785.4356390390226,85.76319238302322,38.33649862789972,0.8415046886810934,13560906.31842651,262743.0394435886,234677.90181403677,5357.225753910547,163934.75847723143,3910.12312328103,4362.659831103104,99.40702113587642,2741.213751455472,84.43551786163923,38.71552958910282,0.862475660106381,9986.666666666666,362.78239575076765,7493.333333333333,422.7749598387617,24152.0,589.6063093285213,11494.833333333334,446.35968306587307,8550.333333333334,687.2195185431414,4364.833333333333,86.11484579714848,1.1768584891206586,0.6584328983608911,3.0262346966549427,0.7854666280810167,36.84532359430617,1.240861318181742,36.068696828363066,1.293324134790487,-18.871527318213587,1.5515634828425018,-23.170235120289135,1.643528475577967,16.19223527818779,0.5899478568293614,12.14629071864166,0.6130947042145306,39.158283967998635,0.8867265906419367,18.6402582135827,0.8025427272285607,13.862931821589214,1.108326429526086
"TRP_[0.0, 1.0, 0.0]_dt4",0.15,summer,17693701.555881415,373839.44715753273,275610.96104209597,5281.781907826105,162175.30130587544,3949.0502373977993,4433.879833986427,79.6662618124693,1915.4635197632122,65.23517324576227,38.681456531540924,0.7477188444985656,18667281.248372797,393676.76006202976,295702.0355419593,5627.0901904372095,165607.61065212463,4034.2915421111743,4600.538561938498,82.89996509695756,1917.6550274050967,65.11371132231373,40.01384624058002,0.7786571277055592,8897.0,399.5907906846703,7450.666666666667,423.9757854720795,16717.5,665.2785131056011,20414.666666666668,448.9345906328304,8462.0,686.8938782665048,4800.166666666667,83.72196048031049,-21.104546518876926,1.4132142734030961,-22.52958275015378,1.6286142551558904,34.820863280386476,1.1104050893509687,33.31294841643887,1.1741599114794936,10.931563454682816,1.157059016810401,6.557145999790539,1.2514752089173053,14.36305561964543,0.6264960838670582,12.025145467319595,0.6034380824107413,26.989027188582522,1.0479422873977635,32.96046943069892,0.8219431490708761,13.662302293753534,1.1207480791770266
"TRP_[0.0, 1.0, 0.0]_dt4",0.15,winter,17649795.46192977,307655.8835607699,318311.3546212395,6846.679202845874,134688.1994312018,3152.3920695825805,3931.944492508164,81.70295112426876,2465.9191254527022,79.27522936627936,37.24167991705411,0.7992354405351028,18812820.323967773,329070.3052206244,336758.0502515031,7151.561891537183,139158.1235039011,3271.784169412884,4074.2726380381678,84.97303786283534,2460.5494484908036,79.01579386374253,38.29538467189712,0.8286657318117444,10015.5,302.69241814092425,7360.833333333333,389.0050985098611,24590.5,653.7674663058723,10629.5,511.7287367346104,8676.0,721.6181815891282,4699.833333333333,85.38247283059131,-3.182787786237055,0.7818883342230525,-2.5757056805148166,0.8912196560968951,38.3016219991322,1.3309789784401265,37.29899241166817,1.4201172964597144,-15.778664952417957,1.5275169162059712,-21.25036451772871,1.6879431712887532,16.346149530822544,0.4937134663605388,12.01106668406225,0.5774223076164423,40.13200108399604,0.980161324153156,17.350849614861932,0.8961193657085831,14.159933086257235,1.1768842032690339
"TRP_[0.0, 1.0, 0.0]_dt4",0.2,autumn,12927375.664941015,225878.91754456115,263640.9234656485,4927.064431895139,129156.4917766259,2726.673034019576,3999.0191919762165,71.76023036844825,2880.4022301482714,93.83855824270462,48.175848588922044,0.9437737611470093,14707785.38634059,256353.77623255967,288650.60309089057,5543.164548906906,134591.48094437612,2879.4945011271047,4224.788284903733,75.48384171214526,2853.9436496444755,93.00393863064359,49.95151074404291,0.9723257176685963,8477.5,388.06223727644505,7444.833333333333,390.5326704216519,25944.0,712.0508408814638,10390.333333333334,489.16691084604946,8506.5,736.0746565396748,5123.833333333333,88.38872477113051,0.6814453097831817,0.5909789016259374,1.5472135043308823,0.8407908816170714,38.04659530309199,1.0421141014538142,36.437638930474975,1.1431076978260153,-14.59876613958152,1.4510754668453747,-20.26477050636355,1.5487049907462196,13.951890811094136,0.6370615306978854,12.249641737432391,0.575989925690933,42.69549237144414,1.070297697912725,17.10290329429841,0.8738608283254728,14.000071785730924,1.216711427539659
"TRP_[0.0, 1.0, 0.0]_dt4",0.2,spring,11677238.56713558,225782.6061798831,202896.07251279824,4871.598812098631,160619.87917822145,3831.1230117261493,4214.509384811924,97.65252249120104,2757.507151905873,84.88292094273656,38.10349699343964,0.8284126722009029,13857189.723781345,251820.22484154406,243526.4141110294,5701.782126338669,165330.99289179666,3960.434700903242,4373.888078766225,101.80372940355625,2714.2650825081055,84.06167019981687,38.716398263119764,0.8522640704384068,9883.166666666666,325.3874101231739,7263.166666666667,404.57010105378106,23476.666666666668,568.8580373578862,11345.0,457.69640592864624,8595.833333333334,688.8481448524535,4332.0,85.7647946420907,-0.009801603168698875,0.47086176516130196,2.934764684902527,0.676627819537484,37.18971481610961,1.2113499094460514,35.92238684898222,1.2986562550652134,-15.28774941055948,1.4698467143987446,-21.935508930563618,1.6475911197442612,16.318652424395356,0.5277944705704257,11.989898082354614,0.6029298526540924,38.76274974031545,0.8594866781848861,18.735648950938316,0.8387036391906613,14.19305080199627,1.1331948942419487
"TRP_[0.0, 1.0, 0.0]_dt4",0.2,summer,18057664.530273844,407383.56362418435,265493.78391512565,5494.372550405383,163065.14203130922,3991.7791188584943,4292.685377053095,85.83194634364803,1830.6652611837915,59.59528707444593,37.14024223946244,0.8085942814137683,19679505.844192863,432650.41836291354,301383.3029426312,6253.133493661182,167228.89628312658,4107.665512643399,4472.334092437336,89.45472015819236,1814.922128515115,59.880449026468305,38.17917082526305,0.8279252172846729,9037.666666666666,407.7482883675501,7446.833333333333,429.8071272869573,15008.5,665.8059026473104,20981.166666666668,461.2224698197897,8499.833333333334,677.6466384972821,4620.166666666667,81.96930319739614,-21.437945705864134,1.3926032899727638,-25.049452034184743,1.8855468353853495,34.71090687085856,1.0911291377579362,32.94724852833573,1.178149919765705,15.496650403359618,1.2060897460311335,10.688741977156695,1.3250331871938381,14.821366037447845,0.6391693696578798,12.209958073784447,0.6294205621280207,24.61657787787046,1.1232005079575125,34.411040141922314,0.7658415266184136,13.941057868974932,1.1209678444964906
"TRP_[0.0, 1.0, 0.0]_dt4",0.2,winter,17561743.243107144,305108.0835718052,315376.2848625717,7429.7150173862465,135084.1696721028,3050.8737907485533,3900.7802137277217,89.43580743798047,2452.5946072370093,79.10917008179334,36.95866978417809,0.843141599248536,18886843.17146913,315198.4183899601,340132.9709441597,7881.256128200196,140534.96228001863,3223.0758923645094,4093.2399064493366,94.51402658610019,2453.851489153754,79.69717654704709,38.504376854319226,0.8842119674050315,9667.166666666666,296.7008032794432,7290.166666666667,390.1237837746715,24626.5,704.0882757154817,10542.333333333334,572.7472973892296,8698.833333333334,703.5715789219082,4660.5,92.44403712517098,-2.0987321727484516,0.7976146727768545,-2.064366343301339,0.9310093074988713,38.69713099955434,1.3199624667875318,37.113261770100074,1.4462622707277977,-13.249126161440651,1.5753415920565483,-20.596258994860833,1.7929520365461422,15.89398282529551,0.4977694988418951,11.982716144414297,0.5707018687105698,40.48524922227715,1.0195555080133136,17.336417675446715,1.0211506310147531,14.301634132566333,1.1563956006287273
"TRP_[0.333, 0.333, 0.334]_dt4",0.05,autumn,11424858.93350186,174306.60511040754,161538.86436029366,3075.602214435858,187375.44531696223,6111.001198385083,2487.667450344028,45.169646082232994,1838.551550085985,50.18161370013881,29.80504535991056,0.612191680250041,11234305.824644657,165330.0270870863,163863.2045315579,3171.032355648809,190499.23405378786,6185.74484488548,2529.445251973091,45.571297441154236,1891.1961256818884,51.04164680659005,30.28692742500412,0.6130773395733203,7945.5,380.53895989766926,12933.666666666666,489.45956591598735,10754.833333333334,429.27539722964184,14258.333333333334,482.6239391769401,15792.333333333334,629.612473404607,3165.5,57.392508221892506,17.10075803317918,1.177501663042416,12.982278925001822,1.2862487411833456,7.76878115509836,1.5266676405909274,7.810690470666642,1.5522369846525554,21.856294616797083,0.9252850180554191,23.225817023406478,0.9452127408347999,12.879918269958237,0.5876898482771273,20.965229675334193,0.7079827350349225,17.43664287805564,0.7251735028023177,23.116063366891197,0.8093353917761617,25.60214580976073,1.0168140132000123
"TRP_[0.333, 0.333, 0.334]_dt4",0.05,spring,9952465.766027996,156472.94385405112,184131.79432590315,3526.579569307145,207190.10174936638,5153.457175329194,3918.1115166250493,73.9009338584017,1912.444811281576,50.92690495801274,34.31716563185555,0.6056829234346097,9865421.037833365,154049.3883292472,187061.03061523967,3547.3757738877184,209975.89646609323,5209.560716827348,3967.9007779846434,75.09799089649611,1954.0407991172942,51.57636560915729,34.88619248501203,0.6196539570485087,8257.5,408.4809665088447,9689.333333333334,356.65707152202464,13603.5,453.7077253034161,11904.833333333334,447.31349931191056,19715.5,690.7629839532511,3982.8333333333335,72.94769815879499,20.227221760735784,0.6601694899098798,17.266591055938708,0.684555303611068,17.277165039083375,1.5252723716075443,17.347634138940617,1.5319028124332459,14.645228009997249,0.9064065537991627,15.426531351148768,0.9380486435695857,13.071236835312341,0.6286516029887861,15.33580086738649,0.46317390608111403,21.53413043192994,0.6836877588763497,18.848967453366544,0.7988810862297172,31.20986441200469,1.0652078623571397
"TRP_[0.333, 0.333, 0.334]_dt4",0.05,summer,11498141.32423506,123835.83976876661,146531.49862801805,3756.0282810146755,251647.46940282278,8454.296712818394,2431.537845241895,66.63756625055991,1614.355436195321,42.38994460153305,20.10832459798938,0.5140272114191086,11526860.363373721,122273.38474322115,150625.4349469201,3926.593855269612,254375.4987155321,8511.959996165788,2459.8444167604207,67.05231070330491,1652.848096055851,42.7615307592932,20.304429266962398,0.5113345394203301,9471.0,415.3605662553923,15059.5,569.9455237125738,9921.333333333334,381.77724744498136,10908.333333333334,518.869026505405,17669.0,744.0723083141853,2547.6666666666665,65.31666454027392,21.929079417987925,0.7915425610817,20.36602722252785,0.8465768268441494,-3.202267738113228,1.4657046731091024,-3.4513646391585286,1.4887107064408578,20.481505357121836,0.8352867556311842,21.23310077201275,0.859648716590503,15.02527270247095,0.620480503906047,23.889102247952465,0.7559578295031882,15.741849633919513,0.6218195870186586,17.310751903441908,0.9086032647679358,28.033023512215163,1.1594095574191015
"TRP_[0.333, 0.333, 0.334]_dt4",0.05,winter,16710032.252662182,243689.72559309154,140140.96903538334,3801.3125915487162,205538.1792012869,6957.751643938012,1746.9793635146643,47.7136216720837,1663.6290668329912,52.72807610074541,16.252312671570312,0.46317340369076443,16695552.191763846,241107.64109946077,142858.51859190717,3890.2380156630106,207640.1364506389,7005.551860515092,1770.6450291295068,48.34420440364269,1692.650960789395,53.24719092660316,16.438557851745,0.4660381553734086,8064.0,376.28287231815364,11662.833333333334,545.8821911975757,11986.666666666666,545.4530838364259,13501.333333333334,490.30874626776415,16413.5,814.5935796457028,2085.0,50.699112418266225,5.519683595884284,0.43630456940843143,2.8844268470830774,0.4645252992857131,4.774937718522426,0.7418642901407226,4.358186890804499,0.7565132485649886,17.55456296870081,1.114038752457497,18.19755939246461,1.131394994311807,13.084365898640511,0.5927291405203908,18.920760879746705,0.7795913661556445,19.450235982336434,0.8813916079629721,21.910092217257212,0.86272667673638,26.63454502201914,1.3468204546656282
"TRP_[0.333, 0.333, 0.334]_dt4",0.1,autumn,11920220.260516478,188759.22645371128,157146.74385570953,2394.2364210159058,182305.7299355246,5213.730668263504,2421.699739906857,36.268949779324316,1817.6246137620456,47.63803926452127,28.626727088087197,0.4490817982842129,11699552.988029838,186704.41627268828,163495.05611272153,2489.984162111404,187487.8246465075,5318.086835260613,2497.8000817327224,37.27432736336775,1898.501685038095,48.70445906551901,29.317785452619855,0.4533205151476148,8021.666666666667,372.2572587158866,11852.5,456.8254590103314,10645.833333333334,437.09194303563504,15078.833333333334,408.1609568131994,15479.166666666666,649.8964276457185,3061.3333333333335,41.94599702792469,16.548809509401966,0.8940163860565895,9.212884133497264,1.0873354562333561,10.903773459707942,1.2970070435787224,10.298308293927994,1.349295627664253,22.37985955801749,0.813009575990852,24.0990643977651,0.8153913957591241,13.132830698025098,0.5858735806847855,19.402540940148185,0.6345943844615826,17.43130681512643,0.7414155214584621,24.689019278951633,0.6967476486245991,25.34430226774865,1.077324280759428
"TRP_[0.333, 0.333, 0.334]_dt4",0.1,spring,10551530.114506489,189597.64523616646,181927.7980708226,3748.114623869917,204297.28640085913,5488.259339087312,3836.0259529277646,77.76448170376852,1869.725215646222,52.86637610287263,33.55167402150836,0.6662973773985359,10505850.840579756,184277.0330282265,188494.81837553706,4099.164704094662,209023.4525895299,5586.970677489467,3938.5118173804135,79.7839828746708,1935.0741671331882,53.74470127057783,34.66219612728014,0.6797380184288074,8210.5,391.4602150921597,9540.833333333334,380.76523825930707,12831.833333333334,454.67501214237296,13169.166666666666,514.1682279825023,18299.833333333332,770.6922645691125,3877.3333333333335,73.27664475579293,17.886191020965516,0.46989320629892467,12.290548716658796,0.5482040698370579,18.792153943049584,1.6191752613157557,18.502517636941217,1.6594214453383211,16.493437796649356,1.0223227982819414,17.316951422566856,1.0855074154906459,13.230862601646692,0.6056109195820696,15.37304010731044,0.5241276463147618,20.679839321816917,0.7387839320540233,21.225431376447215,0.8962156878882981,29.490826592778735,1.2154960125528527
"TRP_[0.333, 0.333, 0.334]_dt4",0.1,summer,12582761.018602422,210618.81976710976,124986.19557818562,3135.590368015473,234091.879331497,7504.456414121577,2110.171078977506,54.99387991149437,1631.9267928542458,42.95318744639649,17.05596573024776,0.4487780873395716,12598389.680787481,209243.08157803645,129059.80524159875,3235.7974366129474,238971.70801414913,7620.172307048282,2173.6686703425826,56.794608889913164,1701.2519935182809,44.43031576265751,17.75456747945356,0.46951632914829194,9376.0,379.82153704075284,12831.166666666666,484.66046534317894,10247.666666666666,439.11213450173165,12006.833333333334,485.34953040738236,17563.833333333332,788.3284636917954,2180.0,53.821928616503584,16.914903763760318,0.8168786487372696,12.861460582126027,0.7837352360211879,4.5977431808803,1.3748171656855204,3.7612922430352658,1.4233655523006579,19.523111796519263,0.8379983154538576,20.37585724496503,0.8692275887647937,15.115949209964691,0.5934150553518875,20.68364702888432,0.6568697707546324,16.52282560570624,0.72641644318358,19.36117570104994,0.8661720217004372,28.316402454394805,1.2349140976985842
"TRP_[0.333, 0.333, 0.334]_dt4",0.1,winter,16644256.741836203,248910.97918346952,143592.02183109676,3744.716696322897,203959.23999672514,6827.356389068535,1787.7872852513526,46.19624936835029,1689.8166018473673,51.787868755612735,16.625333734701933,0.45320795793011276,16543424.340226615,245796.95922964887,146523.17568862796,3801.2935523749898,208030.48026929502,6917.040897207197,1839.859894869335,47.321659671193004,1749.8073119338544,52.95866659478003,17.171751315154687,0.46448776002215,7846.333333333333,363.272166105066,11406.166666666666,510.9111142524368,12201.333333333334,538.1125037263741,13324.666666666666,481.1268716946359,15623.0,759.1740248454238,2137.3333333333335,47.869266410366805,7.7427489177750175,0.43993146648129355,3.2670194028642396,0.49179723747420784,6.313467975974551,0.8286534076740023,5.0910071905485905,0.8754288294610518,16.421864460620593,1.1271515372790308,16.90739254938857,1.1735639282628285,12.989680806627637,0.5809528014322077,18.880544505089926,0.7443994343362835,20.20109570218601,0.8980326333010253,22.06284620666449,0.8727253237775011,25.86583277943194,1.2596123908778896
"TRP_[0.333, 0.333, 0.334]_dt4",0.15,autumn,13040372.733350018,322253.09381921205,162575.53238348875,1705.2821230102122,172508.65128209488,3793.8241849870055,2524.470108662808,24.15367935713559,1745.9646437749261,39.6412008699289,29.38305884115647,0.3814358326087786,12720617.789910702,294599.67706993467,169887.19629377144,1703.3248294089888,179032.37323036316,3984.536952232399,2642.590473801379,25.710474680491764,1846.9439015944997,42.40111096285717,30.55649480063171,0.4028388285287524,7955.666666666667,360.66032033849626,10549.666666666666,343.5530041589896,10065.166666666666,426.3629517988943,17750.0,319.96937353440563,14641.5,612.356023894597,3151.0,32.86943869310822,11.080983440821212,1.0391194913814321,0.6926533191074693,1.5115876244679243,16.309592671275404,1.4037920137975926,15.103903484492713,1.5210244120816796,25.397488065380134,0.8648315179573182,27.08472905038397,0.9479587189662821,13.049469361465581,0.5667697340596792,17.303200875548807,0.46782498248512644,16.511465962886902,0.713889921598537,29.11689964306088,0.5182634739736355,24.01896415703783,1.0363067761927864
"TRP_[0.333, 0.333, 0.334]_dt4",0.15,spring,11122651.032185724,199582.47845887492,182498.21389483707,3301.469654859553,201711.83641088018,4665.695319451717,3862.690249349383,68.23515480219538,1820.7479568113115,50.49758729460349,33.39235742267549,0.5456798460167892,11154000.229484769,199092.42700076572,197223.5326492937,3363.9330060090997,207976.53700899647,4832.988094462579,3993.108835864856,71.04470536398016,1908.2853412791555,52.95633005465545,34.470972617242325,0.5810273354040385,8035.833333333333,383.22391191921554,9110.5,344.58250100665293,12050.5,564.0392716823893,14358.5,391.140767499375,17998.166666666668,741.2725319790729,3862.6666666666665,56.680390495008595,18.71606065566435,0.28637810937180974,7.543793551111011,0.4257287739622991,19.87795605063315,1.551323881490464,19.5283162764597,1.6142937450623893,17.243322993580648,0.9374526175065033,19.482829481727055,0.9635825244697518,13.054013679464054,0.5905655758819007,14.798625827761052,0.472089975956252,19.578075020300588,0.9227308074968225,23.32823273917829,0.6769179464354909,29.241052733296016,1.2192536537431116
"TRP_[0.333, 0.333, 0.334]_dt4",0.15,summer,13865499.937233603,235272.3106786112,130393.64998191675,2709.065143784472,219696.0591596838,5897.906122248761,2229.6545948714606,44.49435588632487,1581.9215640613659,38.929910930447406,17.7573713766996,0.38527118136426314,13934068.799216425,246650.11403625621,139125.53929198274,2829.060676064485,225183.66172404168,6026.626678759727,2308.677657495345,45.31052762212407,1658.4116350154184,40.19918022004687,18.4822486985454,0.3901502677442732,9193.166666666666,396.9924012706873,11439.833333333334,386.151999433729,10019.166666666666,431.52585863035637,13815.833333333334,175.99365518866452,16668.5,701.218582183901,2288.8333333333335,44.73216590627676,9.599838632461973,0.7373115328162938,3.978043450054713,0.8812640234068636,11.380362261362492,1.3177697035891753,9.667755837935372,1.3986374755527122,22.95802499318948,0.6369568202751712,22.814107051338734,0.7113365671263843,15.036133826557851,0.6133620466146444,18.709310607217034,0.5141568736046833,16.389638298144565,0.7321294946167176,22.599810018003705,0.3699633694739928,27.265107250076852,1.1482233725969693
"TRP_[0.333, 0.333, 0.334]_dt4",0.15,winter,16287891.724900031,199389.74637256222,145555.9207151331,3716.912089203838,207225.68373111778,7188.5157471540915,1821.410888860357,45.35787117354643,1723.5841837326864,53.99126987772351,16.856730316720125,0.4486142747930736,16108280.36676917,194068.6676650157,150294.10269592542,3838.1287989709353,213038.24782150984,7340.908426733231,1892.9203300853821,46.89388328495533,1810.7915723646083,56.27549435208442,17.597945913155634,0.4642937788393224,7865.0,363.2183916048304,11540.333333333334,564.5024948276728,12404.5,565.2955863970635,12785.166666666666,557.4740950633192,15115.166666666666,767.3652107482244,2169.5,52.99716973575098,11.645828028643399,0.5070464824734946,5.334690750158779,0.5927612205174025,5.586249308387334,0.7489141454109544,3.574628319361144,0.8473958962241659,14.793678206354102,1.0199215476748613,15.249615452332996,1.0867497324869502,13.171491871890739,0.5911576989214845,19.323381227723214,0.839301662303722,20.77449543346231,0.9329750094781908,21.415328156028554,1.0112152049391285,25.315303310895178,1.2989955820943784
"TRP_[0.333, 0.333, 0.334]_dt4",0.2,autumn,12943202.021375284,301173.54922113125,160892.11205758998,2048.331130482816,174321.56545382284,4061.4072587165924,2482.4681620664373,30.37620481334928,1766.6300237080377,43.772791466543815,28.661564860610156,0.39445352510337406,12511662.486583287,275275.0204466428,173465.4878836812,2245.3309991034207,183476.65792328803,4250.959468271503,2630.998603478649,32.48179823706807,1908.133670029746,46.158252324725034,29.87633992341419,0.40647538639647973,7821.666666666667,377.868054572845,10756.5,399.2211166759594,10132.666666666666,403.8641685847688,17106.0,374.6043245879579,14431.666666666666,605.2096055637803,3098.8333333333335,37.11289084222173,15.514300369396857,0.9761441341468414,1.4307212163828762,1.4344392955298662,15.54665326722982,1.4489238565052014,14.21269024395766,1.6042068427346277,23.36556966535876,0.8979443805647193,26.224700352439953,0.9584917448774012,12.98177194282418,0.607091345516946,17.85081363618554,0.5535149483916229,16.818975828858775,0.6814652140721853,28.392394123542278,0.5888347177688084,23.956044468589226,1.0603859308547803
"TRP_[0.333, 0.333, 0.334]_dt4",0.2,spring,10600453.032620357,208136.03561722205,182329.5777688748,3661.8763968002113,202248.66633969694,4977.388969745619,3830.3284679099975,75.38845346954307,1913.944735931932,47.73676029817153,33.31022943252392,0.5943417257122929,10531393.878039105,199632.50017486193,195675.69307921187,3821.590141793533,210726.83558581801,5161.767809017905,4010.558758898831,77.95385250812389,2034.9477105888175,50.44573356806423,35.186560554154966,0.6198873681755295,8010.666666666667,389.66635300814306,9139.5,338.80363044099755,13177.833333333334,326.90207504184934,13087.0,425.0567020998491,17648.166666666668,738.9915876832882,3843.3333333333335,65.32278826463757,23.99407789089304,0.32849515642747046,11.886078534095878,0.5620739801136615,19.943540779661998,1.5917333653639676,19.315465310907193,1.6740074109966636,13.553735580741247,1.1208031539202337,15.354540122902373,1.1962817400238182,13.117635224544458,0.6046740437227491,14.964908283196122,0.4584837998326384,21.580502196525682,0.4976731227258322,21.43533852642641,0.796980751615423,28.901615769307327,1.1895818607971678
"TRP_[0.333, 0.333, 0.334]_dt4",0.2,summer,13809665.348029738,215134.70658029537,138732.71470569537,2760.544114303516,219476.67484580938,6029.447643119597,2387.2920880599527,47.065398781206255,1588.2940765531323,42.328779365890306,18.666813796016385,0.3870269518521228,14278086.714181513,238330.5812021706,148536.87502190372,2721.220169280193,225905.4420366966,6175.505541016145,2490.1217893798366,49.25352020452614,1661.5271564949192,43.4341380214469,19.66006230887925,0.42193084581619744,9212.333333333334,400.43859287869185,11187.166666666666,374.125870084744,9786.166666666666,422.00256713279157,13988.333333333334,345.6597556364736,17082.666666666668,800.911147797724,2423.6666666666665,41.34569707559262,11.888939487814065,0.5347870890756841,4.362872900982176,0.8923352134939331,11.809292268018398,1.3637684353288615,9.757973963318257,1.4808633909910687,22.630700228836897,0.5978785384069333,22.506839281418042,0.6690623796236356,15.037700273592582,0.6127813545981863,18.26052231162896,0.51124479624158,15.976563981793179,0.7022192567002762,22.837173737444612,0.6171853503653063,27.88803969554067,1.3179734004504897
"TRP_[0.333, 0.333, 0.334]_dt4",0.2,winter,17103141.692177787,242689.30480737716,145684.042941308,3995.4186055856726,197785.6291905304,5708.762070413906,1822.5278318433757,50.45529323855137,1692.946416544718,56.71022861660116,16.653587793445332,0.459175624686374,17228436.225337848,245128.48787724285,154807.20442982233,4211.661013360349,204303.37484945904,5834.994706154692,1909.8361582204686,52.44937000916385,1781.365412508719,58.4088000279244,17.456797372806378,0.48012249804504137,7783.166666666667,355.6433138225244,10837.333333333334,436.9826846302571,12363.0,580.2606310960621,13988.0,548.0518223671919,14937.833333333334,826.752542582523,2156.0,54.85982136317979,6.864660186591601,0.4913803078977852,0.5989281068888845,0.5563636103092804,10.902152895759464,1.174378128193757,7.948203295548486,1.3126017387450162,17.788559941881633,1.072214045427412,16.75935834163113,1.203013242908241,12.991025264520248,0.573113539712265,18.08634256090767,0.616702868794485,20.63590801783188,0.9469572602631247,23.352058217395633,1.0034712405705195,24.93466593934456,1.3807462009216243
"TRP_[1.0, 0.0, 0.0]_dt4",0.05,autumn,5933156.938742093,125482.54530769047,426424.7765881224,4722.545004851922,331388.8116053684,10816.75220398128,6615.526106184997,69.65379596180266,1887.4140207832788,42.60697342098325,77.50223043586018,0.862550657124348,5787327.879356395,119716.93479982007,425686.62943007826,4721.0609707844515,336503.95995720784,10939.522097326113,6740.377030637865,71.28360050075764,1974.8957658137385,44.54696174963949,79.26399007178703,0.8836199149910975,7107.333333333333,362.46636625577656,32110.0,838.9278872465737,7192.833333333333,348.29207092132685,6958.833333333333,468.61131726268286,7919.0,675.9852069387316,8266.166666666666,94.330094172892,57.28736406061742,1.2140794696589958,54.80260479902887,1.2864481182714258,-62.92379365439152,2.9517509566297973,-63.04816909606311,3.0078773538250387,18.391310692105673,0.8954619666049425,21.178880702766065,0.8753837011095219,11.59564027474235,0.5645557457911906,52.39045759766833,1.2516145856711798,11.736335390315723,0.5667668353556803,11.355320333421794,0.778135746478688,12.922246403851807,1.1183346489138586
"TRP_[1.0, 0.0, 0.0]_dt4",0.05,spring,6070173.919028692,128975.46730076369,343719.967718498,4326.280325467682,436152.6171104981,15373.661868346142,7301.18768701902,90.56780825845554,1515.3185949911287,29.344166147380623,64.1377087107749,0.816885506853114,5897753.357268273,119847.99690098345,340715.1447091824,4261.752708860518,442056.9845243936,15510.814358322588,7407.146710450307,92.2368114359492,1617.1722864976907,31.32275987547186,65.7227800441829,0.8418126565014983,7229.333333333333,379.3782633028237,30423.666666666668,864.5263828632808,7867.333333333333,343.22859243755704,6942.0,446.7048242407954,8513.166666666666,690.4811124619316,7291.166666666667,84.97862476332911,52.30520025181695,1.0464229006923331,49.53411512060503,1.1533105870798024,-74.11319159061667,3.3508486343300685,-73.94877853640806,3.377840939160457,29.34890155295096,0.9354776730573884,32.97761204919791,0.9135538910368746,11.85503086662377,0.5922440529763668,49.89266000894391,1.2669396480555783,12.903438307942153,0.5789981860127292,11.386507194334586,0.7565357768209644,13.962363622155584,1.1389375702670645
"TRP_[1.0, 0.0, 0.0]_dt4",0.05,summer,6655349.021236096,143969.02249933282,477285.7697660712,5606.957691019062,419610.57430192427,14313.041945445151,8051.4298136283,98.40768859474342,1405.7682189427253,27.524399839861264,66.95854589267579,0.8074792624134265,6498931.797437921,136108.95728622217,476040.12024735054,5614.998793639692,425680.06736667716,14452.988561374705,8181.679816931177,99.37619012244681,1510.4789131342732,29.65829085267093,68.84308115222457,0.8186074454292206,7552.166666666667,390.0284177680733,32246.0,871.6095456108773,7109.166666666667,332.03217715556815,6954.833333333333,446.30053402014494,7812.666666666667,684.6969159173034,8383.666666666666,99.37739514933317,55.975471286700504,1.2634740142178251,53.89887993027855,1.3325108570331583,-72.70982259895304,3.179105434649598,-72.50838573657013,3.217967751890715,27.320487478912195,0.9649463492364415,31.399849596930324,0.9425913493912534,12.244085253288977,0.6037257884639667,52.28185456510025,1.2691778069451054,11.527921414937778,0.5570659143237001,11.278249213523383,0.7487467214208348,12.667889553149616,1.1115245782833925
"TRP_[1.0, 0.0, 0.0]_dt4",0.05,winter,8109083.753240745,153341.24431323013,575009.2988474653,6836.709311235995,400110.7527065109,13884.465753268876,7235.31665395532,86.92927999915683,1639.2468784261953,38.11000049870901,67.61739473285276,0.7874018244352936,7965820.750116722,148425.32726598313,573817.2959725942,6851.335632965156,405483.1793425916,14031.334326273418,7364.266351372357,87.90089161176076,1731.0956826432364,40.50026041756973,69.43755706486301,0.8002492231809636,7061.666666666667,359.4416039729772,32239.0,879.6708475333259,7106.666666666667,335.0932208605043,6985.333333333333,453.8121490954895,7718.333333333333,694.330660900602,8470.833333333334,102.21431732720588,54.909483051708854,1.2565610454957286,52.859403547114674,1.309264328143041,-85.98167641483123,3.8044014642263773,-86.20647880532162,3.8604597304978134,15.667689341995867,1.0718632410785656,19.382454062936546,1.0166700899796561,11.554147955170706,0.5502250078313511,52.75224365115574,1.253852188507724,11.630572999461613,0.5741982925370055,11.432176464518315,0.7653617197979126,12.63085892969363,1.14198095821994
"TRP_[1.0, 0.0, 0.0]_dt4",0.1,autumn,5978352.584637553,126674.814972462,424979.77148564556,4837.693990194446,332394.7648318748,10799.866811763446,6540.305992748563,70.31157438157497,1885.8423034904026,42.82340585526078,76.92461429789715,0.8698274187534599,5741023.643310316,114095.73304436769,423169.6690591998,4591.819070813136,341540.70065773005,10990.956804583424,6825.8514696585335,73.58717547699212,2037.641753881587,45.492914773422655,80.82656122240716,0.9310093314210915,7132.833333333333,354.8382260505015,31737.666666666668,868.8324733034947,7110.0,327.09937327974194,6946.666666666667,455.1134657057144,7882.166666666667,700.2569290386684,8204.833333333334,90.12306401064407,59.040588080895475,1.15793737577402,54.458365567743805,1.2956271890597615,-62.295786494768684,2.878713034681174,-63.54348016019524,3.0006873179014883,16.685106026944283,0.9434649687513779,21.244738429820515,0.8719623150204243,11.729031989330018,0.5594830328947834,52.18985376795248,1.2742307085712936,11.69303051740488,0.5487346169928877,11.425068259481037,0.7682191173221609,12.963015465831583,1.1609109379389417
"TRP_[1.0, 0.0, 0.0]_dt4",0.1,spring,6174046.780284622,123077.57826526507,328983.1520375193,4373.559541980506,431649.1913526712,14975.817182167964,6932.550927680407,90.70268429407214,1540.3902278510425,28.272397178455115,61.30619102226397,0.8297532743095791,5757163.1728618,110228.17527525358,324397.67910630227,4524.011585588878,445354.5326172349,15314.659666767906,7177.923559641796,93.55498962214318,1776.8294591426795,33.801191399641496,64.82418087502046,0.8683564784961705,7361.0,366.51166420729373,30154.666666666668,779.3398916176867,7959.5,306.90242749121415,6958.833333333333,453.74769053590404,8547.833333333334,689.3096304757875,6929.833333333333,88.08726733567505,54.99491422508205,0.9644015928468513,48.67019294396109,1.1307956750697954,-72.98840591167962,3.220862932633787,-72.15456751833852,3.2911514780205633,23.30913236274299,0.9815934521977581,31.86776617861562,0.9143146894303094,12.070064706577076,0.5792354659977715,49.44606572869188,1.113428868713178,13.052975682413026,0.5180062090078373,11.412582423948272,0.7627214112490784,14.018311458369752,1.1462174353695205
"TRP_[1.0, 0.0, 0.0]_dt4",0.1,summer,6731879.764469949,143540.0611131418,466330.38256665616,5392.130600674951,417210.1876965209,14144.707420889396,7831.115455264658,91.1268514597138,1414.617487631276,27.97810221815576,65.10173055949656,0.7825564324400149,6435260.382871413,129446.3306882756,460912.98739023594,5381.964733122104,428042.8789298888,14388.33787367981,8132.057440394332,95.27893048621155,1598.7742090028487,31.69084717416179,69.51102474367327,0.833149188332535,7406.5,349.19034923663054,31547.0,870.0301144213344,6977.333333333333,328.2107046801898,7071.5,459.49178447497826,7782.666666666667,695.5074885769862,8160.333333333333,97.76229675425327,57.548813752954395,1.2314561107072521,53.36875631662872,1.3373179483322384,-70.88456219469901,3.112846606892825,-71.52288714659223,3.2229441080214243,24.360132439283216,0.9687889384217654,30.968442493706643,0.9305599713158998,12.184015453294778,0.5508665430730717,51.89704667684106,1.2758661825002855,11.479801904871207,0.558546784105533,11.635513388854967,0.785157730684974,12.803622576137991,1.1415923316908871
"TRP_[1.0, 0.0, 0.0]_dt4",0.1,winter,8156242.632497378,152855.68503088434,576549.1026711774,7111.280179531435,400170.65107449517,13924.222319289456,7219.469120048448,88.31238728325114,1639.457023517717,38.06925381117939,67.47343362956748,0.8064192924778747,7748757.591379953,142181.68787994908,571977.4528682411,7129.655055917454,413856.8138826013,14260.075495507961,7515.177668958856,91.33338287163926,1876.2790854025577,43.690421232447314,71.77524129934693,0.8513663802639477,7040.5,362.28924908144865,31842.0,852.1462315823502,7008.0,344.73061946975355,6949.166666666667,463.0409989047047,7458.166666666667,682.6024953563137,8460.833333333334,104.9941268198686,56.775401624952444,1.2284412628632988,52.585263840208825,1.3111398930280669,-86.40090307839576,3.7533540238206307,-86.23407178019386,3.8729170593803115,10.36844068355136,1.1243861403135007,19.37205545586254,1.018836036396323,11.674870646944568,0.5641191747406028,52.806113210824854,1.2782996191661757,11.622855253340473,0.5768095095551483,11.52565690928646,0.7789845091201185,12.370503979603653,1.1497138256791488
"TRP_[1.0, 0.0, 0.0]_dt4",0.15,autumn,6045971.25795135,127135.31854859868,407320.60025430477,4105.915586010288,330358.7098760162,10755.443021169143,6260.596736562912,60.13570433876975,1894.6195405754354,43.08601991973852,73.84993399306657,0.7349233589003162,5641243.445253513,103371.9511205538,407074.4093299126,3855.668389959703,344330.1526407373,11019.686416190281,6656.240101303933,64.55912250946724,2126.368524102659,46.84899392511373,79.24310055941287,0.805436428630607,7173.0,385.41821441130674,31170.833333333332,859.6807353120493,7159.0,323.894427244434,6932.166666666667,444.55524591063664,7836.0,677.1948021064545,7871.166666666667,81.66374144420915,60.55382603285285,1.056983205367061,53.94349449269276,1.2946223419187575,-60.92792086858115,2.830673968965089,-62.54165906579965,2.9948734687452725,14.110072655734376,0.9281542293787205,20.878412459253077,0.8576366098937078,11.90057055483826,0.6198567116111743,51.71509208042237,1.2435224948843508,11.878721188163977,0.5464315327334319,11.503448716583426,0.7647531528097112,13.002167459991961,1.1327920102560118
"TRP_[1.0, 0.0, 0.0]_dt4",0.15,spring,6242708.094680883,123833.63322505455,337079.37267542625,4554.454436432861,427329.4775852282,14752.451402713848,7101.56072750709,92.06740536388104,1551.780242261745,29.45506815043933,62.74565388839605,0.8339781734795982,5861415.930672255,111022.93689531159,344143.59767521004,4666.092686185144,443779.21570114285,15127.347784439466,7410.803571986606,97.31981460239676,1830.8440445770875,35.45076287192256,66.74028183656789,0.9028780289551953,7214.833333333333,370.42592601850475,29119.666666666668,826.3240687930298,8072.166666666667,292.26660203770587,6912.0,460.92645834232593,8656.833333333334,669.4611016830377,7107.333333333333,88.67393453922446,57.27784452496545,0.9227186789904376,48.09997590680424,1.104972527485119,-70.9187949697147,3.1712513002964644,-70.43279694744058,3.2741490676353955,20.58802440526018,0.9924202411267289,31.364744984858536,0.9126125883730993,12.028537792638424,0.5857125369750406,48.54998473648589,1.207700966844952,13.460133142113728,0.508277470655551,11.525914734061658,0.7840018420794436,14.435429594700304,1.1341708165359765
"TRP_[1.0, 0.0, 0.0]_dt4",0.15,summer,6782938.356373456,144932.69015547738,458683.59862682427,5176.382017166632,412185.62817601877,14097.678826995423,7680.1227137282685,87.86299971714637,1423.1291434641973,28.2470694428346,63.79144753682986,0.7345852440064918,6405290.435448651,120780.39542326922,458157.6107020799,4984.84292542111,428538.0400508794,14406.996631515116,8069.80930384443,92.82147882183028,1697.8820510112498,32.5161840396162,69.27710402221555,0.8059373561384364,7593.166666666667,388.5719581579026,30762.666666666668,890.3167226704594,6993.0,343.2002331001539,7002.5,459.46087972753463,7673.0,680.146454816902,7987.0,88.25417837133828,58.4336670124826,1.1116098266413226,53.015285724804095,1.3406262019571231,-68.62807619127715,3.0400231444387944,-69.45530221241395,3.1530803232978712,21.114198998830563,1.002227158936404,30.553085731138207,0.9430583578185568,12.649357570525732,0.624452776054376,51.24757634857681,1.3154964586182298,11.651260097633125,0.5875844091118253,11.668035964947487,0.795037470457593,12.783770018316849,1.1384983431313653
"TRP_[1.0, 0.0, 0.0]_dt4",0.15,winter,8167643.633081545,153315.0720393875,576709.179871641,7649.936570222987,400709.0611384395,14023.286612176134,7227.771208003233,95.62503639012759,1637.5654053627811,37.56018976647193,67.25008459514827,0.8624167874798154,7646424.156415795,136910.90293363167,567675.8997752257,7429.372253184309,417834.1543637207,14394.048839111576,7656.330013332713,102.29081507065332,1928.9607633932428,43.96445415819631,73.57990334680115,0.97056842578994,7003.666666666667,370.08305374154423,31786.333333333332,867.7761616146561,6970.833333333333,337.9730265371286,6952.666666666667,448.8423628253762,7495.0,664.3279310701906,8449.666666666666,111.91008295353285,58.04960591469691,1.1452658782517613,52.518917683725476,1.3168140525255672,-85.20032475153064,3.600545498029009,-86.48348521767089,3.8733482447636605,9.215852222268152,1.188366164221372,19.464484647187174,1.0333727093340548,11.631312016401429,0.5868011215474935,52.791271283075616,1.2787804820484694,11.57875909842006,0.5769168380940201,11.548889388608776,0.7631482845465183,12.449768213494123,1.118544176618076
"TRP_[1.0, 0.0, 0.0]_dt4",0.2,autumn,6062807.51973787,126613.30822806912,415995.50665247533,5216.193775127891,332698.3834010737,10866.035536681693,6383.192327027479,75.04970925509413,1884.8879485723664,42.4372526794924,74.91865557017088,0.9602730880636549,5581090.922897454,102511.09965671362,422286.2101353253,5234.77297221248,349229.51165655133,11131.99416271887,6893.153277633474,80.94125207882895,2158.2883375845436,46.537195457836326,81.23220128276384,1.0274701090670308,7147.5,380.9150824002641,31692.833333333332,830.609515155387,7105.0,327.3670722598716,6967.833333333333,437.08599458992825,7776.166666666667,674.249039055056,7961.333333333333,101.99150291405013,62.30088688986101,1.0436538955805923,53.81500871779574,1.3033823297711744,-60.71715794791061,2.748510519355965,-63.69220575239947,3.006457096121132,13.31515759982088,0.9593880466839723,21.28434696608806,0.8680684387697373,11.775899166800185,0.5935516383513502,52.22014167676763,1.2564678896332155,11.708171875063693,0.5563878748284277,11.482184159018685,0.734504386004819,12.813603122349809,1.1142694874705912
"TRP_[1.0, 0.0, 0.0]_dt4",0.2,spring,6254857.2836852,124880.98664457748,329075.9798422926,4983.975820682953,424623.8918489046,15096.71242843139,6925.232036139329,103.0884356976701,1555.9420534305862,29.386477492389897,61.136918474098195,0.9190908237419375,5621469.307191701,107997.8217873033,323349.51786100457,4945.374419924914,445815.5545069798,15561.361744963218,7359.119631687968,108.83522495835518,1916.5570317725767,36.43771697450164,67.37171585447668,1.00356386131905,7166.666666666667,369.64830131716644,29008.333333333332,838.1543215104647,7996.166666666667,331.3441815796176,6983.5,458.5157576354382,8746.0,668.0694574668116,6891.666666666667,100.26697694987462,59.422132088677586,0.8617850872132953,47.998386863792945,1.1455990495799027,-69.32225295849418,3.1570287701595223,-69.34952532607501,3.305578527550532,18.574654508594524,1.0465955954910229,31.180098304905172,0.9569623641016672,11.963344567585215,0.5917580320873003,48.42502962328377,1.2520150092624553,13.350073263798265,0.5723728030255808,11.660016089208861,0.788201688944543,14.601536456123887,1.121948696924148
"TRP_[1.0, 0.0, 0.0]_dt4",0.2,summer,6814687.201712483,141334.43208212694,470388.8860826947,5103.588489418617,417924.6154203475,14119.624851397683,7879.016902034327,86.1903743025933,1412.5631166323471,27.828765283114134,64.62422953519986,0.7384669898921512,6558525.087597844,117496.35583639178,476153.6784061703,4676.413725317371,435987.6916279788,14455.467019065443,8371.809792307546,95.14981678488317,1708.4057011164793,32.375402983941136,71.16268151320409,0.8860360318309509,7387.333333333333,375.1222023110159,31199.333333333332,855.9230495007524,6948.0,353.6178728514723,6986.666666666667,438.58575748269203,7630.833333333333,683.1823817010114,8088.666666666667,90.93880726437253,59.51560806129702,1.097207045157335,52.79541279856077,1.323389618826322,-70.18486774128107,2.9659260711539424,-71.81583585070014,3.1461165349139155,20.43392557026251,0.9997171334429109,31.068692506182703,0.9210243759003428,12.279802691656192,0.5872104620508577,51.865386846065974,1.2776029960113746,11.551619258849342,0.6005275346639346,11.61612743478915,0.7445839593373459,12.687063768639343,1.1473447431400494
"TRP_[1.0, 0.0, 0.0]_dt4",0.2,winter,8215208.223959639,152718.6938071584,572287.2151940173,7227.855842270174,400232.259163059,14015.634403571314,7168.636459766206,90.45092121991954,1640.9301991899895,37.58357693699763,66.3753451724144,0.8267377740617623,7573022.543655698,130240.72168665135,564902.2428587526,7628.586344308146,422736.07217690255,14449.150193348425,7775.346807460674,95.43516917854396,2021.4684235677985,44.65132828617962,75.24928834215781,0.882563226978055,7000.166666666667,365.66674263141124,31745.666666666668,878.8441651775735,7108.0,334.90834567087154,6977.0,451.8636962624901,7496.0,682.6445634442568,8354.333333333334,107.83629568316378,59.04991538711971,1.1236093182083975,52.242397411878585,1.3191495747492104,-84.34742330558169,3.5797267330141964,-86.26149444643988,3.867066811614629,6.685787658210271,1.177788953343146,19.29908580317431,1.023481987013055,11.602776795552847,0.5790684674021975,52.620795713010374,1.315896221374196,11.783196343329047,0.5643374466797938,11.566364782379322,0.7624299203624584,12.426866365728415,1.1442732086928142
