platform,VM_instance,CPU_freq,n_vCPU,mem_size_GB,datasize,input_size_bytes,algorithm,arrival_time,runtime_sec,avg_kbmemused,avg_%memused,avg_%usr
AWS,c4.xlarge,2.9,4,8.053049999999999,small,3284941930,wordcount,2017-09-24 09:17:58,61.658,6633660.923076923,86.60692307692308,52.01923076923078
AWS,c4.xlarge,2.9,4,8.053049999999999,medium,1209030600,lr,2017-09-20 19:31:43,290.037,6103897.5,79.69035714285715,20.404999999999998
AWS,c3.2xlarge,2.8,8,16.106099999999998,large,13139641846,sort,2017-09-21 22:01:05,385.535,13899705.692307692,90.25294871794871,18.848076923076924
AWS,c4.xlarge,2.9,4,8.053049999999999,large,743933074,aggregation,2017-09-20 21:49:25,449.577,6715836.133333334,87.67944444444444,19.181333333333335
AWS,r3.2xlarge,2.5,8,65.49813999999999,medium,0,scan,2017-09-21 20:46:44,77.366,5548781.846153846,8.816923076923077,10.926153846153849
AWS,c4.xlarge,2.9,4,8.053049999999999,small,806020600,lr,2017-09-20 19:12:26,295.471,5724950.2,74.74266666666666,17.671166666666668
AWS,c3.xlarge,2.8,4,7.516179999999999,medium,6400000000,terasort,2017-09-26 17:30:53,312.654,7379174.25,96.33984375,51.237187500000005
AWS,m4.large,2.4,2,8.58992,medium,6569832127,wordcount,2017-09-25 00:23:28,154.241,7718809.0,94.41218749999999,88.231875
AWS,c3.xlarge,2.8,4,7.516179999999999,large,13139642356,sort,2017-09-27 03:47:37,476.9,7472374.25,97.55739583333333,31.60145833333333
AWS,r4.large,2.3,2,16.374534999999998,medium,6569829403,wordcount,2017-09-24 23:30:00,225.65,12238744.8,78.15777777777778,62.084
AWS,m3.2xlarge,2.6,8,32.212199999999996,small,125209992,pagerank,2017-09-21 02:38:06,239.049,9760217.636363637,31.603181818181824,20.369318181818183
AWS,m3.large,2.6,2,7.516179999999999,large,395478955,pagerank,2017-09-25 03:41:04,563.413,6733414.49122807,87.90921052631579,94.69929824561403
AWS,m3.large,2.6,2,7.516179999999999,medium,3799320693,join,2017-09-21 04:27:35,246.249,6886879.183673469,89.91285714285713,77.81877551020408
AWS,c3.2xlarge,2.8,8,16.106099999999998,medium,743933021,aggregation,2017-09-20 21:11:09,95.813,9632818.857142856,62.54714285714286,55.28095238095237
AWS,m3.xlarge,2.6,4,16.106099999999998,small,375779530,bayes,2017-09-20 15:33:26,65.931,6516755.142857143,42.31571428571429,65.37357142857142
AWS,r4.xlarge,2.3,4,32.749069999999996,medium,1209030600,lr,2017-09-24 06:50:34,118.273,9469442.833333334,30.157083333333333,52.70250000000001
AWS,c4.large,2.9,2,4.0265249999999995,small,3200000000,terasort,2017-09-22 18:38:52,235.921,3734009.9574468085,96.8653191489362,57.02893617021276
AWS,r4.2xlarge,2.3,8,65.49813999999999,medium,940817222,bayes,2017-09-20 18:41:31,231.318,12221267.441860465,19.434883720930234,18.76418604651163
AWS,c4.large,2.9,2,4.0265249999999995,small,806020600,lr,2017-09-20 19:17:37,636.299,3628776.8372093025,94.13527131782946,27.471627906976746
AWS,r3.xlarge,2.5,4,32.749069999999996,small,3284916501,sort,2017-09-22 05:01:23,84.908,14245616.666666666,45.345,53.95
AWS,r3.large,2.5,2,16.106099999999998,large,1612040600,lr,2017-09-20 20:34:36,269.657,10649061.407407407,67.97500000000001,71.01777777777777
AWS,r3.large,2.5,2,16.106099999999998,medium,3200000000,terasort,2017-09-22 17:53:24,188.38,11510555.282051282,73.47410256410255,74.4428205128205
AWS,c4.xlarge,2.9,4,8.053049999999999,medium,3799320693,join,2017-09-21 03:32:46,145.098,5968091.448275862,77.91758620689657,56.52862068965517
AWS,m4.xlarge,2.4,4,17.17984,small,3284929808,wordcount,2017-09-24 08:46:58,58.229,10255755.0,62.40916666666666,67.3725
AWS,r3.xlarge,2.5,4,32.749069999999996,small,3284919977,wordcount,2017-09-20 17:10:27,60.363,11437593.846153846,36.40923076923077,66.29384615384616
AWS,c3.xlarge,2.8,4,7.516179999999999,medium,6569817093,sort,2017-09-24 15:12:24,244.917,6787606.56,88.61659999999998,32.628
AWS,m3.2xlarge,2.6,8,32.212199999999996,large,13139662750,wordcount,2017-09-24 02:04:34,121.827,22867952.64,74.046,53.5792
AWS,r4.large,2.3,2,16.374534999999998,small,3777029616,join,2017-09-25 04:16:36,204.416,9955758.43902439,63.579024390243895,87.44365853658536
AWS,r3.xlarge,2.5,4,32.749069999999996,medium,6569822281,sort,2017-09-22 05:19:23,162.81,20058842.545454547,63.84818181818183,50.623636363636365
AWS,c4.2xlarge,2.9,8,16.106099999999998,large,3820993928,join,2017-09-24 04:29:19,82.356,10396992.25,67.50875,56.307500000000005
AWS,c3.2xlarge,2.8,8,16.106099999999998,small,72101800,als,2017-09-24 03:22:46,59.355,6826880.0,44.32692307692308,52.27461538461538
AWS,m3.xlarge,2.6,4,16.106099999999998,large,13139648615,sort,2017-09-22 04:21:14,455.077,13456545.086956521,87.37521739130436,36.97217391304348
AWS,c4.2xlarge,2.9,8,16.106099999999998,small,806020600,lr,2017-09-20 19:02:02,138.747,8605399.666666666,55.87708333333333,25.25208333333333
AWS,r3.large,2.5,2,16.106099999999998,large,1881786739,bayes,2017-09-24 20:08:56,343.428,10178795.257142857,64.97342857142857,86.58028571428574
AWS,r4.2xlarge,2.3,8,65.49813999999999,medium,128134600,als,2017-09-20 22:30:26,221.999,13003466.536585366,20.679024390243903,19.94878048780488
AWS,c4.2xlarge,2.9,8,16.106099999999998,medium,1209030600,lr,2017-09-20 19:26:44,350.402,10273854.176470589,66.70911764705882,9.904264705882351
AWS,r3.large,2.5,2,16.106099999999998,medium,6569824450,sort,2017-09-22 06:46:32,341.977,11526320.457142858,73.57442857142857,44.18157142857143
AWS,c3.xlarge,2.8,4,7.516179999999999,medium,1209030600,lr,2017-09-20 19:04:11,235.405,7084342.978723404,92.49106382978724,30.08212765957447
AWS,m4.2xlarge,2.4,8,34.35968,medium,128134600,als,2017-09-20 20:47:20,108.386,14932934.545454545,45.32136363636363,37.03454545454546
AWS,c3.2xlarge,2.8,8,16.106099999999998,large,200168800,als,2017-09-20 20:17:03,290.892,11667268.75862069,75.75706896551725,23.55793103448276
AWS,c4.large,2.9,2,4.0265249999999995,large,13139661233,sort,2017-09-22 03:20:36,571.085,3703140.4173913044,96.06452173913044,39.24660869565217
AWS,m4.2xlarge,2.4,8,34.35968,medium,3799320693,join,2017-09-24 04:20:07,88.312,13688346.888888888,41.545,54.970555555555556
AWS,r3.2xlarge,2.5,8,65.49813999999999,large,200168800,als,2017-09-20 21:43:43,242.467,16312007.916666666,25.925833333333333,24.984166666666667
AWS,c3.large,2.8,2,4.0265249999999995,medium,743941631,aggregation,2017-09-20 23:46:38,282.914,3557121.966101695,92.27711864406778,81.57610169491525
AWS,m3.large,2.6,2,7.516179999999999,medium,940817222,bayes,2017-09-20 15:54:23,269.487,6464747.490909091,84.4018181818182,74.48236363636363
AWS,m3.xlarge,2.6,4,16.106099999999998,small,3284929857,wordcount,2017-09-24 09:11:01,58.689,9889542.76923077,64.21461538461539,69.03769230769231
AWS,c3.2xlarge,2.8,8,16.106099999999998,medium,940817222,bayes,2017-09-24 02:22:46,70.842,8496240.266666668,55.16733333333333,60.10866666666667
AWS,m3.xlarge,2.6,4,16.106099999999998,small,0,scan,2017-09-21 15:33:06,84.56,3530887.5,22.92625,17.595
AWS,r4.xlarge,2.3,4,32.749069999999996,small,3284905343,sort,2017-09-24 12:24:19,77.746,14047523.25,44.736875,54.26625
AWS,r3.2xlarge,2.5,8,65.49813999999999,medium,6400000000,terasort,2017-09-24 10:04:45,165.889,30419840.914285716,48.34942857142858,58.94342857142858
AWS,c3.xlarge,2.8,4,7.516179999999999,small,806020600,lr,2017-09-20 18:47:18,311.613,5498416.698412699,71.78555555555556,17.980476190476192
AWS,m4.large,2.4,2,8.58992,medium,128134600,als,2017-09-20 20:49:17,233.967,7564815.0,92.52875,65.53270833333333
AWS,r4.large,2.3,2,16.374534999999998,small,3284912523,wordcount,2017-09-24 23:06:40,103.167,9180226.545454545,58.62590909090909,75.76954545454544
AWS,m3.xlarge,2.6,4,16.106099999999998,medium,259947887,pagerank,2017-09-21 02:51:23,332.174,8743354.626865672,56.77134328358209,44.09059701492538
AWS,c3.large,2.8,2,4.0265249999999995,small,3284917430,wordcount,2017-09-19 21:11:28,138.076,3566115.172413793,92.51034482758621,52.534137931034486
AWS,m3.large,2.6,2,7.516179999999999,medium,259947887,pagerank,2017-09-21 02:54:55,438.135,6235110.157303371,81.40393258426965,71.19426966292134
AWS,r3.2xlarge,2.5,8,65.49813999999999,medium,3799320693,join,2017-09-24 05:02:39,98.804,19612063.8,31.172000000000004,55.63749999999999
AWS,c3.large,2.8,2,4.0265249999999995,small,3777029616,join,2017-09-21 04:19:12,207.556,3520476.1904761903,91.32619047619048,81.3854761904762
AWS,m3.large,2.6,2,7.516179999999999,small,72101800,als,2017-09-20 20:07:36,260.007,5884968.62745098,76.83235294117647,43.33450980392158
AWS,m4.xlarge,2.4,4,17.17984,medium,743932960,aggregation,2017-09-20 21:42:03,137.508,13237000.827586208,80.55068965517239,71.23896551724138
AWS,c4.xlarge,2.9,4,8.053049999999999,large,395478955,pagerank,2017-09-21 03:06:15,536.735,5963971.028037383,77.86327102803739,58.813738317757014
AWS,r4.2xlarge,2.3,8,65.49813999999999,medium,6569805272,sort,2017-09-24 06:22:42,100.353,31317257.523809522,49.80333333333333,45.62857142857143
AWS,r4.2xlarge,2.3,8,65.49813999999999,large,9600000000,terasort,2017-09-24 08:11:56,236.36,43828746.25,69.69999999999999,73.54354166666667
AWS,c4.xlarge,2.9,4,8.053049999999999,large,1881786739,bayes,2017-09-20 16:16:41,367.517,7055312.918918919,92.11162162162162,76.25378378378379
AWS,m4.large,2.4,2,8.58992,small,125209992,pagerank,2017-09-21 03:55:22,272.242,5360023.214285715,65.56089285714286,53.55017857142857
AWS,m3.2xlarge,2.6,8,32.212199999999996,small,3777029616,join,2017-09-24 03:06:50,101.164,14184743.2,45.928999999999995,57.613
AWS,m4.xlarge,2.4,4,17.17984,small,72101800,als,2017-09-24 09:19:52,74.361,7718924.5,46.97125,70.059375
AWS,c4.large,2.9,2,4.0265249999999995,medium,743941631,aggregation,2017-09-20 23:42:14,451.562,3533500.695652174,91.66391304347826,40.43228260869565
AWS,c4.large,2.9,2,4.0265249999999995,small,743941939,aggregation,2017-09-20 23:02:03,226.469,3520008.255319149,91.31425531914893,81.71723404255317
AWS,r3.large,2.5,2,16.106099999999998,medium,3799320693,join,2017-09-25 02:08:24,215.701,9977302.511627907,63.68674418604652,89.0953488372093
AWS,r3.2xlarge,2.5,8,65.49813999999999,small,3284922539,wordcount,2017-09-20 17:14:26,161.043,18287153.696969695,29.066666666666666,13.200303030303033
AWS,r4.2xlarge,2.3,8,65.49813999999999,small,3284945172,sort,2017-09-24 06:13:10,52.945,15665824.363636363,24.91272727272727,48.98909090909091
AWS,r4.2xlarge,2.3,8,65.49813999999999,small,72101800,als,2017-09-20 22:11:18,194.655,10950969.444444444,17.415,15.476944444444444
AWS,m3.large,2.6,2,7.516179999999999,large,13139686064,wordcount,2017-09-20 18:11:10,295.088,7373697.733333333,96.2685,84.27533333333332
AWS,c3.xlarge,2.8,4,7.516179999999999,large,200168800,als,2017-09-24 11:28:05,150.01,6321768.0,82.53580645161291,79.69774193548389
AWS,c3.2xlarge,2.8,8,16.106099999999998,small,125209992,pagerank,2017-09-21 01:58:15,95.39,8543842.8,55.4755,64.115
AWS,m3.2xlarge,2.6,8,32.212199999999996,medium,259947887,pagerank,2017-09-21 02:46:52,236.528,11264670.782608695,36.47369565217391,37.55782608695652
AWS,r3.xlarge,2.5,4,32.749069999999996,medium,259947887,pagerank,2017-09-24 08:17:45,156.967,12231430.5,38.9346875,85.1534375
AWS,m4.xlarge,2.4,4,17.17984,small,806020600,lr,2017-09-24 09:09:48,88.634,7895404.842105263,48.04473684210526,59.7757894736842
AWS,r4.xlarge,2.3,4,32.749069999999996,medium,3799320693,join,2017-09-21 06:31:22,135.297,15957375.407407407,50.82037037037038,65.95111111111112
AWS,m3.2xlarge,2.6,8,32.212199999999996,medium,3799320693,join,2017-09-24 03:19:07,100.192,13996324.8,45.3185,58.9385
AWS,m3.xlarge,2.6,4,16.106099999999998,large,395478955,pagerank,2017-09-24 11:36:30,247.276,10884994.24,70.6778,90.59459999999999
AWS,m4.2xlarge,2.4,8,34.35968,small,3777029616,join,2017-09-24 04:10:53,85.603,14459029.411764706,43.883529411764705,57.43882352941176
AWS,r3.2xlarge,2.5,8,65.49813999999999,small,3284911357,sort,2017-09-24 08:17:45,89.051,20244540.42105263,32.17736842105264,31.579473684210527
AWS,c3.large,2.8,2,4.0265249999999995,small,72101800,als,2017-09-20 22:00:29,155.059,3386697.875,87.85562499999999,65.69125
AWS,c3.large,2.8,2,4.0265249999999995,large,1881786739,bayes,2017-09-19 20:11:48,999.45,3721364.8358208956,96.53766169154228,91.45109452736318
AWS,m4.2xlarge,2.4,8,34.35968,medium,6400000000,terasort,2017-09-24 08:23:36,203.69,22188134.926829267,67.34243902439025,49.80463414634147
AWS,c4.xlarge,2.9,4,8.053049999999999,medium,259947887,pagerank,2017-09-24 10:32:17,165.981,6703657.529411765,87.52058823529413,85.24735294117647
AWS,r4.xlarge,2.3,4,32.749069999999996,large,395478955,pagerank,2017-09-21 05:58:05,220.871,15046684.355555555,47.91955555555555,88.19466666666668
AWS,m4.xlarge,2.4,4,17.17984,large,395478955,pagerank,2017-09-24 10:17:55,246.409,11461008.96,69.7432,88.64859999999999
AWS,m4.xlarge,2.4,4,17.17984,large,743933050,aggregation,2017-09-20 21:57:31,124.018,13419123.384615384,81.65923076923079,75.73615384615384
AWS,m3.xlarge,2.6,4,16.106099999999998,large,1612040600,lr,2017-09-20 19:54:29,304.335,9974075.806451613,64.7633870967742,28.779354838709676
AWS,r4.large,2.3,2,16.374534999999998,medium,259947887,pagerank,2017-09-21 05:19:31,394.833,8153570.379746836,52.07012658227848,68.76518987341771
AWS,r3.large,2.5,2,16.106099999999998,large,4019032802,scan,2017-09-21 23:27:06,372.182,13089577.922077922,83.55402597402598,70.91532467532468
AWS,c3.xlarge,2.8,4,7.516179999999999,small,3777029616,join,2017-09-24 13:13:49,131.085,6213773.384615385,81.1253846153846,72.61576923076923
AWS,r4.xlarge,2.3,4,32.749069999999996,large,1881786739,bayes,2017-09-20 18:58:33,293.105,12574317.142857144,40.04660714285715,52.93785714285714
AWS,c3.large,2.8,2,4.0265249999999995,small,743941939,aggregation,2017-09-20 23:26:47,282.746,3583906.4137931033,92.97258620689655,82.22017241379311
AWS,r4.2xlarge,2.3,8,65.49813999999999,small,125209992,pagerank,2017-09-21 05:26:20,151.882,15004694.709677419,23.861935483870965,26.182580645161284
AWS,c4.large,2.9,2,4.0265249999999995,medium,6400000000,terasort,2017-09-22 19:08:48,398.185,3673960.5432098764,95.30753086419753,58.9541975308642
AWS,r4.xlarge,2.3,4,32.749069999999996,large,1881786739,bayes,2017-09-24 04:39:54,166.194,14012491.294117646,44.62558823529411,82.47558823529411
AWS,m3.large,2.6,2,7.516179999999999,small,3284919485,sort,2017-09-22 05:23:42,143.487,6113580.133333334,79.818,61.201
AWS,r3.large,2.5,2,16.106099999999998,small,3777029616,join,2017-09-21 05:34:17,222.202,11812182.090909092,75.39977272727273,85.39227272727273
AWS,r4.large,2.3,2,16.374534999999998,medium,1209030600,lr,2017-09-20 21:51:01,342.429,7941267.9375,50.71359375,56.95875
AWS,m3.xlarge,2.6,4,16.106099999999998,small,3777029616,join,2017-09-21 03:44:46,243.688,11707573.224489795,76.01857142857142,39.85591836734694
AWS,m4.xlarge,2.4,4,17.17984,large,200168800,als,2017-09-20 21:02:52,303.849,12737092.266666668,77.50916666666669,38.56766666666667
AWS,c3.2xlarge,2.8,8,16.106099999999998,large,743933017,aggregation,2017-09-20 21:20:18,97.828,9818072.761904761,63.74952380952381,54.67952380952382
AWS,m4.xlarge,2.4,4,17.17984,medium,6569828677,sort,2017-09-24 16:22:29,156.931,14564255.5,88.6275,54.720312500000006
AWS,c4.2xlarge,2.9,8,16.106099999999998,medium,1209030600,lr,2017-09-24 02:57:39,84.142,8938252.235294119,58.037058823529414,34.10235294117647
AWS,m4.2xlarge,2.4,8,34.35968,medium,743933064,aggregation,2017-09-24 02:36:06,87.856,15754394.736842105,47.81578947368421,57.928947368421056
AWS,m4.2xlarge,2.4,8,34.35968,small,125209992,pagerank,2017-09-21 04:07:25,271.88,10910083.094339622,33.112264150943396,15.35377358490566
AWS,r4.large,2.3,2,16.374534999999998,large,743932965,aggregation,2017-09-21 00:23:51,207.859,13450804.279069768,85.89860465116277,86.64162790697675
AWS,r4.large,2.3,2,16.374534999999998,small,3284912523,wordcount,2017-09-24 23:09:17,115.97,9205575.833333334,58.7875,62.94875
AWS,m3.xlarge,2.6,4,16.106099999999998,medium,259947887,pagerank,2017-09-21 02:57:48,285.173,9058150.48275862,58.81568965517241,49.048965517241385
AWS,c3.xlarge,2.8,4,7.516179999999999,large,9600000000,terasort,2017-09-24 16:52:50,466.824,7483277.106382979,97.69936170212766,50.44553191489361
AWS,m3.2xlarge,2.6,8,32.212199999999996,medium,6569869149,wordcount,2017-09-26 18:47:05,62.556,14890880.615384616,48.216153846153844,59.27384615384615
AWS,c3.large,2.8,2,4.0265249999999995,small,3777029616,join,2017-09-21 04:24:44,234.794,3534506.638297872,91.68978723404256,75.50723404255318
AWS,r4.2xlarge,2.3,8,65.49813999999999,medium,6569805272,sort,2017-09-24 06:25:00,98.951,30963836.6,49.241,48.440999999999995
AWS,c4.xlarge,2.9,4,8.053049999999999,large,395478955,pagerank,2017-09-27 06:18:22,358.944,6999709.444444444,91.38583333333334,88.66402777777778
AWS,m4.xlarge,2.4,4,17.17984,medium,743933022,aggregation,2017-09-20 21:45:58,133.191,13148193.285714285,80.01107142857143,71.39678571428571
AWS,r3.xlarge,2.5,4,32.749069999999996,small,3777029616,join,2017-09-21 05:05:39,146.232,14953553.379310345,47.59862068965518,66.25551724137931
AWS,c4.2xlarge,2.9,8,16.106099999999998,medium,6569839699,sort,2017-09-22 00:11:09,153.245,14125763.096774194,91.72096774193548,26.123870967741933
AWS,c3.large,2.8,2,4.0265249999999995,small,3284917430,wordcount,2017-09-19 21:07:28,108.482,3542270.9565217393,91.89173913043477,64.66826086956522
AWS,r3.2xlarge,2.5,8,65.49813999999999,medium,3799320693,join,2017-09-24 05:00:25,99.555,19193317.4,30.506000000000007,56.496
AWS,m3.large,2.6,2,7.516179999999999,medium,940817222,bayes,2017-09-20 16:00:22,258.535,6671736.0,87.10433962264149,84.13075471698114
AWS,r3.2xlarge,2.5,8,65.49813999999999,large,200168800,als,2017-09-20 21:37:53,264.912,17238269.925925925,27.397222222222215,23.16148148148148
AWS,c3.large,2.8,2,4.0265249999999995,medium,743941631,aggregation,2017-09-20 23:53:04,280.013,3547625.9310344825,92.03103448275861,82.07396551724138
AWS,r3.large,2.5,2,16.106099999999998,medium,6569824450,sort,2017-09-22 06:53:50,336.641,12260116.294117646,78.25882352941174,41.38661764705882
AWS,c3.xlarge,2.8,4,7.516179999999999,large,1881786739,bayes,2017-09-20 15:05:23,397.929,7240574.024691358,94.53037037037038,79.99777777777778
AWS,c4.large,2.9,2,4.0265249999999995,large,13139661233,sort,2017-09-22 03:09:23,550.677,3701596.3603603602,96.0244144144144,40.79441441441441
AWS,m4.2xlarge,2.4,8,34.35968,medium,128134600,als,2017-09-20 20:43:41,83.812,14481501.176470589,43.95235294117647,47.222352941176474
AWS,c4.xlarge,2.9,4,8.053049999999999,medium,0,scan,2017-09-21 08:31:50,28.18,4722773.142857143,61.65714285714286,32.144285714285715
AWS,m3.xlarge,2.6,4,16.106099999999998,medium,6569852350,sort,2017-09-22 03:37:17,153.536,13893940.875,90.2153125,59.86781249999999
AWS,r4.large,2.3,2,16.374534999999998,medium,0,scan,2017-09-21 23:22:24,73.046,4380617.0,27.974999999999998,30.125
AWS,r3.2xlarge,2.5,8,65.49813999999999,large,743933312,aggregation,2017-09-20 22:14:09,276.795,23752435.24528302,37.75207547169811,21.2311320754717
AWS,m3.xlarge,2.6,4,16.106099999999998,small,3284929857,wordcount,2017-09-24 09:12:40,58.495,9770507.384615384,63.442307692307686,68.18076923076923
AWS,r4.xlarge,2.3,4,32.749069999999996,small,3284905343,sort,2017-09-24 12:22:19,76.235,13769684.75,43.8525,56.195625
AWS,c4.xlarge,2.9,4,8.053049999999999,small,3200000000,terasort,2017-09-22 17:56:39,155.748,7272524.75,94.94687499999999,53.3859375
AWS,m3.2xlarge,2.6,8,32.212199999999996,medium,6400000000,terasort,2017-09-24 07:23:57,186.327,25198912.52631579,81.5928947368421,63.18631578947368
AWS,c3.xlarge,2.8,4,7.516179999999999,medium,6569817093,sort,2017-09-24 15:07:37,1737.76,7374889.114942528,96.28408045977012,4.779252873563219
AWS,m4.large,2.4,2,8.58992,medium,743932928,aggregation,2017-09-25 02:10:17,226.07,7702213.957446809,94.20936170212767,85.36659574468085
AWS,r3.xlarge,2.5,4,32.749069999999996,medium,6569822281,sort,2017-09-22 05:15:01,167.61,19463147.647058822,61.95235294117647,47.25352941176471
AWS,c4.2xlarge,2.9,8,16.106099999999998,large,3820993928,join,2017-09-24 04:31:14,81.899,10372923.25,67.35125,56.15625
AWS,m3.2xlarge,2.6,8,32.212199999999996,large,13139662750,wordcount,2017-09-24 02:01:51,132.12,22227857.777777776,71.97333333333334,50.00370370370371
AWS,r3.xlarge,2.5,4,32.749069999999996,small,3284916501,sort,2017-09-22 05:04:27,84.476,13623320.444444444,43.36333333333334,54.587222222222216
AWS,r3.large,2.5,2,16.106099999999998,large,1612040600,lr,2017-09-20 20:28:24,283.516,10462132.689655172,66.78293103448274,77.79172413793103
AWS,r3.2xlarge,2.5,8,65.49813999999999,large,13139673589,wordcount,2017-09-24 02:32:49,310.955,25795703.393939395,40.999848484848485,21.01212121212121
AWS,m4.xlarge,2.4,4,17.17984,small,3284929808,wordcount,2017-09-24 08:45:19,57.321,10085156.333333334,61.37166666666667,67.40083333333332
AWS,c4.xlarge,2.9,4,8.053049999999999,large,395478955,pagerank,2017-09-24 11:02:53,349.887,6912541.014084507,90.24845070422536,89.05239436619719
AWS,c3.2xlarge,2.8,8,16.106099999999998,medium,3799320693,join,2017-09-21 03:11:03,189.22,10790347.05263158,70.06315789473683,35.59552631578947
AWS,r3.large,2.5,2,16.106099999999998,medium,3200000000,terasort,2017-09-22 17:58:28,203.325,10900433.42857143,69.5797619047619,73.30428571428571
AWS,c4.xlarge,2.9,4,8.053049999999999,medium,3799320693,join,2017-09-21 03:36:42,141.323,5988696.714285715,78.18607142857141,57.45642857142857
AWS,m3.xlarge,2.6,4,16.106099999999998,large,13139648615,sort,2017-09-22 04:11:56,466.699,13338101.094736842,86.60621052631578,36.11263157894738
AWS,r3.large,2.5,2,16.106099999999998,large,1881786739,bayes,2017-09-24 20:15:00,322.632,10279639.515151516,65.61772727272728,88.51060606060605
AWS,r4.2xlarge,2.3,8,65.49813999999999,medium,743932965,aggregation,2017-09-20 23:18:01,92.711,25029475.0,39.803,55.97850000000001
AWS,m3.xlarge,2.6,4,16.106099999999998,medium,743932992,aggregation,2017-09-24 10:32:12,137.761,11674786.344827587,75.80655172413795,75.38103448275862
AWS,c4.large,2.9,2,4.0265249999999995,medium,1209030600,lr,2017-09-20 19:52:42,1068.102,3709670.734883721,96.23372093023256,24.056279069767438
AWS,m4.large,2.4,2,8.58992,medium,6569832127,wordcount,2017-09-25 00:26:46,156.958,7637167.878787879,93.41363636363637,87.0478787878788
AWS,c4.xlarge,2.9,4,8.053049999999999,large,743932954,aggregation,2017-09-20 21:55:50,282.916,6808512.8965517245,88.88948275862067,29.330344827586213
AWS,m4.large,2.4,2,8.58992,small,3284917658,sort,2017-09-22 06:40:38,146.685,7370879.225806451,90.15677419354839,59.078709677419354
AWS,c4.xlarge,2.9,4,8.053049999999999,small,806020600,lr,2017-09-20 19:05:52,244.541,6126873.2,79.9908,21.0926
AWS,r4.large,2.3,2,16.374534999999998,large,395478955,pagerank,2017-09-21 05:34:09,523.871,9089057.561904762,58.0432380952381,78.03076190476192
AWS,c4.large,2.9,2,4.0265249999999995,medium,6569812152,sort,2017-09-22 02:30:14,289.091,3749602.915254237,97.27050847457627,45.40322033898306
AWS,m3.2xlarge,2.6,8,32.212199999999996,small,125209992,pagerank,2017-09-21 02:32:21,163.352,13216923.030303031,42.79575757575758,28.43060606060606
AWS,m3.2xlarge,2.6,8,32.212199999999996,large,200168800,als,2017-09-20 20:38:33,200.318,14842076.780487806,48.05731707317073,33.05073170731707
AWS,m3.large,2.6,2,7.516179999999999,large,395478955,pagerank,2017-09-25 03:30:59,563.806,6768938.0,88.37368421052632,94.83122807017544
AWS,r4.large,2.3,2,16.374534999999998,medium,6569829403,wordcount,2017-09-24 23:25:31,202.158,12037793.523809524,76.8742857142857,67.73714285714286
AWS,c3.xlarge,2.8,4,7.516179999999999,large,13139624201,sort,2017-09-27 04:29:35,471.81,7476834.694736842,97.61515789473685,32.053999999999995
AWS,c3.2xlarge,2.8,8,16.106099999999998,large,13139641846,sort,2017-09-21 22:09:13,385.737,13776642.974358974,89.45333333333332,19.244358974358974
AWS,c4.xlarge,2.9,4,8.053049999999999,medium,1209030600,lr,2017-09-20 19:25:14,359.007,6512758.971428571,85.02828571428573,17.778285714285715
AWS,c4.xlarge,2.9,4,8.053049999999999,small,3284941930,wordcount,2017-09-24 09:16:14,61.078,6685889.538461538,87.28846153846153,53.93
AWS,c4.2xlarge,2.9,8,16.106099999999998,large,9600000000,terasort,2017-09-27 01:07:50,331.609,15000810.80597015,97.40149253731343,37.172985074626865
AWS,c4.large,2.9,2,4.0265249999999995,small,0,scan,2017-09-21 10:32:08,37.553,2728919.5555555555,70.79222222222222,48.059999999999995
AWS,r4.xlarge,2.3,4,32.749069999999996,medium,6400000000,terasort,2017-09-24 14:20:47,205.737,23149381.61904762,73.72404761904761,73.17833333333333
AWS,c4.large,2.9,2,4.0265249999999995,small,806020600,lr,2017-09-20 19:29:48,630.184,3639211.811023622,94.4063779527559,30.028425196850392
AWS,c4.large,2.9,2,4.0265249999999995,small,3777029616,join,2017-09-21 04:24:16,325.67,3655138.625,94.8190625,47.374375
AWS,m3.xlarge,2.6,4,16.106099999999998,small,375779530,bayes,2017-09-20 15:37:49,150.81,5962510.451612903,38.7158064516129,27.06064516129032
AWS,m4.xlarge,2.4,4,17.17984,large,13139684388,sort,2017-09-22 05:36:15,398.674,16015366.271604938,97.45802469135803,39.09209876543209
AWS,c3.2xlarge,2.8,8,16.106099999999998,medium,743932973,aggregation,2017-09-20 21:07:51,98.725,11759585.714285715,76.35714285714286,54.839999999999996
AWS,m3.large,2.6,2,7.516179999999999,medium,3799320693,join,2017-09-21 04:33:19,247.269,6823782.56,89.0886,76.24999999999999
AWS,r3.xlarge,2.5,4,32.749069999999996,medium,940817222,bayes,2017-09-24 04:29:10,98.819,10949240.57142857,34.85190476190477,78.75904761904762
AWS,r4.xlarge,2.3,4,32.749069999999996,medium,1209030600,lr,2017-09-24 06:53:09,115.311,9750582.166666666,31.052916666666665,53.50916666666666
AWS,m4.xlarge,2.4,4,17.17984,large,200168800,als,2017-09-20 21:09:55,315.88,13529980.866666667,82.33316666666666,36.96083333333333
AWS,m3.xlarge,2.6,4,16.106099999999998,small,3777029616,join,2017-09-21 03:48:37,136.241,11761025.333333334,76.36555555555555,71.69777777777777
AWS,r4.large,2.3,2,16.374534999999998,medium,1209030600,lr,2017-09-20 21:57:03,262.094,8509617.76923077,54.34269230769231,57.54903846153847
AWS,r4.xlarge,2.3,4,32.749069999999996,large,743932939,aggregation,2017-09-24 07:35:52,126.99,15228479.25925926,48.499259259259254,76.25777777777776
AWS,m3.xlarge,2.6,4,16.106099999999998,medium,259947887,pagerank,2017-09-24 11:18:16,170.179,9349552.342857143,60.70742857142858,85.08142857142856
AWS,m4.xlarge,2.4,4,17.17984,large,1881786739,bayes,2017-09-20 16:17:01,161.013,11109973.818181818,67.60757575757576,80.64575757575759
AWS,m4.2xlarge,2.4,8,34.35968,medium,743932980,aggregation,2017-09-24 02:38:16,88.462,16484406.94736842,50.03157894736842,57.92368421052631
AWS,c4.2xlarge,2.9,8,16.106099999999998,large,395478955,pagerank,2017-09-24 03:59:46,163.601,12071686.666666666,78.38333333333334,76.51666666666667
AWS,r3.2xlarge,2.5,8,65.49813999999999,large,743933085,aggregation,2017-09-24 03:21:36,97.111,19217643.42857143,30.544285714285724,57.56666666666667
AWS,r4.2xlarge,2.3,8,65.49813999999999,large,1612040600,lr,2017-09-20 21:53:55,162.857,14156979.272727273,22.513636363636362,28.493030303030306
AWS,m4.2xlarge,2.4,8,34.35968,small,125209992,pagerank,2017-09-21 04:01:07,158.557,13237975.225806452,40.17806451612904,27.71451612903226
AWS,r4.large,2.3,2,16.374534999999998,large,743932965,aggregation,2017-09-21 00:18:41,218.513,13525378.666666666,86.37466666666667,86.392
AWS,m4.large,2.4,2,8.58992,large,4019032802,scan,2017-09-21 22:36:31,274.864,7900918.8771929825,96.63964912280701,83.20508771929823
AWS,c3.2xlarge,2.8,8,16.106099999999998,large,743932995,aggregation,2017-09-20 21:23:36,95.328,10056256.8,65.2955,58.3155
AWS,m4.xlarge,2.4,4,17.17984,small,3200000000,terasort,2017-09-24 18:02:34,128.605,12423029.037037037,75.5974074074074,74.74925925925926
AWS,c4.2xlarge,2.9,8,16.106099999999998,medium,1209030600,lr,2017-09-24 02:55:37,93.778,9068184.421052631,58.87947368421053,33.23736842105263
AWS,m4.xlarge,2.4,4,17.17984,large,743933009,aggregation,2017-09-20 22:01:26,132.825,12941845.714285715,78.755,70.80035714285715
AWS,r3.large,2.5,2,16.106099999999998,large,200168800,als,2017-09-20 21:17:51,386.225,12344442.461538462,78.79692307692308,60.053076923076915
AWS,r4.large,2.3,2,16.374534999999998,medium,259947887,pagerank,2017-09-21 05:11:15,403.748,7766603.29113924,49.59873417721518,67.47835443037975
AWS,m3.xlarge,2.6,4,16.106099999999998,large,1612040600,lr,2017-09-20 20:00:28,259.163,10459390.113207547,67.91415094339621,31.746037735849058
AWS,r4.xlarge,2.3,4,32.749069999999996,large,395478955,pagerank,2017-09-21 05:52:45,357.006,12743978.470588235,40.58573529411764,56.32426470588235
AWS,c4.xlarge,2.9,4,8.053049999999999,medium,128134600,als,2017-09-24 09:36:34,90.22,6179056.421052632,80.67105263157893,76.66315789473684
AWS,m3.large,2.6,2,7.516179999999999,small,3284919485,sort,2017-09-22 05:27:49,144.564,6017716.533333333,78.56500000000001,60.97
AWS,c4.large,2.9,2,4.0265249999999995,medium,6400000000,terasort,2017-09-22 19:17:11,401.457,3674593.4320987654,95.3237037037037,57.547530864197526
AWS,r4.xlarge,2.3,4,32.749069999999996,large,1881786739,bayes,2017-09-24 04:43:40,184.026,13797293.684210526,43.94105263157895,74.75710526315788
AWS,c3.xlarge,2.8,4,7.516179999999999,small,3777029616,join,2017-09-24 13:11:02,132.074,6305191.692307692,82.31846153846153,72.28961538461539
AWS,r3.large,2.5,2,16.106099999999998,large,4019032802,scan,2017-09-21 23:19:02,400.129,13233793.060240963,84.4743373493976,63.38180722891565
AWS,r4.2xlarge,2.3,8,65.49813999999999,small,125209992,pagerank,2017-09-21 05:32:25,261.826,11131505.92,17.702800000000003,15.124199999999998
AWS,c3.large,2.8,2,4.0265249999999995,small,743941939,aggregation,2017-09-20 23:20:19,286.264,3570754.5762711866,92.62966101694916,79.03610169491526
AWS,m4.2xlarge,2.4,8,34.35968,small,3777029616,join,2017-09-24 04:08:53,89.592,14518139.555555556,44.06333333333333,54.849999999999994
AWS,m3.2xlarge,2.6,8,32.212199999999996,large,1612040600,lr,2017-09-20 19:50:20,191.967,13844632.615384616,44.82769230769232,24.89589743589744
AWS,r3.2xlarge,2.5,8,65.49813999999999,small,806020600,lr,2017-09-24 02:39:23,67.602,8942493.714285715,14.212857142857143,50.67
AWS,r3.2xlarge,2.5,8,65.49813999999999,small,3284911357,sort,2017-09-24 08:15:36,89.891,20934714.736842107,33.2742105263158,33.27210526315789
AWS,c3.2xlarge,2.8,8,16.106099999999998,small,3200000000,terasort,2017-09-22 06:19:04,104.77,12378312.727272727,80.3740909090909,52.07954545454545
AWS,r4.xlarge,2.3,4,32.749069999999996,small,806020600,lr,2017-09-24 06:36:38,91.066,8036455.368421053,25.59263157894737,63.324210526315795
AWS,c4.2xlarge,2.9,8,16.106099999999998,medium,6569835246,wordcount,2017-09-24 02:18:08,197.465,11320210.43902439,73.50341463414635,14.25121951219512
AWS,c3.large,2.8,2,4.0265249999999995,small,125209992,pagerank,2017-09-21 02:00:35,261.899,3580387.849056604,92.87962264150943,73.65924528301888
AWS,c3.large,2.8,2,4.0265249999999995,small,72101800,als,2017-09-20 21:56:12,201.775,3170889.904761905,82.25666666666667,52.245238095238086
AWS,c3.xlarge,2.8,4,7.516179999999999,medium,128134600,als,2017-09-20 19:59:17,326.265,5987100.0,78.16602941176471,25.48573529411765
AWS,m4.2xlarge,2.4,8,34.35968,medium,6400000000,terasort,2017-09-24 08:27:37,201.583,23205115.024390243,70.42853658536586,50.35780487804877
AWS,c3.large,2.8,2,4.0265249999999995,large,1881786739,bayes,2017-09-19 20:30:02,990.518,3708853.66,96.21295,90.583
AWS,c4.large,2.9,2,4.0265249999999995,small,743941939,aggregation,2017-09-20 23:09:19,329.608,3571657.588235294,92.65367647058822,55.91220588235294
AWS,r3.large,2.5,2,16.106099999999998,medium,3799320693,join,2017-09-25 02:04:12,211.5,9812684.666666666,62.636428571428574,89.19357142857143
AWS,r4.2xlarge,2.3,8,65.49813999999999,small,3284945172,sort,2017-09-24 06:11:38,53.837,15514624.0,24.672727272727276,49.51454545454546
AWS,r3.large,2.5,2,16.106099999999998,small,743933336,aggregation,2017-09-20 21:57:48,378.014,14534352.0,92.77524390243902,49.923902439024396
AWS,m4.large,2.4,2,8.58992,small,125209992,pagerank,2017-09-21 03:49:09,186.03,5619466.105263158,68.735,74.6107894736842
AWS,c4.xlarge,2.9,4,8.053049999999999,large,1881786739,bayes,2017-09-20 16:08:53,512.686,5990102.12,78.205,51.662299999999995
AWS,m3.2xlarge,2.6,8,32.212199999999996,small,3777029616,join,2017-09-24 03:09:05,101.018,14285804.8,46.257000000000005,57.461
AWS,c4.large,2.9,2,4.0265249999999995,medium,743941631,aggregation,2017-09-20 23:48:39,279.414,3529781.0344827585,91.56706896551727,63.05637931034483
AWS,m4.xlarge,2.4,4,17.17984,small,72101800,als,2017-09-24 09:17:58,73.582,7275869.866666666,44.275999999999996,68.93066666666667
AWS,m3.2xlarge,2.6,8,32.212199999999996,medium,259947887,pagerank,2017-09-21 02:50:32,121.043,14713795.2,47.6432,65.54639999999999
AWS,c3.2xlarge,2.8,8,16.106099999999998,small,125209992,pagerank,2017-09-21 02:02:45,169.048,9104181.371428572,59.113428571428564,35.92857142857142
AWS,r4.xlarge,2.3,4,32.749069999999996,medium,3799320693,join,2017-09-21 06:27:32,143.23,15963278.620689655,50.83827586206896,63.39689655172414
AWS,m4.large,2.4,2,8.58992,small,3777029616,join,2017-09-21 05:18:34,205.558,7813798.8292682925,95.57390243902438,85.6270731707317
AWS,m4.xlarge,2.4,4,17.17984,small,806020600,lr,2017-09-24 09:07:40,90.143,7813605.052631579,47.548421052631575,62.98894736842105
AWS,m3.large,2.6,2,7.516179999999999,large,13139686064,wordcount,2017-09-20 18:17:46,294.49,7332851.933333334,95.73533333333334,85.25483333333332
AWS,r3.xlarge,2.5,4,32.749069999999996,medium,0,scan,2017-09-21 21:49:41,34.32,5471471.0,17.41625,32.0625
AWS,m4.large,2.4,2,8.58992,large,743932965,aggregation,2017-09-20 22:50:14,214.694,7740944.177777777,94.68311111111113,84.61155555555557
AWS,c3.2xlarge,2.8,8,16.106099999999998,small,743933419,aggregation,2017-09-20 20:50:12,439.581,12883251.843137255,83.65245098039215,10.745686274509806
AWS,c4.2xlarge,2.9,8,16.106099999999998,medium,0,scan,2017-09-21 08:01:57,28.556,5277317.142857143,34.26571428571429,16.150000000000002
AWS,c3.2xlarge,2.8,8,16.106099999999998,medium,3799320693,join,2017-09-24 04:19:34,95.773,10809039.578947369,70.18473684210525,56.973684210526315
AWS,m4.2xlarge,2.4,8,34.35968,large,395478955,pagerank,2017-09-21 04:42:26,304.94,14706311.0,44.63442307692307,48.49596153846154
AWS,c3.xlarge,2.8,4,7.516179999999999,medium,3799320693,join,2017-09-21 03:36:40,143.481,7148118.068965517,93.32275862068965,67.2503448275862
AWS,r4.2xlarge,2.3,8,65.49813999999999,medium,6569830487,wordcount,2017-09-24 01:32:37,87.933,19881930.0,31.61777777777777,41.97555555555556
AWS,r3.xlarge,2.5,4,32.749069999999996,medium,3799320693,join,2017-09-21 05:29:58,148.245,16083740.133333333,51.19633333333334,66.22966666666666
AWS,c3.large,2.8,2,4.0265249999999995,medium,6400000000,terasort,2017-09-22 08:41:12,413.849,3640970.1904761903,94.45166666666668,61.04904761904762
AWS,m4.xlarge,2.4,4,17.17984,small,72101800,als,2017-09-20 20:18:42,153.57,9663126.58064516,58.80322580645161,32.35387096774193
AWS,m3.xlarge,2.6,4,16.106099999999998,large,3820993928,join,2017-09-21 04:16:27,134.108,12058406.074074075,78.29703703703704,74.10740740740741
AWS,r4.2xlarge,2.3,8,65.49813999999999,large,395478955,pagerank,2017-09-21 05:58:46,313.162,18751518.866666667,29.819499999999998,40.51433333333333
AWS,c3.large,2.8,2,4.0265249999999995,large,743941688,aggregation,2017-09-21 00:19:31,274.865,3555365.192982456,92.23140350877192,83.13403508771928
AWS,r4.xlarge,2.3,4,32.749069999999996,small,375779530,bayes,2017-09-20 18:28:08,100.572,7169100.0,22.8325,46.666
AWS,c4.2xlarge,2.9,8,16.106099999999998,medium,259947887,pagerank,2017-09-21 02:34:21,321.805,10512262.875,68.2575,26.214375
AWS,c3.xlarge,2.8,4,7.516179999999999,large,3820993928,join,2017-09-24 13:32:06,135.511,6346764.148148148,82.86185185185187,73.48777777777778
AWS,r3.large,2.5,2,16.106099999999998,small,0,scan,2017-09-21 22:47:25,38.47,4202616.888888889,26.826666666666664,59.95666666666667
AWS,r4.xlarge,2.3,4,32.749069999999996,medium,259947887,pagerank,2017-09-24 07:50:43,148.444,12318290.0,39.232,84.96333333333334
AWS,m3.large,2.6,2,7.516179999999999,large,13139677776,sort,2017-09-22 06:16:14,553.49,7086247.071428572,92.51526785714285,56.59160714285714
AWS,c3.xlarge,2.8,4,7.516179999999999,medium,6569838504,wordcount,2017-09-20 16:18:36,175.144,7458180.888888889,97.37111111111112,33.55444444444444
AWS,r4.xlarge,2.3,4,32.749069999999996,small,125209992,pagerank,2017-09-21 05:21:54,286.535,9293973.309090909,29.59818181818182,24.98054545454546
AWS,m4.2xlarge,2.4,8,34.35968,small,3284922651,wordcount,2017-09-24 01:06:15,46.92,10814653.6,32.826,46.260000000000005
AWS,m4.2xlarge,2.4,8,34.35968,small,806020600,lr,2017-09-20 19:35:29,137.08,8980914.57142857,27.257857142857148,24.594642857142855
AWS,m3.xlarge,2.6,4,16.106099999999998,small,806020600,lr,2017-09-20 19:26:15,279.572,6994977.777777778,45.418703703703706,39.422777777777775
AWS,r3.2xlarge,2.5,8,65.49813999999999,medium,3200000000,terasort,2017-09-22 17:07:59,349.37,15761106.356164383,25.05095890410959,14.819452054794523
AWS,m3.2xlarge,2.6,8,32.212199999999996,large,395478955,pagerank,2017-09-24 02:47:50,167.955,16611715.176470589,53.78823529411765,78.37617647058823
AWS,c3.large,2.8,2,4.0265249999999995,small,375779530,bayes,2017-09-19 18:44:58,325.019,3380157.523809524,87.68619047619048,50.45301587301588
AWS,r4.xlarge,2.3,4,32.749069999999996,medium,13139671376,sort,2017-09-22 05:35:59,1660.014,28487725.02102102,90.72558558558559,9.22114114114114
AWS,c3.large,2.8,2,4.0265249999999995,large,200168800,als,2017-09-20 22:52:57,522.869,3563320.3018867923,92.43754716981132,58.182547169811315
AWS,c4.xlarge,2.9,4,8.053049999999999,medium,6569819952,wordcount,2017-09-20 17:16:10,100.014,6950906.095238095,90.74857142857142,54.04571428571429
AWS,m4.2xlarge,2.4,8,34.35968,large,743933093,aggregation,2017-09-20 21:28:46,89.86,20835545.684210528,63.23736842105263,57.62052631578948
AWS,m3.2xlarge,2.6,8,32.212199999999996,medium,0,scan,2017-09-21 15:06:06,72.387,5117192.8,16.569333333333336,10.164
AWS,c4.large,2.9,2,4.0265249999999995,medium,940817222,bayes,2017-09-20 15:47:33,487.163,3639926.8282828284,94.42474747474746,84.0160606060606
AWS,r3.2xlarge,2.5,8,65.49813999999999,large,13139659718,sort,2017-09-24 08:49:41,233.167,42242185.70212766,67.14021276595744,37.487872340425525
AWS,r3.xlarge,2.5,4,32.749069999999996,medium,259947887,pagerank,2017-09-21 04:39:43,371.022,12100910.162162162,38.51797297297297,36.99459459459459
AWS,m3.2xlarge,2.6,8,32.212199999999996,large,9600000000,terasort,2017-09-22 17:31:55,327.988,24173689.313432835,78.27343283582088,47.11820895522388
AWS,m3.2xlarge,2.6,8,32.212199999999996,medium,259947887,pagerank,2017-09-24 02:33:46,110.672,13606443.130434783,44.05739130434783,74.6304347826087
AWS,m3.large,2.6,2,7.516179999999999,small,3284923491,wordcount,2017-09-20 17:16:10,221.39,7421489.333333333,96.89199999999998,35.19933333333334
AWS,r3.xlarge,2.5,4,32.749069999999996,large,1881786739,bayes,2017-09-24 04:42:54,163.07,13414331.05882353,42.69794117647059,82.56176470588237
AWS,c4.2xlarge,2.9,8,16.106099999999998,large,1881786739,bayes,2017-09-24 01:39:55,92.135,10921261.894736841,70.9121052631579,67.17631578947368
AWS,r3.xlarge,2.5,4,32.749069999999996,medium,1209030600,lr,2017-09-24 07:04:10,139.356,10016536.827586208,31.883448275862072,53.676896551724134
AWS,c3.2xlarge,2.8,8,16.106099999999998,large,395478955,pagerank,2017-09-21 02:32:59,246.648,12089753.490196079,78.49980392156863,79.30941176470587
AWS,r3.large,2.5,2,16.106099999999998,large,743932965,aggregation,2017-09-20 22:42:22,232.068,13559291.416666666,86.55145833333334,87.81666666666666
AWS,m3.2xlarge,2.6,8,32.212199999999996,large,3820993928,join,2017-09-24 03:35:57,101.534,14031873.4,45.43399999999999,58.766999999999996
AWS,c4.xlarge,2.9,4,8.053049999999999,small,375779530,bayes,2017-09-20 15:24:46,72.928,5692290.666666667,74.31599999999999,51.558
AWS,m4.large,2.4,2,8.58992,large,395478955,pagerank,2017-09-21 05:06:01,693.44,6923235.147058823,84.68161764705883,76.02632352941177
AWS,r4.2xlarge,2.3,8,65.49813999999999,large,200168800,als,2017-09-20 22:49:43,230.74,15325367.043478262,24.37130434782609,25.199782608695653
AWS,r4.2xlarge,2.3,8,65.49813999999999,large,13139638060,sort,2017-09-24 06:43:34,238.664,40672257.5,64.680625,36.029583333333335
AWS,c4.large,2.9,2,4.0265249999999995,large,743941688,aggregation,2017-09-21 00:05:49,225.596,3521489.787234043,91.35319148936169,78.85978723404256
AWS,r4.large,2.3,2,16.374534999999998,medium,3799320693,join,2017-09-21 06:41:10,326.298,11565240.861538462,73.85707692307692,57.439076923076925
AWS,c4.2xlarge,2.9,8,16.106099999999998,medium,128134600,als,2017-09-20 20:08:38,206.468,10641641.365853658,69.0980487804878,19.829268292682926
AWS,m4.2xlarge,2.4,8,34.35968,medium,259947887,pagerank,2017-09-24 03:42:56,106.679,14941831.636363637,45.34909090909091,72.4990909090909
AWS,c3.large,2.8,2,4.0265249999999995,large,13139679554,wordcount,2017-09-19 23:00:38,282.394,3680918.9655172415,95.48793103448278,79.37327586206897
AWS,r4.2xlarge,2.3,8,65.49813999999999,small,3200000000,terasort,2017-09-24 07:43:13,77.485,17615195.75,28.011875,61.493125
AWS,c4.xlarge,2.9,4,8.053049999999999,small,125209992,pagerank,2017-09-21 02:18:23,254.159,5206868.816326531,67.9795918367347,28.901632653061228
AWS,c4.xlarge,2.9,4,8.053049999999999,medium,6400000000,terasort,2017-09-26 17:37:34,282.176,6879007.228070175,89.81070175438596,49.82824561403509
AWS,c3.large,2.8,2,4.0265249999999995,large,3820993928,join,2017-09-21 05:06:16,219.542,3510211.090909091,91.05954545454546,81.17000000000002
AWS,r4.large,2.3,2,16.374534999999998,medium,3799320693,join,2017-09-25 04:43:17,200.79,10039767.9,64.11524999999999,87.93475000000001
AWS,c4.2xlarge,2.9,8,16.106099999999998,large,743933019,aggregation,2017-09-24 03:17:17,82.265,11056130.666666666,71.78888888888888,54.693333333333335
AWS,c3.xlarge,2.8,4,7.516179999999999,large,1612040600,lr,2017-09-20 19:22:58,244.093,7065409.469387755,92.24367346938774,34.54897959183673
AWS,m4.xlarge,2.4,4,17.17984,medium,3200000000,terasort,2017-09-22 17:49:57,422.044,9525185.542168675,57.963734939759036,20.958192771084338
AWS,r3.large,2.5,2,16.106099999999998,small,743933336,aggregation,2017-09-25 00:19:35,227.54,10822386.127659574,69.08148936170213,88.00021276595746
AWS,r4.large,2.3,2,16.374534999999998,small,3284922294,wordcount,2017-09-20 19:29:47,145.317,10393564.933333334,66.37466666666667,53.16166666666666
AWS,m3.2xlarge,2.6,8,32.212199999999996,large,4019032802,scan,2017-09-24 04:38:05,133.958,17144263.14285714,55.51392857142857,56.06857142857144
AWS,r3.large,2.5,2,16.106099999999998,large,3820993928,join,2017-09-25 02:32:34,224.336,9921132.888888888,63.32911111111112,87.9671111111111
AWS,m4.large,2.4,2,8.58992,medium,1209030600,lr,2017-09-25 01:16:13,173.828,6892142.0,84.30083333333333,89.45277777777777
AWS,m4.xlarge,2.4,4,17.17984,medium,940817222,bayes,2017-09-24 06:54:20,101.529,8746270.909090908,53.22363636363636,73.335
AWS,c4.2xlarge,2.9,8,16.106099999999998,small,3200000000,terasort,2017-09-22 17:16:34,114.152,10969761.666666666,71.22791666666666,39.805416666666666
AWS,m3.xlarge,2.6,4,16.106099999999998,large,4019032802,scan,2017-09-21 16:05:04,271.268,12497954.690909091,81.15036363636366,50.81745454545455
AWS,r3.large,2.5,2,16.106099999999998,medium,128134600,als,2017-09-20 20:56:34,270.636,10370039.418181818,66.19418181818182,58.513090909090906
AWS,c3.2xlarge,2.8,8,16.106099999999998,medium,6400000000,terasort,2017-09-22 06:37:35,250.87,12841474.980392156,83.38098039215686,41.74823529411766
AWS,c3.xlarge,2.8,4,7.516179999999999,medium,6569817775,sort,2017-09-21 23:04:47,244.838,7418489.52,96.85400000000001,34.2252
AWS,m3.xlarge,2.6,4,16.106099999999998,large,13139694778,wordcount,2017-09-24 09:39:40,225.521,14715012.0,95.54565217391307,48.43478260869565
AWS,r3.2xlarge,2.5,8,65.49813999999999,large,1612040600,lr,2017-09-20 20:47:31,188.876,13671264.307692308,21.728974358974355,29.938974358974363
AWS,c4.large,2.9,2,4.0265249999999995,small,3284918336,sort,2017-09-22 02:21:17,157.326,3498017.5757575757,90.74393939393939,46.842121212121214
AWS,c4.xlarge,2.9,4,8.053049999999999,large,9600000000,terasort,2017-09-26 17:58:30,499.068,7457041.688888889,97.35699999999999,45.19444444444444
AWS,m3.large,2.6,2,7.516179999999999,medium,6569839852,sort,2017-09-22 05:43:38,288.301,6692828.406779661,87.37898305084744,57.918135593220335
AWS,m4.xlarge,2.4,4,17.17984,medium,6569853400,wordcount,2017-09-24 08:54:40,90.16,13880457.47368421,84.46578947368421,76.30157894736843
AWS,r3.2xlarge,2.5,8,65.49813999999999,small,72101800,als,2017-09-20 21:08:22,57.681,12479148.333333334,19.834166666666665,50.24166666666667
AWS,m4.xlarge,2.4,4,17.17984,medium,259947887,pagerank,2017-09-21 04:15:14,359.522,9811390.8,59.70428571428572,40.37342857142857
AWS,r4.large,2.3,2,16.374534999999998,medium,940817222,bayes,2017-09-20 18:20:34,186.033,7680315.47368421,49.04789473684211,80.02763157894738
AWS,c4.2xlarge,2.9,8,16.106099999999998,large,13139639564,sort,2017-09-22 00:31:20,384.343,15019991.692307692,97.52679487179489,16.435256410256407
AWS,c3.xlarge,2.8,4,7.516179999999999,large,4019032802,scan,2017-09-24 14:06:26,983.972,7045332.225641025,91.9814358974359,10.84697435897436
AWS,m4.2xlarge,2.4,8,34.35968,medium,0,scan,2017-09-21 20:28:35,34.512,5471727.5,16.60625,17.7675
AWS,m3.xlarge,2.6,4,16.106099999999998,medium,1209030600,lr,2017-09-20 19:44:45,184.944,9425834.0,61.20368421052633,38.56526315789474
AWS,m3.xlarge,2.6,4,16.106099999999998,small,3284898033,sort,2017-09-22 03:31:28,129.157,10669222.222222222,69.2762962962963,34.16925925925926
AWS,r4.xlarge,2.3,4,32.749069999999996,small,806020600,lr,2017-09-20 21:35:10,270.96,7458678.836363636,23.754000000000005,37.75672727272727
AWS,r3.large,2.5,2,16.106099999999998,small,806020600,lr,2017-09-20 19:55:19,202.582,6808033.142857143,43.45690476190477,60.476428571428556
AWS,r3.xlarge,2.5,4,32.749069999999996,large,13139655218,sort,2017-09-22 05:38:47,453.362,23609977.695652176,75.15228260869564,37.045
AWS,r3.xlarge,2.5,4,32.749069999999996,large,13139641527,wordcount,2017-09-24 06:51:08,153.179,23528521.625,74.89250000000001,84.5746875
AWS,m3.2xlarge,2.6,8,32.212199999999996,small,0,scan,2017-09-21 14:54:41,64.57,4316320.571428572,13.975714285714286,10.685
AWS,c4.large,2.9,2,4.0265249999999995,medium,259947887,pagerank,2017-09-21 03:10:33,720.271,3555870.6944444445,92.24395833333334,66.47722222222222
AWS,c4.2xlarge,2.9,8,16.106099999999998,small,3777029616,join,2017-09-24 04:16:53,79.999,10730167.25,69.67249999999999,53.045
AWS,m3.large,2.6,2,7.516179999999999,large,200168800,als,2017-09-25 02:32:38,265.435,6694423.925925926,87.4001851851852,91.98574074074074
AWS,m3.xlarge,2.6,4,16.106099999999998,medium,3799320693,join,2017-09-21 04:00:32,134.255,12253756.444444444,79.56407407407409,75.12370370370371
AWS,c3.large,2.8,2,4.0265249999999995,medium,259947887,pagerank,2017-09-21 02:31:37,767.008,3586072.9032258065,93.0276129032258,69.91832258064517
AWS,r3.xlarge,2.5,4,32.749069999999996,large,3200000000,terasort,2017-09-22 17:38:44,267.523,13720500.888888888,43.67370370370372,27.49611111111111
AWS,m3.xlarge,2.6,4,16.106099999999998,large,1881786739,bayes,2017-09-20 16:03:53,169.138,11128278.4,72.25771428571427,76.78857142857143
AWS,m3.large,2.6,2,7.516179999999999,small,3284931666,wordcount,2017-09-25 01:04:01,91.172,6861870.315789473,89.58684210526316,84.46105263157895
AWS,c4.large,2.9,2,4.0265249999999995,large,1612040600,lr,2017-09-20 21:14:06,1228.66,3741980.113360324,97.07214574898785,25.23016194331984
AWS,r4.large,2.3,2,16.374534999999998,medium,1209030600,lr,2017-09-25 00:14:52,173.312,8175706.555555556,52.21138888888889,89.44638888888888
AWS,r3.2xlarge,2.5,8,65.49813999999999,medium,940817222,bayes,2017-09-24 00:48:47,73.442,14881220.0,23.653333333333332,58.55
AWS,c4.large,2.9,2,4.0265249999999995,large,9600000000,terasort,2017-09-22 19:31:40,574.355,3764162.1379310344,97.6473275862069,58.381982758620694
AWS,m4.large,2.4,2,8.58992,medium,0,scan,2017-09-21 22:20:26,38.689,4856861.333333333,59.406666666666666,58.16666666666666
AWS,m3.xlarge,2.6,4,16.106099999999998,medium,6569849326,wordcount,2017-09-24 09:24:32,88.733,13509062.52631579,87.71578947368421,76.52947368421053
AWS,c3.2xlarge,2.8,8,16.106099999999998,small,3284924449,sort,2017-09-21 21:23:52,107.959,9826987.652173912,63.80695652173913,26.028260869565226
AWS,m3.2xlarge,2.6,8,32.212199999999996,large,395478955,pagerank,2017-09-21 03:08:22,332.046,17660641.396825396,57.18444444444445,41.88873015873016
AWS,r4.xlarge,2.3,4,32.749069999999996,medium,940817222,bayes,2017-09-20 18:43:56,216.574,10257185.948717948,32.66589743589744,42.18897435897435
AWS,m3.xlarge,2.6,4,16.106099999999998,medium,940817222,bayes,2017-09-24 07:31:34,100.63,9039468.57142857,58.69428571428571,77.23714285714287
AWS,c4.xlarge,2.9,4,8.053049999999999,large,1612040600,lr,2017-09-20 19:48:54,231.488,6406112.255319149,83.6359574468085,37.0768085106383
AWS,m3.large,2.6,2,7.516179999999999,small,125209992,pagerank,2017-09-21 02:30:43,278.257,4597149.333333333,60.019999999999996,53.93185185185186
AWS,c4.xlarge,2.9,4,8.053049999999999,small,743933361,aggregation,2017-09-20 21:13:59,406.62,7204544.536585365,94.06073170731707,23.259756097560977
AWS,m4.large,2.4,2,8.58992,large,3820993928,join,2017-09-21 06:08:53,352.091,7656624.685714286,93.65214285714286,49.35542857142858
AWS,c3.2xlarge,2.8,8,16.106099999999998,large,395478955,pagerank,2017-09-21 02:38:47,243.726,12172243.44,79.03519999999999,78.328
AWS,r3.2xlarge,2.5,8,65.49813999999999,medium,259947887,pagerank,2017-09-24 04:15:08,97.515,16091639.6,25.5765,70.70349999999999
AWS,r3.xlarge,2.5,4,32.749069999999996,medium,1209030600,lr,2017-09-24 07:01:11,125.364,9600990.615384616,30.56,53.836153846153834
AWS,m3.2xlarge,2.6,8,32.212199999999996,large,9600000000,terasort,2017-09-22 17:39:02,325.481,23387243.09090909,75.7269696969697,49.20712121212121
AWS,m3.large,2.6,2,7.516179999999999,small,3284923491,wordcount,2017-09-20 17:19:55,123.511,6992173.846153846,91.28769230769232,63.11000000000001
AWS,r4.2xlarge,2.3,8,65.49813999999999,large,13139638060,sort,2017-09-24 06:38:57,265.767,37307244.222222224,59.32944444444444,28.74425925925926
AWS,r4.xlarge,2.3,4,32.749069999999996,medium,0,scan,2017-09-21 21:47:13,30.593,5045407.428571428,16.06714285714286,33.57714285714286
AWS,m3.2xlarge,2.6,8,32.212199999999996,small,3200000000,terasort,2017-09-24 07:10:52,90.394,15618665.4,50.57249999999999,58.66949999999999
AWS,c4.large,2.9,2,4.0265249999999995,large,743941688,aggregation,2017-09-21 00:11:23,229.246,3515610.0833333335,91.20020833333335,79.65583333333333
AWS,r4.xlarge,2.3,4,32.749069999999996,medium,743932914,aggregation,2017-09-24 07:17:54,127.457,14829359.111111112,47.22740740740741,76.09777777777778
AWS,m3.2xlarge,2.6,8,32.212199999999996,large,3820993928,join,2017-09-24 03:38:11,99.632,14333016.8,46.411,58.64699999999999
AWS,m4.large,2.4,2,8.58992,large,395478955,pagerank,2017-09-21 04:52:47,649.356,6813729.643410853,83.34232558139534,81.06325581395349
AWS,c4.xlarge,2.9,4,8.053049999999999,small,375779530,bayes,2017-09-20 15:21:50,76.634,5350688.8,69.85666666666665,46.602666666666664
AWS,r3.large,2.5,2,16.106099999999998,large,743932965,aggregation,2017-09-20 22:47:50,224.382,13659488.510638298,87.1912765957447,86.33510638297872
AWS,m4.2xlarge,2.4,8,34.35968,large,743933072,aggregation,2017-09-20 21:32:03,95.764,20560998.2,62.4045,54.6515
AWS,c4.xlarge,2.9,4,8.053049999999999,small,3777029616,join,2017-09-21 03:13:32,121.533,7092941.166666667,92.60333333333334,64.84833333333334
AWS,c3.large,2.8,2,4.0265249999999995,small,375779530,bayes,2017-09-19 18:51:42,300.424,3450363.475409836,89.50704918032785,50.92295081967213
AWS,c3.large,2.8,2,4.0265249999999995,large,200168800,als,2017-09-20 22:42:32,543.389,3589181.4545454546,93.10890909090907,57.15072727272728
AWS,c3.large,2.8,2,4.0265249999999995,large,395478955,pagerank,2017-09-21 03:20:04,955.339,3706276.5863874345,96.14591623036651,84.73298429319372
AWS,c4.xlarge,2.9,4,8.053049999999999,medium,6569819952,wordcount,2017-09-20 17:12:51,100.58,6922386.285714285,90.37714285714287,53.37428571428572
AWS,r4.xlarge,2.3,4,32.749069999999996,medium,13139671376,sort,2017-09-22 05:43:37,359.099,23845220.05479452,75.94041095890411,47.33109589041096
AWS,r3.2xlarge,2.5,8,65.49813999999999,large,13139659718,sort,2017-09-24 08:45:07,278.654,36654631.15789474,58.258421052631576,28.640526315789472
AWS,r3.xlarge,2.5,4,32.749069999999996,large,1612040600,lr,2017-09-24 07:11:51,139.916,10402191.862068966,33.11068965517242,57.43586206896552
AWS,c4.xlarge,2.9,4,8.053049999999999,large,13139658590,sort,2017-09-26 20:57:58,386.776,7472064.051282051,97.5525641025641,30.71833333333334
AWS,m3.2xlarge,2.6,8,32.212199999999996,small,806020600,lr,2017-09-20 19:18:46,150.02,8758922.064516129,28.361612903225808,23.922258064516125
AWS,m4.xlarge,2.4,4,17.17984,large,4019032802,scan,2017-09-24 13:38:12,330.604,14284805.61038961,86.9268831168831,30.17272727272727
AWS,r3.xlarge,2.5,4,32.749069999999996,medium,259947887,pagerank,2017-09-21 04:31:48,348.406,11077678.176470589,35.261029411764696,38.46720588235294
AWS,m3.large,2.6,2,7.516179999999999,medium,743932928,aggregation,2017-09-25 02:52:40,246.873,7266027.764705882,94.86333333333332,86.82784313725489
AWS,m3.2xlarge,2.6,8,32.212199999999996,medium,0,scan,2017-09-21 15:03:12,53.097,4906475.333333333,15.888333333333334,12.235833333333332
AWS,r4.xlarge,2.3,4,32.749069999999996,large,1612040600,lr,2017-09-24 07:00:19,127.738,10405760.76923077,33.13884615384615,55.1373076923077
AWS,m4.2xlarge,2.4,8,34.35968,medium,1209030600,lr,2017-09-20 19:54:20,349.871,10173187.222222222,30.875972222222224,10.383333333333333
AWS,c4.large,2.9,2,4.0265249999999995,medium,940817222,bayes,2017-09-20 15:59:24,609.259,3564246.229508197,92.46131147540986,69.03803278688525
AWS,m3.large,2.6,2,7.516179999999999,large,13139677776,sort,2017-09-22 06:27:24,565.25,7056412.521739131,92.12626086956521,55.84921739130434
AWS,r4.xlarge,2.3,4,32.749069999999996,small,375779530,bayes,2017-09-20 18:24:45,175.772,6970249.555555556,22.198611111111106,26.39527777777778
AWS,c4.2xlarge,2.9,8,16.106099999999998,medium,259947887,pagerank,2017-09-21 02:41:12,313.313,10698120.193548387,69.46403225806452,26.149516129032257
AWS,c3.large,2.8,2,4.0265249999999995,large,743941688,aggregation,2017-09-21 00:13:11,278.672,3557435.5862068967,92.28500000000001,83.81879310344829
AWS,r4.2xlarge,2.3,8,65.49813999999999,large,395478955,pagerank,2017-09-21 06:03:08,162.511,22425337.939393938,35.66181818181818,73.90090909090908
AWS,r3.large,2.5,2,16.106099999999998,small,0,scan,2017-09-21 22:45:03,40.755,3958055.6,25.267000000000003,60.924
AWS,c3.xlarge,2.8,4,7.516179999999999,large,3820993928,join,2017-09-24 13:29:15,136.215,6256861.185185186,81.68777777777777,71.06555555555556
AWS,m3.xlarge,2.6,4,16.106099999999998,small,806020600,lr,2017-09-20 19:29:58,122.535,7407776.96,48.098,48.815200000000004
AWS,m3.large,2.6,2,7.516179999999999,large,4019032802,scan,2017-09-25 05:25:07,298.73,7386483.868852459,96.43491803278687,87.63770491803278
AWS,r3.large,2.5,2,16.106099999999998,small,72101800,als,2017-09-20 20:39:35,145.235,9418738.58064516,60.12193548387096,70.78258064516132
AWS,m3.2xlarge,2.6,8,32.212199999999996,medium,128134600,als,2017-09-20 20:21:54,153.36,13015291.612903226,42.14290322580646,28.115483870967747
AWS,r4.xlarge,2.3,4,32.749069999999996,small,125209992,pagerank,2017-09-21 05:15:21,177.22,9729073.88235294,30.984411764705882,39.85294117647059
AWS,r4.xlarge,2.3,4,32.749069999999996,large,9600000000,terasort,2017-09-22 18:31:21,307.527,27405210.06451613,87.27822580645163,75.88225806451614
AWS,r4.large,2.3,2,16.374534999999998,small,743933336,aggregation,2017-09-20 23:41:45,210.898,13453895.545454545,85.91704545454546,86.01409090909091
AWS,m4.2xlarge,2.4,8,34.35968,large,395478955,pagerank,2017-09-21 04:35:36,353.998,14819881.125,44.97890625,36.5353125
AWS,c3.2xlarge,2.8,8,16.106099999999998,medium,3799320693,join,2017-09-24 04:21:44,94.788,10768325.263157895,69.91842105263159,56.46052631578947
AWS,c4.2xlarge,2.9,8,16.106099999999998,medium,0,scan,2017-09-21 07:59:48,29.561,5370730.857142857,34.87285714285714,16.57857142857143
AWS,r4.2xlarge,2.3,8,65.49813999999999,small,806020600,lr,2017-09-20 21:26:35,151.867,10028248.903225806,15.947741935483865,23.287419354838708
AWS,r3.2xlarge,2.5,8,65.49813999999999,small,743933317,aggregation,2017-09-24 02:52:48,97.387,19195739.23809524,30.510952380952386,58.44
AWS,r3.xlarge,2.5,4,32.749069999999996,medium,0,scan,2017-09-21 21:47:24,33.072,5121839.0,16.302500000000002,31.716250000000002
AWS,c3.2xlarge,2.8,8,16.106099999999998,small,743933381,aggregation,2017-09-20 21:00:06,491.402,12008406.48,77.9718,10.936100000000001
AWS,c3.xlarge,2.8,4,7.516179999999999,medium,259947887,pagerank,2017-09-21 02:20:46,440.297,6240709.011494253,81.47712643678162,39.910804597701144
AWS,m4.large,2.4,2,8.58992,small,0,scan,2017-09-21 22:10:52,38.502,3989110.222222222,48.79333333333333,55.13111111111111
AWS,c3.large,2.8,2,4.0265249999999995,medium,6400000000,terasort,2017-09-22 08:49:56,420.928,3623466.7906976743,93.99779069767442,60.08116279069768
AWS,m3.2xlarge,2.6,8,32.212199999999996,medium,6400000000,terasort,2017-09-26 21:35:18,180.388,25134089.18918919,81.38270270270272,65.45054054054054
AWS,m3.xlarge,2.6,4,16.106099999999998,medium,6400000000,terasort,2017-09-22 18:00:44,248.049,14172554.666666666,92.02411764705882,70.32156862745097
AWS,m4.xlarge,2.4,4,17.17984,small,375779530,bayes,2017-09-20 15:47:49,73.606,6519964.266666667,39.67466666666666,59.99333333333333
AWS,m3.xlarge,2.6,4,16.106099999999998,large,3820993928,join,2017-09-21 04:20:18,135.895,12154772.74074074,78.92185185185184,74.87074074074074
AWS,m4.xlarge,2.4,4,17.17984,small,72101800,als,2017-09-20 20:23:56,207.311,9371314.285714285,57.027142857142856,25.793095238095237
AWS,r4.2xlarge,2.3,8,65.49813999999999,medium,6569830487,wordcount,2017-09-24 01:30:30,79.436,18288717.88235294,29.083529411764708,45.561764705882354
AWS,r3.xlarge,2.5,4,32.749069999999996,medium,3799320693,join,2017-09-21 05:25:56,145.179,15885545.931034483,50.56448275862068,67.64586206896551
AWS,c4.large,2.9,2,4.0265249999999995,large,3820993928,join,2017-09-21 05:27:48,203.269,3676198.536585366,95.36487804878048,75.71707317073171
AWS,c4.2xlarge,2.9,8,16.106099999999998,large,13139687344,wordcount,2017-09-26 20:26:14,124.179,15098472.32,98.03600000000002,36.854
AWS,c4.large,2.9,2,4.0265249999999995,large,1612040600,lr,2017-09-20 21:36:57,1270.455,3745373.8039215687,97.15992156862745,25.074980392156863
AWS,m4.2xlarge,2.4,8,34.35968,large,13139653241,sort,2017-09-22 05:31:42,252.309,30102785.49019608,91.36450980392158,40.90039215686276
AWS,r4.large,2.3,2,16.374534999999998,medium,1209030600,lr,2017-09-25 00:11:17,173.99,7968002.0,50.88500000000001,88.93305555555555
AWS,c4.large,2.9,2,4.0265249999999995,large,4019032802,scan,2017-09-21 10:55:56,236.937,3677304.163265306,95.39428571428572,81.73346938775511
AWS,c4.xlarge,2.9,4,8.053049999999999,large,9600000000,terasort,2017-09-24 14:03:37,401.727,7094726.320987654,92.62617283950617,47.93024691358025
AWS,m3.large,2.6,2,7.516179999999999,small,3284931666,wordcount,2017-09-25 01:01:46,91.844,6757873.6,88.22900000000001,84.40350000000001
AWS,m4.xlarge,2.4,4,17.17984,small,3284921354,sort,2017-09-22 04:30:11,90.583,11554282.94736842,70.31105263157895,50.14842105263157
AWS,m3.xlarge,2.6,4,16.106099999999998,large,1881786739,bayes,2017-09-20 16:08:25,172.77,11266915.657142857,73.15771428571429,77.34085714285715
AWS,r4.xlarge,2.3,4,32.749069999999996,medium,940817222,bayes,2017-09-20 18:38:30,183.522,9566988.216216216,30.4681081081081,45.31162162162161
AWS,m3.2xlarge,2.6,8,32.212199999999996,small,72101800,als,2017-09-20 20:06:49,132.14,11201456.74074074,36.269999999999996,24.064814814814813
AWS,m3.2xlarge,2.6,8,32.212199999999996,large,395478955,pagerank,2017-09-21 03:01:11,354.932,16362151.304347826,52.98028985507247,41.86376811594204
AWS,c4.xlarge,2.9,4,8.053049999999999,large,1612040600,lr,2017-09-20 19:43:24,213.582,6800802.23255814,88.78999999999999,33.92697674418604
AWS,r4.large,2.3,2,16.374534999999998,small,125209992,pagerank,2017-09-21 04:40:59,185.48,6167205.263157895,39.384473684210526,72.83026315789472
AWS,m4.large,2.4,2,8.58992,large,13139675643,sort,2017-09-22 07:30:55,641.958,7963790.153846154,97.40907692307692,44.19369230769231
AWS,c4.xlarge,2.9,4,8.053049999999999,small,743933384,aggregation,2017-09-20 21:17:44,122.266,5914742.769230769,77.22115384615384,67.61192307692308
AWS,m3.xlarge,2.6,4,16.106099999999998,medium,940817222,bayes,2017-09-24 07:33:57,99.149,9329022.857142856,60.57523809523809,78.14809523809524
AWS,c4.xlarge,2.9,4,8.053049999999999,medium,743932917,aggregation,2017-09-20 21:24:59,122.338,6964353.230769231,90.92461538461538,70.66
AWS,m3.xlarge,2.6,4,16.106099999999998,medium,6569849326,wordcount,2017-09-24 09:22:23,89.001,13477476.0,87.51052631578948,76.91789473684211
AWS,m4.large,2.4,2,8.58992,medium,0,scan,2017-09-21 22:22:46,37.658,4912264.0,60.085555555555565,54.76222222222222
AWS,c3.2xlarge,2.8,8,16.106099999999998,small,3284924449,sort,2017-09-21 21:27:16,102.728,9646504.545454545,62.63590909090909,29.258636363636366
AWS,c3.xlarge,2.8,4,7.516179999999999,large,4019032802,scan,2017-09-24 13:49:15,193.139,6797454.1,88.745,68.45349999999999
AWS,m3.xlarge,2.6,4,16.106099999999998,medium,1209030600,lr,2017-09-20 19:39:38,155.573,9135969.625,59.3209375,46.5428125
AWS,m3.xlarge,2.6,4,16.106099999999998,small,3284898033,sort,2017-09-22 03:27:39,105.526,9928185.272727273,64.46409090909093,44.06272727272728
AWS,m3.large,2.6,2,7.516179999999999,large,200168800,als,2017-09-25 02:27:28,271.001,6664350.327272727,87.00709090909093,91.07490909090907
AWS,c4.2xlarge,2.9,8,16.106099999999998,small,3777029616,join,2017-09-24 04:18:46,79.122,10880738.75,70.65125,53.25749999999999
AWS,m3.xlarge,2.6,4,16.106099999999998,medium,3799320693,join,2017-09-21 04:04:19,132.286,11995977.076923076,77.89076923076924,76.49192307692307
AWS,r4.xlarge,2.3,4,32.749069999999996,small,806020600,lr,2017-09-20 21:40:57,247.547,8540751.666666666,27.19979166666667,25.756250000000005
AWS,m3.2xlarge,2.6,8,32.212199999999996,small,0,scan,2017-09-21 14:57:39,76.744,4561353.066666666,14.768666666666666,9.591333333333333
AWS,c4.large,2.9,2,4.0265249999999995,medium,259947887,pagerank,2017-09-21 02:56:51,728.02,3504286.31292517,90.90585034013606,65.8670068027211
AWS,r3.large,2.5,2,16.106099999999998,small,806020600,lr,2017-09-20 19:50:15,151.207,6402178.70967742,40.86677419354837,79.26741935483872
AWS,r3.xlarge,2.5,4,32.749069999999996,large,13139641527,wordcount,2017-09-24 06:47:55,149.564,23060126.967741936,73.40290322580644,85.5509677419355
AWS,r3.xlarge,2.5,4,32.749069999999996,large,13139655218,sort,2017-09-22 05:47:56,449.203,23600321.186813187,75.12153846153846,35.722307692307695
AWS,c4.2xlarge,2.9,8,16.106099999999998,small,3284906959,wordcount,2017-09-20 16:07:30,46.553,10899642.0,70.773,41.071
AWS,m4.xlarge,2.4,4,17.17984,medium,6400000000,terasort,2017-09-24 18:18:34,246.642,15070093.04,91.70540000000003,71.7602
AWS,c3.xlarge,2.8,4,7.516179999999999,medium,0,scan,2017-09-21 09:14:51,117.832,5045125.166666667,65.86666666666666,10.622083333333334
AWS,r3.xlarge,2.5,4,32.749069999999996,medium,6400000000,terasort,2017-09-24 13:04:37,229.349,24156499.489361703,76.89191489361703,75.31212765957446
AWS,r3.2xlarge,2.5,8,65.49813999999999,small,3284906670,sort,2017-09-26 18:33:22,57.647,13808208.0,21.94666666666667,49.79999999999999
AWS,c4.2xlarge,2.9,8,16.106099999999998,small,3200000000,terasort,2017-09-22 17:13:00,302.675,11874583.733333332,77.10249999999999,17.4305
AWS,c3.2xlarge,2.8,8,16.106099999999998,medium,6400000000,terasort,2017-09-22 06:43:21,243.806,12854898.24,83.46860000000001,40.583600000000004
AWS,m3.xlarge,2.6,4,16.106099999999998,large,13139694778,wordcount,2017-09-24 09:44:11,227.152,14728460.782608695,95.63347826086955,46.84108695652174
AWS,c3.2xlarge,2.8,8,16.106099999999998,medium,0,scan,2017-09-21 07:53:29,32.689,5122822.5,33.2625,16.1
AWS,r3.2xlarge,2.5,8,65.49813999999999,small,72101800,als,2017-09-20 21:05:45,60.14,12989464.307692308,20.645384615384614,50.0323076923077
AWS,m3.large,2.6,2,7.516179999999999,medium,6569839852,sort,2017-09-22 05:50:09,287.925,6734973.491525424,87.92932203389832,57.590677966101694
AWS,m4.xlarge,2.4,4,17.17984,medium,259947887,pagerank,2017-09-21 04:07:36,372.307,9485071.768115941,57.7195652173913,38.20159420289855
AWS,c4.large,2.9,2,4.0265249999999995,small,3284918336,sort,2017-09-22 02:16:58,158.591,3504446.6666666665,90.90969696969695,47.21696969696969
AWS,c3.xlarge,2.8,4,7.516179999999999,small,375779530,bayes,2017-09-20 14:26:18,95.228,5185674.0,67.703,45.811
AWS,r4.2xlarge,2.3,8,65.49813999999999,large,395478955,pagerank,2017-09-24 03:08:53,146.392,22548681.066666666,35.85866666666666,75.83800000000001
AWS,c4.xlarge,2.9,4,8.053049999999999,small,125209992,pagerank,2017-09-21 02:12:32,208.983,5735288.8,74.87775,36.358999999999995
AWS,c4.xlarge,2.9,4,8.053049999999999,medium,6400000000,terasort,2017-09-24 13:35:34,281.314,7454209.96491228,97.31929824561404,48.659122807017546
AWS,c4.xlarge,2.9,4,8.053049999999999,medium,6400000000,terasort,2017-09-26 17:42:56,278.352,6828913.403508772,89.15596491228071,48.57526315789474
AWS,c3.large,2.8,2,4.0265249999999995,large,3820993928,join,2017-09-21 05:11:46,231.894,3468653.7021276597,89.98212765957446,78.38914893617022
AWS,r4.large,2.3,2,16.374534999999998,medium,743932928,aggregation,2017-09-25 01:17:39,225.442,10756230.553191489,68.69106382978723,86.96489361702129
AWS,m4.2xlarge,2.4,8,34.35968,medium,259947887,pagerank,2017-09-24 03:40:29,102.819,14647275.61904762,44.4552380952381,74.64619047619047
AWS,c3.large,2.8,2,4.0265249999999995,large,13139679554,wordcount,2017-09-19 22:54:13,398.838,3612809.8734177216,93.72164556962025,59.30417721518988
AWS,c4.2xlarge,2.9,8,16.106099999999998,medium,128134600,als,2017-09-20 20:14:08,226.649,9971355.022222223,64.74399999999999,18.146444444444448
AWS,m3.2xlarge,2.6,8,32.212199999999996,large,4019032802,scan,2017-09-24 04:42:10,200.092,19141344.666666668,61.97952380952382,32.68523809523809
AWS,m4.xlarge,2.4,4,17.17984,medium,3200000000,terasort,2017-09-22 17:53:46,130.199,12300420.592592593,74.85185185185185,64.76592592592593
AWS,r4.large,2.3,2,16.374534999999998,small,3284922294,wordcount,2017-09-20 19:34:16,168.117,10562898.11764706,67.45588235294116,46.24441176470589
AWS,r3.large,2.5,2,16.106099999999998,small,743933336,aggregation,2017-09-25 00:15:03,232.435,10550382.583333334,67.34541666666667,88.46833333333332
AWS,r3.large,2.5,2,16.106099999999998,large,3820993928,join,2017-09-25 02:36:42,212.596,9804316.744186046,62.583255813953485,87.1132558139535
AWS,r4.large,2.3,2,16.374534999999998,large,13139660393,wordcount,2017-09-24 23:58:42,389.747,15425456.101265823,98.50835443037974,65.6846835443038
AWS,r4.2xlarge,2.3,8,65.49813999999999,medium,3799320693,join,2017-09-21 06:22:00,98.363,20570200.2,32.713499999999996,54.370999999999995
AWS,c3.xlarge,2.8,4,7.516179999999999,small,3200000000,terasort,2017-09-24 16:10:05,152.497,7173164.774193549,93.65129032258062,59.97967741935484
AWS,r3.xlarge,2.5,4,32.749069999999996,large,200168800,als,2017-09-20 20:51:27,154.058,15161779.875,48.26125,71.7134375
AWS,m3.large,2.6,2,7.516179999999999,small,3200000000,terasort,2017-09-22 19:06:35,221.802,6450879.739130435,84.22065217391305,72.98717391304348
AWS,c4.2xlarge,2.9,8,16.106099999999998,medium,743933012,aggregation,2017-09-20 21:01:01,90.047,10391014.52631579,67.47,54.99052631578946
AWS,m4.2xlarge,2.4,8,34.35968,small,3200000000,terasort,2017-09-24 08:11:22,86.325,16577494.222222222,50.31444444444445,56.385
AWS,m4.2xlarge,2.4,8,34.35968,medium,940817222,bayes,2017-09-24 00:27:30,88.47,11071700.421052631,33.60421052631579,44.730000000000004
AWS,c4.xlarge,2.9,4,8.053049999999999,medium,259947887,pagerank,2017-09-21 02:39:02,420.407,5410058.619047619,70.63250000000001,37.044761904761906
AWS,m4.xlarge,2.4,4,17.17984,large,3820993928,join,2017-09-21 05:27:49,154.567,13549998.322580645,82.45516129032256,56.75419354838709
AWS,m3.large,2.6,2,7.516179999999999,large,1881786739,bayes,2017-09-20 16:24:29,943.959,7231516.571428572,94.41227513227513,82.91613756613755
AWS,c3.2xlarge,2.8,8,16.106099999999998,small,3777029616,join,2017-09-24 04:07:56,96.279,10825153.894736841,70.28947368421052,56.12789473684211
AWS,r3.2xlarge,2.5,8,65.49813999999999,large,13139653130,wordcount,2017-09-27 01:23:27,99.519,28577623.272727273,45.42136363636364,63.526363636363634
AWS,r3.large,2.5,2,16.106099999999998,medium,259947887,pagerank,2017-09-21 04:32:56,374.451,7410391.7894736845,47.30236842105263,71.19684210526316
AWS,r3.2xlarge,2.5,8,65.49813999999999,medium,743932936,aggregation,2017-09-24 03:09:34,97.567,19800615.61904762,31.47142857142857,58.46047619047621
AWS,c3.xlarge,2.8,4,7.516179999999999,large,13139634783,wordcount,2017-09-20 17:27:00,446.879,7442820.578313253,97.17120481927711,26.12
AWS,m4.large,2.4,2,8.58992,large,1612040600,lr,2017-09-20 20:19:32,256.822,7668984.0,93.80269230769233,70.26096153846153
AWS,m4.large,2.4,2,8.58992,medium,259947887,pagerank,2017-09-21 04:26:07,448.856,6497931.409090909,79.47954545454546,72.44977272727273
AWS,r3.xlarge,2.5,4,32.749069999999996,medium,743933030,aggregation,2017-09-24 07:34:08,139.661,15927717.103448275,50.699310344827595,77.59310344827585
AWS,m4.2xlarge,2.4,8,34.35968,small,743933456,aggregation,2017-09-24 02:22:24,87.661,15553175.368421054,47.20368421052632,56.885263157894734
AWS,r3.xlarge,2.5,4,32.749069999999996,small,125209992,pagerank,2017-09-21 04:09:03,139.875,9006137.185185185,28.66629629629629,53.208148148148155
AWS,m3.2xlarge,2.6,8,32.212199999999996,medium,6569844013,sort,2017-09-22 02:52:29,118.652,22654919.68,73.356,43.8124
AWS,r3.large,2.5,2,16.106099999999998,small,125209992,pagerank,2017-09-21 04:10:59,164.621,6084821.647058823,38.84117647058824,82.27852941176468
AWS,c3.2xlarge,2.8,8,16.106099999999998,large,9600000000,terasort,2017-09-26 19:03:21,344.137,14769042.4,95.89699999999999,39.08385714285714
AWS,r3.large,2.5,2,16.106099999999998,medium,0,scan,2017-09-21 22:52:21,39.605,4558884.0,29.100000000000005,60.78499999999999
AWS,r4.2xlarge,2.3,8,65.49813999999999,small,375779530,bayes,2017-09-20 18:22:11,57.774,9388579.333333334,14.93,41.88333333333333
AWS,c3.xlarge,2.8,4,7.516179999999999,small,0,scan,2017-09-21 09:11:03,125.481,4792293.538461538,62.565769230769234,9.608076923076924
AWS,m4.2xlarge,2.4,8,34.35968,large,395478955,pagerank,2017-09-24 03:54:30,144.769,17497380.8,53.105333333333334,79.32666666666667
AWS,r4.xlarge,2.3,4,32.749069999999996,small,72101800,als,2017-09-20 22:14:42,166.753,8985442.533333333,28.616333333333333,35.03833333333333
AWS,m3.large,2.6,2,7.516179999999999,small,3777029616,join,2017-09-21 03:57:41,245.99,7362233.959183673,96.1191836734694,76.9961224489796
AWS,m3.xlarge,2.6,4,16.106099999999998,medium,128134600,als,2017-09-20 20:26:19,200.848,10037027.024390243,65.1719512195122,42.982439024390246
AWS,m4.xlarge,2.4,4,17.17984,small,125209992,pagerank,2017-09-21 03:38:58,218.021,6089656.380952381,37.05666666666667,34.32261904761905
AWS,c4.xlarge,2.9,4,8.053049999999999,large,3820993928,join,2017-09-24 11:19:09,112.216,6332869.391304348,82.67869565217391,70.43217391304348
AWS,c4.2xlarge,2.9,8,16.106099999999998,small,375779530,bayes,2017-09-20 15:15:20,106.67,6358157.090909091,41.285000000000004,21.457727272727272
AWS,r4.2xlarge,2.3,8,65.49813999999999,medium,0,scan,2017-09-21 21:09:17,31.773,6401860.0,10.181249999999999,15.9825
AWS,m4.large,2.4,2,8.58992,medium,3799320693,join,2017-09-21 05:51:42,225.046,7335960.0,89.72933333333334,75.64422222222223
AWS,m3.xlarge,2.6,4,16.106099999999998,small,743933426,aggregation,2017-09-20 21:08:00,300.177,12400460.19047619,80.51761904761904,33.60714285714286
AWS,r3.large,2.5,2,16.106099999999998,small,3284898382,wordcount,2017-09-20 17:24:09,158.56,9874496.75,63.029999999999994,48.018125
AWS,c3.large,2.8,2,4.0265249999999995,medium,128134600,als,2017-09-25 01:33:42,179.531,3584187.4594594594,92.97837837837838,85.05621621621621
AWS,c3.large,2.8,2,4.0265249999999995,small,806020600,lr,2017-09-20 18:53:18,626.642,3676594.793650794,95.37579365079365,32.421031746031744
AWS,m4.xlarge,2.4,4,17.17984,small,3284919950,sort,2017-09-24 16:11:25,90.129,10642991.578947369,64.76578947368421,49.16947368421053
AWS,c3.xlarge,2.8,4,7.516179999999999,medium,743932980,aggregation,2017-09-20 21:00:02,143.295,7183735.866666666,93.78933333333335,72.38333333333334
AWS,r4.large,2.3,2,16.374534999999998,medium,6569838538,wordcount,2017-09-26 17:56:51,154.286,11092697.5,70.83906250000001,88.735625
AWS,r4.xlarge,2.3,4,32.749069999999996,large,395478955,pagerank,2017-09-24 08:07:15,211.198,14768692.65116279,47.03418604651162,87.15697674418605
AWS,c3.2xlarge,2.8,8,16.106099999999998,large,13139663028,wordcount,2017-09-24 03:16:38,129.315,13720923.851851853,89.09111111111112,39.943333333333335
AWS,r4.large,2.3,2,16.374534999999998,large,200168800,als,2017-09-20 23:15:45,359.567,11230855.397260275,71.72150684931506,60.413835616438355
AWS,m4.xlarge,2.4,4,17.17984,medium,1209030600,lr,2017-09-20 19:49:38,226.8,9411661.066666666,57.272666666666666,28.948888888888884
AWS,c3.2xlarge,2.8,8,16.106099999999998,large,9600000000,terasort,2017-09-24 06:56:59,348.844,14827086.873239437,96.27464788732395,40.431267605633806
AWS,c4.2xlarge,2.9,8,16.106099999999998,medium,3799320693,join,2017-09-21 03:25:44,83.633,10695094.588235294,69.44411764705883,52.37705882352941
AWS,m4.2xlarge,2.4,8,34.35968,large,13139665305,wordcount,2017-09-26 18:19:52,90.465,23786300.42105263,72.19421052631579,71.62526315789474
AWS,m4.xlarge,2.4,4,17.17984,medium,128134600,als,2017-09-20 20:39:17,245.485,10806914.583333334,65.76333333333334,32.922916666666666
AWS,r4.xlarge,2.3,4,32.749069999999996,medium,6569858490,wordcount,2017-09-20 19:59:14,169.481,16799104.57142857,53.50085714285714,39.88542857142857
AWS,c3.2xlarge,2.8,8,16.106099999999998,large,1612040600,lr,2017-09-20 19:30:32,356.305,11444222.111111112,74.30819444444445,13.27222222222222
AWS,m4.2xlarge,2.4,8,34.35968,small,0,scan,2017-09-21 20:21:44,33.001,4746981.0,14.408750000000001,16.94875
AWS,r3.xlarge,2.5,4,32.749069999999996,small,375779530,bayes,2017-09-20 16:13:50,149.666,7040302.70967742,22.410645161290326,28.290967741935486
AWS,r4.large,2.3,2,16.374534999999998,small,0,scan,2017-09-21 23:19:20,48.947,4316345.454545454,27.563636363636366,43.52454545454546
AWS,m4.large,2.4,2,8.58992,medium,6569820135,sort,2017-09-22 07:06:44,328.984,7238175.3432835825,88.53432835820894,43.87164179104478
AWS,m3.large,2.6,2,7.516179999999999,large,743932965,aggregation,2017-09-20 22:25:42,237.76,7282294.775510204,95.07530612244898,85.46938775510205
AWS,r4.2xlarge,2.3,8,65.49813999999999,small,3777029616,join,2017-09-24 03:23:56,89.235,19215298.0,30.557222222222222,55.98055555555556
AWS,m3.2xlarge,2.6,8,32.212199999999996,small,743933394,aggregation,2017-09-20 21:16:13,231.662,24173041.959183674,78.27040816326532,24.272857142857145
AWS,r4.2xlarge,2.3,8,65.49813999999999,medium,259947887,pagerank,2017-09-24 02:58:13,92.0,16693442.736842105,26.547894736842103,71.69368421052631
AWS,m4.large,2.4,2,8.58992,medium,6400000000,terasort,2017-09-22 20:01:56,452.813,7414808.9130434785,90.69423913043477,59.52032608695651
AWS,c4.large,2.9,2,4.0265249999999995,medium,128134600,als,2017-09-20 22:10:30,315.651,3419725.875,88.71234375,41.02859375
AWS,c4.xlarge,2.9,4,8.053049999999999,large,200168800,als,2017-09-20 20:47:54,388.285,5786758.278481012,75.5506329113924,28.189873417721518
AWS,r4.xlarge,2.3,4,32.749069999999996,small,0,scan,2017-09-21 21:44:53,29.36,4855121.714285715,15.464285714285717,32.76714285714286
AWS,c4.2xlarge,2.9,8,16.106099999999998,large,200168800,als,2017-09-20 20:34:01,280.018,9799887.777777778,63.63185185185185,21.138888888888886
AWS,m3.xlarge,2.6,4,16.106099999999998,small,72101800,als,2017-09-20 20:12:28,177.978,9470921.696969697,61.4948484848485,35.74151515151515
AWS,r4.large,2.3,2,16.374534999999998,medium,6400000000,terasort,2017-09-22 19:26:27,426.743,13081587.953488372,83.54011627906976,62.3629069767442
AWS,c3.2xlarge,2.8,8,16.106099999999998,large,3820993928,join,2017-09-21 03:29:58,196.569,10971071.17948718,71.23641025641025,33.829487179487174
AWS,r3.large,2.5,2,16.106099999999998,large,13139667798,wordcount,2017-09-24 23:37:29,367.494,15467856.32,98.73453333333332,57.35373333333333
AWS,r4.xlarge,2.3,4,32.749069999999996,small,3284934675,wordcount,2017-09-20 19:35:54,178.313,10847890.514285713,34.547428571428576,23.631428571428568
AWS,m3.xlarge,2.6,4,16.106099999999998,small,806020600,lr,2017-09-24 09:55:34,94.675,7045854.0,45.7495,62.64050000000001
AWS,c3.xlarge,2.8,4,7.516179999999999,small,743933236,aggregation,2017-09-20 20:52:00,142.915,6122395.066666666,79.93166666666667,71.91766666666666
AWS,r3.2xlarge,2.5,8,65.49813999999999,small,3777029616,join,2017-09-24 04:44:06,98.059,18465111.8,29.3495,55.60450000000001
AWS,m4.2xlarge,2.4,8,34.35968,small,3284938279,sort,2017-09-24 07:03:27,70.368,16247556.266666668,49.312666666666665,40.09
AWS,m4.large,2.4,2,8.58992,large,9600000000,terasort,2017-09-22 20:18:07,671.25,7957895.911111111,97.33674074074074,59.77259259259259
AWS,c3.2xlarge,2.8,8,16.106099999999998,large,4019032802,scan,2017-09-21 08:18:05,832.127,13539940.38095238,87.91636904761906,7.200833333333334
AWS,m4.2xlarge,2.4,8,34.35968,large,200168800,als,2017-09-24 02:08:42,87.075,12578927.333333334,38.176666666666655,64.45222222222223
AWS,m3.2xlarge,2.6,8,32.212199999999996,large,13139653319,sort,2017-09-22 03:23:11,337.428,24017930.411764707,77.76882352941176,26.44676470588235
AWS,c3.2xlarge,2.8,8,16.106099999999998,medium,743933108,aggregation,2017-09-24 03:54:16,95.13,10289593.4,66.812,59.685
AWS,m4.large,2.4,2,8.58992,small,72101800,als,2017-09-20 20:35:29,130.337,6839953.925925926,83.66333333333333,76.30777777777777
AWS,r4.large,2.3,2,16.374534999999998,medium,6569825479,sort,2017-09-25 08:37:41,294.202,11983930.6,76.52983333333334,46.90533333333334
AWS,r4.xlarge,2.3,4,32.749069999999996,small,743933401,aggregation,2017-09-20 23:10:44,428.069,21397257.879518073,68.14421686746988,22.784578313253018
AWS,m3.xlarge,2.6,4,16.106099999999998,small,72101800,als,2017-09-24 10:15:29,76.291,6059844.5,39.346875,70.835
AWS,r3.large,2.5,2,16.106099999999998,small,3284922529,sort,2017-09-22 06:26:43,126.932,10081408.296296297,64.35185185185185,66.52666666666666
AWS,r3.2xlarge,2.5,8,65.49813999999999,small,3200000000,terasort,2017-09-24 09:56:30,97.284,19954663.0,31.715999999999998,53.665499999999994
AWS,r3.large,2.5,2,16.106099999999998,small,375779530,bayes,2017-09-20 16:06:49,107.151,5880788.347826087,37.53826086956521,73.70608695652173
AWS,r3.2xlarge,2.5,8,65.49813999999999,medium,1209030600,lr,2017-09-20 20:42:06,200.999,13265093.945945946,21.084054054054054,20.205675675675675
AWS,r4.2xlarge,2.3,8,65.49813999999999,small,743933376,aggregation,2017-09-24 02:05:53,87.924,19513761.05263158,31.03263157894737,57.723684210526315
AWS,c4.2xlarge,2.9,8,16.106099999999998,medium,259947887,pagerank,2017-09-24 03:48:57,102.343,10883994.285714285,70.67190476190477,74.45666666666666
AWS,c3.2xlarge,2.8,8,16.106099999999998,medium,1209030600,lr,2017-09-20 19:02:41,206.996,11841035.282051282,76.88538461538462,19.118205128205126
AWS,m3.2xlarge,2.6,8,32.212199999999996,medium,940817222,bayes,2017-09-24 01:05:52,78.717,11028142.5,35.708749999999995,56.775625
AWS,c4.xlarge,2.9,4,8.053049999999999,large,4019032802,scan,2017-09-21 08:54:06,480.708,7063832.269230769,92.22298076923076,16.03230769230769
AWS,m3.xlarge,2.6,4,16.106099999999998,medium,940817222,bayes,2017-09-20 15:53:26,175.846,7708113.647058823,50.04941176470589,45.58205882352941
AWS,m3.xlarge,2.6,4,16.106099999999998,small,125209992,pagerank,2017-09-21 02:34:42,279.534,7010010.175438597,45.51666666666667,27.80087719298246
AWS,c3.2xlarge,2.8,8,16.106099999999998,large,1881786739,bayes,2017-09-20 14:49:28,139.671,11757812.965517242,76.3444827586207,65.95103448275862
AWS,r3.2xlarge,2.5,8,65.49813999999999,small,0,scan,2017-09-21 20:40:31,34.564,5775932.0,9.18125,17.06125
AWS,c3.2xlarge,2.8,8,16.106099999999998,medium,940817222,bayes,2017-09-20 14:39:59,152.088,7957448.875,51.669062499999995,35.6375
AWS,c3.large,2.8,2,4.0265249999999995,large,9600000000,terasort,2017-09-22 09:28:31,612.119,3682809.6774193547,95.53733870967743,61.89927419354838
AWS,m3.large,2.6,2,7.516179999999999,small,0,scan,2017-09-21 16:51:33,41.756,4175216.0,54.511,58.936
AWS,r3.large,2.5,2,16.106099999999998,small,3200000000,terasort,2017-09-25 05:47:17,177.043,11210636.216216216,71.55972972972972,74.74972972972974
AWS,c4.large,2.9,2,4.0265249999999995,medium,6569836163,wordcount,2017-09-20 18:18:49,271.804,3710435.6296296297,96.2535185185185,44.78314814814813
AWS,c3.2xlarge,2.8,8,16.106099999999998,medium,6569841921,wordcount,2017-09-20 15:39:31,323.389,13433973.432835821,87.22835820895524,9.826567164179105
AWS,c4.large,2.9,2,4.0265249999999995,large,395478955,pagerank,2017-09-21 03:28:07,797.995,3695755.801242236,95.87329192546584,89.6235403726708
AWS,r3.2xlarge,2.5,8,65.49813999999999,large,395478955,pagerank,2017-09-24 04:31:26,140.088,22146801.103448275,35.19965517241379,78.39999999999999
AWS,r3.xlarge,2.5,4,32.749069999999996,large,9600000000,terasort,2017-09-24 13:41:48,405.872,23870713.80487805,75.98243902439023,62.32524390243903
AWS,c3.large,2.8,2,4.0265249999999995,small,3284910532,sort,2017-09-21 22:35:25,168.495,3503454.285714286,90.88457142857143,53.94228571428572
AWS,r3.xlarge,2.5,4,32.749069999999996,small,0,scan,2017-09-21 21:38:15,32.642,4271142.5,13.5975,30.8475
AWS,r3.2xlarge,2.5,8,65.49813999999999,large,1881786739,bayes,2017-09-20 16:35:31,194.116,17625329.1,28.014999999999997,36.18575
AWS,c4.2xlarge,2.9,8,16.106099999999998,medium,3799320693,join,2017-09-21 03:22:47,83.734,10922130.352941176,70.91882352941175,52.194705882352935
AWS,m4.2xlarge,2.4,8,34.35968,large,13139652031,wordcount,2017-09-26 18:46:19,89.756,23748860.63157895,72.07947368421053,71.11736842105265
AWS,m4.xlarge,2.4,4,17.17984,medium,128134600,als,2017-09-20 20:45:25,263.951,11099413.68,67.543,33.068599999999996
AWS,r3.xlarge,2.5,4,32.749069999999996,large,743933053,aggregation,2017-09-20 21:52:59,138.007,20886933.103448275,66.48482758620689,76.10137931034483
AWS,m3.2xlarge,2.6,8,32.212199999999996,small,375779530,bayes,2017-09-20 15:39:44,130.233,7580597.185185186,24.546296296296298,20.883703703703706
AWS,c3.2xlarge,2.8,8,16.106099999999998,large,13139663028,wordcount,2017-09-24 03:13:48,128.134,13806561.23076923,89.64884615384616,40.26115384615385
AWS,m4.xlarge,2.4,4,17.17984,medium,1209030600,lr,2017-09-20 19:55:19,242.215,9600822.333333334,58.42416666666666,28.059375
AWS,r4.large,2.3,2,16.374534999999998,large,200168800,als,2017-09-20 23:23:37,366.758,11500202.410958905,73.4413698630137,59.33712328767124
AWS,m4.large,2.4,2,8.58992,medium,3799320693,join,2017-09-21 05:46:21,238.657,7323374.166666667,89.57625,75.33020833333333
AWS,r4.2xlarge,2.3,8,65.49813999999999,medium,0,scan,2017-09-21 21:07:05,32.125,6167203.0,9.8075,17.259999999999998
AWS,m4.large,2.4,2,8.58992,small,3284927560,wordcount,2017-09-25 00:04:46,96.168,7785655.8,95.23,81.5045
AWS,m3.xlarge,2.6,4,16.106099999999998,small,743933392,aggregation,2017-09-20 21:01:13,147.018,12359272.258064516,80.25000000000001,73.3167741935484
AWS,m3.xlarge,2.6,4,16.106099999999998,medium,128134600,als,2017-09-20 20:31:41,222.015,10409599.545454545,67.5918181818182,38.42522727272727
AWS,m3.large,2.6,2,7.516179999999999,large,1612040600,lr,2017-09-25 02:02:29,238.5,6951155.591836735,90.75244897959183,84.15775510204081
AWS,c4.xlarge,2.9,4,8.053049999999999,large,3820993928,join,2017-09-24 11:16:41,117.819,6141449.833333333,80.18041666666666,67.91041666666666
AWS,m4.2xlarge,2.4,8,34.35968,small,375779530,bayes,2017-09-20 15:50:00,62.266,7373757.538461538,22.38,39.54384615384616
AWS,r4.large,2.3,2,16.374534999999998,medium,6569838538,wordcount,2017-09-26 18:00:07,155.546,11453693.5,73.144375,88.0115625
AWS,r3.large,2.5,2,16.106099999999998,medium,1209030600,lr,2017-09-20 20:05:01,198.709,8240895.902439024,52.60341463414633,80.5821951219512
AWS,r3.large,2.5,2,16.106099999999998,small,3284898382,wordcount,2017-09-20 17:19:50,175.782,9849703.555555556,62.872222222222234,44.96416666666667
AWS,m4.xlarge,2.4,4,17.17984,small,3284919950,sort,2017-09-24 16:13:32,88.201,10594448.888888888,64.4688888888889,50.49055555555556
AWS,r4.xlarge,2.3,4,32.749069999999996,small,3200000000,terasort,2017-09-24 14:05:47,119.742,14549045.12,46.334799999999994,68.9312
AWS,m4.2xlarge,2.4,8,34.35968,large,9600000000,terasort,2017-09-22 17:49:58,3203.13,28141391.211267605,85.41118935837245,4.625508607198748
AWS,r4.large,2.3,2,16.374534999999998,large,13139667667,wordcount,2017-09-26 20:32:34,282.534,15445662.344827587,98.63775862068965,90.92775862068966
AWS,m4.large,2.4,2,8.58992,medium,259947887,pagerank,2017-09-21 04:16:58,456.961,6525876.478260869,79.82119565217393,68.81293478260868
AWS,m4.2xlarge,2.4,8,34.35968,small,743933471,aggregation,2017-09-24 02:24:31,86.484,15901686.94736842,48.26263157894737,56.734736842105264
AWS,r3.xlarge,2.5,4,32.749069999999996,medium,743932900,aggregation,2017-09-24 07:37:08,137.025,15749845.379310345,50.13310344827587,76.7448275862069
AWS,r4.2xlarge,2.3,8,65.49813999999999,small,3284906323,wordcount,2017-09-24 01:19:05,44.842,12445805.2,19.792,46.408
AWS,c4.xlarge,2.9,4,8.053049999999999,medium,6569849487,sort,2017-09-22 01:30:56,206.856,7434007.428571428,97.05714285714286,36.35142857142858
AWS,c3.xlarge,2.8,4,7.516179999999999,small,0,scan,2017-09-21 09:07:16,74.603,4751269.25,62.03,14.631250000000001
AWS,m4.2xlarge,2.4,8,34.35968,large,395478955,pagerank,2017-09-24 03:57:36,148.312,17818095.066666666,54.079000000000015,79.691
AWS,r3.large,2.5,2,16.106099999999998,medium,0,scan,2017-09-21 22:54:44,38.455,4833637.333333333,30.854444444444443,58.51666666666668
AWS,m4.2xlarge,2.4,8,34.35968,small,72101800,als,2017-09-20 20:31:44,188.14,9928030.875,30.1328125,18.44125
AWS,m3.xlarge,2.6,4,16.106099999999998,large,9600000000,terasort,2017-09-22 18:24:52,426.492,15002907.023255814,97.41569767441861,57.223372093023265
AWS,c4.large,2.9,2,4.0265249999999995,large,13139653882,wordcount,2017-09-20 19:05:14,253.2,3702740.230769231,96.05403846153847,80.94519230769232
AWS,r3.xlarge,2.5,4,32.749069999999996,medium,128134600,als,2017-09-20 20:39:25,120.132,12325278.4,39.23159999999999,66.8344
AWS,c3.2xlarge,2.8,8,16.106099999999998,large,9600000000,terasort,2017-09-26 18:49:18,349.476,13519743.04225352,87.78535211267604,38.39014084507043
AWS,c3.2xlarge,2.8,8,16.106099999999998,medium,6400000000,terasort,2017-09-24 06:35:45,204.267,14065829.047619049,91.33142857142857,47.878095238095234
AWS,m4.xlarge,2.4,4,17.17984,large,3820993928,join,2017-09-21 05:23:41,119.708,12988063.0,79.03458333333333,74.745
AWS,c4.xlarge,2.9,4,8.053049999999999,medium,259947887,pagerank,2017-09-21 02:30:21,413.09,6140413.253012048,80.16734939759036,35.83650602409639
AWS,m4.large,2.4,2,8.58992,small,375779530,bayes,2017-09-20 15:48:45,138.153,4946274.482758621,60.499310344827585,58.26551724137931
AWS,c3.2xlarge,2.8,8,16.106099999999998,small,3777029616,join,2017-09-24 04:05:45,95.818,10725283.789473685,69.64052631578947,56.37526315789473
AWS,m3.large,2.6,2,7.516179999999999,large,1881786739,bayes,2017-09-20 16:39:49,817.732,7180556.266666667,93.74709090909091,93.56151515151514
AWS,c3.xlarge,2.8,4,7.516179999999999,large,395478955,pagerank,2017-09-26 15:32:46,417.662,6916370.142857143,90.29785714285714,87.88821428571428
AWS,c4.2xlarge,2.9,8,16.106099999999998,medium,743933044,aggregation,2017-09-20 20:57:49,97.354,10054926.476190476,65.28714285714287,49.80714285714285
AWS,m4.2xlarge,2.4,8,34.35968,small,3200000000,terasort,2017-09-24 08:09:15,87.976,16034488.666666666,48.666666666666664,57.60722222222223
AWS,m3.large,2.6,2,7.516179999999999,small,3200000000,terasort,2017-09-22 19:12:08,228.934,6441741.44680851,84.10127659574466,75.64893617021276
AWS,r3.2xlarge,2.5,8,65.49813999999999,medium,743932943,aggregation,2017-09-24 03:11:53,97.111,20148783.80952381,32.02571428571429,57.951904761904764
AWS,r4.large,2.3,2,16.374534999999998,large,3284907119,sort,2017-09-22 06:09:35,857.473,11529725.129411764,73.6299411764706,9.042882352941175
AWS,r3.2xlarge,2.5,8,65.49813999999999,large,13139614134,wordcount,2017-09-27 01:03:20,96.944,28275598.85714286,44.942380952380944,65.94285714285715
AWS,r3.large,2.5,2,16.106099999999998,small,3200000000,terasort,2017-09-22 17:31:31,711.734,11406841.916666666,72.81215277777777,18.826458333333335
AWS,r3.2xlarge,2.5,8,65.49813999999999,small,0,scan,2017-09-21 20:43:37,84.659,5160378.75,8.203125,9.095625
AWS,c3.2xlarge,2.8,8,16.106099999999998,medium,940817222,bayes,2017-09-20 14:44:17,153.228,8343931.625,54.179375,35.962500000000006
AWS,m3.xlarge,2.6,4,16.106099999999998,small,125209992,pagerank,2017-09-21 02:40:40,258.482,7274240.981132075,47.23150943396227,30.61169811320755
AWS,c3.large,2.8,2,4.0265249999999995,large,9600000000,terasort,2017-09-22 09:16:36,599.754,3684016.4297520663,95.56851239669419,61.46487603305784
AWS,m3.large,2.6,2,7.516179999999999,small,0,scan,2017-09-21 16:49:08,43.171,4065398.0,53.07899999999999,57.899000000000015
AWS,m3.xlarge,2.6,4,16.106099999999998,medium,940817222,bayes,2017-09-20 15:48:46,197.636,7356411.027027027,47.7654054054054,42.166486486486484
AWS,r3.xlarge,2.5,4,32.749069999999996,large,9600000000,terasort,2017-09-24 13:34:19,446.369,22157339.377777778,70.5281111111111,59.85199999999999
AWS,c3.large,2.8,2,4.0265249999999995,small,3284910532,sort,2017-09-21 22:30:54,168.249,3498122.4,90.746,54.00657142857143
AWS,r3.large,2.5,2,16.106099999999998,small,3200000000,terasort,2017-09-25 05:50:59,178.302,11148938.594594594,71.16621621621621,75.83378378378379
AWS,m4.xlarge,2.4,4,17.17984,medium,0,scan,2017-09-21 20:21:33,31.819,4521127.5,27.5125,30.59375
AWS,r3.2xlarge,2.5,8,65.49813999999999,large,395478955,pagerank,2017-09-24 04:34:37,152.282,22991681.16129032,36.543225806451616,75.34225806451612
AWS,r3.2xlarge,2.5,8,65.49813999999999,small,3200000000,terasort,2017-09-24 09:54:12,83.511,17475325.88235294,27.774705882352944,58.36941176470587
AWS,r3.large,2.5,2,16.106099999999998,small,3284922529,sort,2017-09-22 06:30:22,118.261,10756638.88,68.6624,67.776
AWS,r3.large,2.5,2,16.106099999999998,small,375779530,bayes,2017-09-20 16:03:21,138.079,5349744.9655172415,34.14793103448276,58.7196551724138
AWS,m3.2xlarge,2.6,8,32.212199999999996,large,13139653319,sort,2017-09-22 03:15:54,330.542,23824347.04477612,77.14179104477613,26.133134328358206
AWS,c3.2xlarge,2.8,8,16.106099999999998,medium,743933001,aggregation,2017-09-24 03:51:59,96.391,9470747.80952381,61.49380952380952,57.47666666666667
AWS,r4.xlarge,2.3,4,32.749069999999996,small,743933460,aggregation,2017-09-20 23:01:45,131.005,19939094.57142857,63.49964285714287,74.33285714285715
AWS,m3.2xlarge,2.6,8,32.212199999999996,small,3284914167,wordcount,2017-09-20 16:43:17,356.191,11856806.465753425,38.39246575342465,6.563698630136987
AWS,r4.large,2.3,2,16.374534999999998,medium,6569825479,sort,2017-09-25 08:32:06,295.469,11767582.4,75.14883333333334,47.424166666666665
AWS,c4.xlarge,2.9,4,8.053049999999999,large,4019032802,scan,2017-09-21 09:07:57,728.751,6993567.727891156,91.30571428571429,10.652176870748299
AWS,m3.2xlarge,2.6,8,32.212199999999996,medium,940817222,bayes,2017-09-24 01:08:24,111.817,9567106.608695652,30.97782608695652,40.753478260869564
AWS,c4.2xlarge,2.9,8,16.106099999999998,medium,259947887,pagerank,2017-09-24 03:51:18,102.231,10955646.095238095,71.13571428571429,75.87238095238096
AWS,r3.2xlarge,2.5,8,65.49813999999999,medium,1209030600,lr,2017-09-20 20:37:06,312.684,10955067.290322581,17.41290322580645,13.016451612903229
AWS,c4.xlarge,2.9,4,8.053049999999999,medium,1209030600,lr,2017-09-24 09:24:42,108.606,6739478.181818182,87.98772727272728,48.89954545454544
AWS,r4.large,2.3,2,16.374534999999998,large,1612040600,lr,2017-09-20 22:14:47,861.598,10135529.225433527,64.72658959537573,92.80202312138731
AWS,r3.xlarge,2.5,4,32.749069999999996,medium,6569830536,wordcount,2017-09-24 06:30:30,90.009,15534140.210526315,49.44631578947369,77.56210526315789
AWS,c4.large,2.9,2,4.0265249999999995,large,200168800,als,2017-09-20 22:23:46,557.106,3615380.464285714,93.78776785714285,47.019464285714285
AWS,c3.2xlarge,2.8,8,16.106099999999998,large,3820993928,join,2017-09-21 03:25:05,184.682,10707018.486486487,69.52216216216216,37.55486486486486
AWS,r4.large,2.3,2,16.374534999999998,large,1881786739,bayes,2017-09-20 18:39:46,364.64,9835127.405405406,62.80824324324324,79.02081081081081
AWS,r4.xlarge,2.3,4,32.749069999999996,small,3284934675,wordcount,2017-09-20 19:31:14,225.265,11361380.57142857,36.18214285714286,18.85595238095238
AWS,c4.2xlarge,2.9,8,16.106099999999998,large,200168800,als,2017-09-20 20:27:35,281.014,10504715.310344828,68.20793103448275,21.37396551724138
AWS,r4.xlarge,2.3,4,32.749069999999996,small,0,scan,2017-09-21 21:42:42,80.462,4230118.285714285,13.470714285714285,17.618571428571432
AWS,c4.2xlarge,2.9,8,16.106099999999998,small,125209992,pagerank,2017-09-21 02:14:22,227.094,9155506.844444444,59.44777777777776,18.214000000000002
AWS,r4.large,2.3,2,16.374534999999998,medium,6400000000,terasort,2017-09-22 19:17:39,453.728,12893194.47826087,82.33815217391304,65.7
AWS,m3.xlarge,2.6,4,16.106099999999998,small,72101800,als,2017-09-20 20:07:40,202.218,8920320.0,57.920512820512826,31.03615384615384
AWS,r4.xlarge,2.3,4,32.749069999999996,small,3777029616,join,2017-09-21 06:06:47,198.582,15990250.6,50.924249999999994,43.789
AWS,m3.xlarge,2.6,4,16.106099999999998,large,4019032802,scan,2017-09-24 13:07:16,178.871,12670233.081081081,82.26891891891891,75.31432432432433
AWS,m4.2xlarge,2.4,8,34.35968,large,200168800,als,2017-09-24 02:10:51,88.717,12394204.0,37.61611111111111,64.28222222222223
AWS,m3.xlarge,2.6,4,16.106099999999998,small,806020600,lr,2017-09-24 09:53:17,91.942,6791232.421052632,44.09684210526316,60.59368421052633
AWS,m3.2xlarge,2.6,8,32.212199999999996,medium,6569819822,wordcount,2017-09-24 01:46:42,106.017,15006947.090909092,48.59136363636364,36.17090909090909
AWS,c3.large,2.8,2,4.0265249999999995,medium,6569816257,sort,2017-09-21 22:44:47,306.369,3702185.904761905,96.04000000000002,52.329047619047614
AWS,c3.xlarge,2.8,4,7.516179999999999,small,743933429,aggregation,2017-09-20 20:47:53,287.914,6806781.491525424,88.8662711864407,34.19966101694915
AWS,r4.large,2.3,2,16.374534999999998,small,3200000000,terasort,2017-09-22 18:47:44,202.502,11631979.61904762,74.28380952380952,69.84333333333335
AWS,c4.2xlarge,2.9,8,16.106099999999998,small,0,scan,2017-09-21 07:50:22,49.889,4031352.3636363638,26.176363636363636,11.249090909090908
AWS,c3.large,2.8,2,4.0265249999999995,small,0,scan,2017-09-21 10:19:55,41.071,2712132.8,70.357,51.31700000000001
AWS,r4.xlarge,2.3,4,32.749069999999996,medium,6569858490,wordcount,2017-09-20 19:54:45,96.82,16991573.2,54.113,72.05799999999999
AWS,c3.2xlarge,2.8,8,16.106099999999998,large,1612040600,lr,2017-09-20 19:35:22,191.794,13139345.333333334,85.31589743589745,24.44538461538462
AWS,r4.large,2.3,2,16.374534999999998,small,0,scan,2017-09-21 23:16:48,68.016,3935349.3333333335,25.132666666666662,34.43533333333333
AWS,r3.xlarge,2.5,4,32.749069999999996,small,375779530,bayes,2017-09-20 16:09:34,143.84,6845199.333333333,21.788333333333334,30.24933333333333
AWS,m4.xlarge,2.4,4,17.17984,small,3200000000,terasort,2017-09-22 17:38:40,1120.716,13606282.364444444,82.7979111111111,7.137955555555555
AWS,m3.2xlarge,2.6,8,32.212199999999996,small,743933380,aggregation,2017-09-20 21:10:23,203.447,19657711.255813953,63.650232558139535,27.028837209302324
AWS,c4.large,2.9,2,4.0265249999999995,medium,128134600,als,2017-09-20 22:03:33,335.402,3419578.2352941176,88.70867647058824,38.864852941176466
AWS,c4.xlarge,2.9,4,8.053049999999999,large,200168800,als,2017-09-20 20:39:46,405.384,5656621.2,73.851125,29.412625000000002
AWS,m4.large,2.4,2,8.58992,medium,6400000000,terasort,2017-09-22 19:52:41,456.799,7462001.806451613,91.27172043010754,58.729032258064535
AWS,r4.2xlarge,2.3,8,65.49813999999999,medium,259947887,pagerank,2017-09-24 03:00:27,92.727,16855845.263157893,26.805263157894736,71.52684210526316
AWS,c3.large,2.8,2,4.0265249999999995,medium,940817222,bayes,2017-09-19 19:09:21,633.232,3696992.377952756,95.90519685039368,68.49771653543307
AWS,m3.2xlarge,2.6,8,32.212199999999996,medium,1209030600,lr,2017-09-20 19:33:02,207.831,11935450.857142856,38.64619047619047,19.38452380952381
AWS,m4.large,2.4,2,8.58992,medium,6569820135,sort,2017-09-22 07:13:52,325.233,7265092.484848484,88.86333333333333,43.83818181818182
AWS,c4.large,2.9,2,4.0265249999999995,small,375779530,bayes,2017-09-20 15:10:26,292.726,3464219.1333333333,89.86716666666666,49.21866666666667
AWS,m3.2xlarge,2.6,8,32.212199999999996,small,3284926658,sort,2017-09-24 06:03:12,74.413,14721991.5,47.66875,40.866875
AWS,m3.2xlarge,2.6,8,32.212199999999996,medium,3777029616,join,2017-09-21 03:30:53,300.087,15867582.857142856,51.378750000000004,19.096785714285716
AWS,c4.large,2.9,2,4.0265249999999995,small,125209992,pagerank,2017-09-21 02:11:16,349.571,3364929.5211267606,87.29014084507043,50.13830985915493
AWS,r4.xlarge,2.3,4,32.749069999999996,large,13139636273,sort,2017-09-22 05:52:25,273.266,27443846.85714286,87.40142857142858,59.3344642857143
AWS,c3.large,2.8,2,4.0265249999999995,large,13139671757,sort,2017-09-21 23:37:11,581.03,3685353.3559322036,95.60305084745762,49.219491525423734
AWS,r3.xlarge,2.5,4,32.749069999999996,small,3200000000,terasort,2017-09-24 12:54:35,132.526,16541004.74074074,52.65111111111111,65.45222222222223
AWS,m3.large,2.6,2,7.516179999999999,medium,0,scan,2017-09-21 16:59:03,42.246,4802606.4,62.7,61.049000000000014
AWS,m3.large,2.6,2,7.516179999999999,large,4019032802,scan,2017-09-21 17:41:06,369.457,7066564.155844156,92.25870129870128,71.4451948051948
AWS,c3.large,2.8,2,4.0265249999999995,small,3200000000,terasort,2017-09-22 08:21:29,230.424,3506566.5,90.965625,59.56875
AWS,c3.2xlarge,2.8,8,16.106099999999998,small,375779530,bayes,2017-09-20 14:25:16,77.538,7026577.176470588,45.624705882352934,44.09411764705883
AWS,m3.xlarge,2.6,4,16.106099999999998,large,395478955,pagerank,2017-09-21 03:08:57,366.243,10513334.378378378,68.26391891891892,60.81513513513513
AWS,r3.2xlarge,2.5,8,65.49813999999999,medium,6569857617,sort,2017-09-24 08:24:58,110.019,28759750.5,45.71125,43.51833333333334
AWS,c4.xlarge,2.9,4,8.053049999999999,small,0,scan,2017-09-21 08:27:27,27.371,4329265.142857143,56.521428571428565,31.67428571428571
AWS,r3.2xlarge,2.5,8,65.49813999999999,medium,6569827319,wordcount,2017-09-24 02:17:46,65.148,20083454.0,31.920714285714286,58.82928571428572
AWS,m4.2xlarge,2.4,8,34.35968,large,1612040600,lr,2017-09-24 02:00:08,102.233,11918876.19047619,36.17523809523809,42.15571428571428
AWS,r4.2xlarge,2.3,8,65.49813999999999,small,0,scan,2017-09-21 20:58:03,31.761,5373478.5,8.545,16.0475
AWS,c3.xlarge,2.8,4,7.516179999999999,small,72101800,als,2017-09-20 19:39:35,128.931,6320383.259259259,82.5162962962963,42.48962962962963
AWS,m3.large,2.6,2,7.516179999999999,medium,6569840990,wordcount,2017-09-25 01:14:38,156.468,7469185.75,97.515,88.01468750000001
AWS,m3.2xlarge,2.6,8,32.212199999999996,medium,743933052,aggregation,2017-09-20 21:23:17,99.459,21527529.333333332,69.70523809523809,59.39666666666666
AWS,r3.2xlarge,2.5,8,65.49813999999999,small,3200000000,terasort,2017-09-22 16:55:45,370.707,15159203.52,24.0944,15.042800000000003
AWS,r3.xlarge,2.5,4,32.749069999999996,large,395478955,pagerank,2017-09-24 08:40:01,229.267,14977700.085106382,47.67468085106384,88.24659574468086
AWS,r4.xlarge,2.3,4,32.749069999999996,large,743933060,aggregation,2017-09-20 23:37:38,400.52,21725997.609756097,69.19158536585367,23.306829268292685
AWS,m4.large,2.4,2,8.58992,large,200168800,als,2017-09-20 21:14:55,471.095,7319912.4301075265,89.53311827956988,52.65075268817204
AWS,r3.large,2.5,2,16.106099999999998,large,1881786739,bayes,2017-09-20 16:46:58,287.065,10103145.423728814,64.49067796610171,92.53406779661016
AWS,r4.xlarge,2.3,4,32.749069999999996,medium,128134600,als,2017-09-20 22:24:34,118.084,12164052.833333334,38.73916666666667,62.798750000000005
AWS,r3.2xlarge,2.5,8,65.49813999999999,large,9600000000,terasort,2017-09-24 10:31:52,293.265,46038464.81355932,73.17355932203388,72.8493220338983
AWS,c4.xlarge,2.9,4,8.053049999999999,small,743933376,aggregation,2017-09-24 09:57:48,119.062,5819193.692307692,75.97423076923077,68.61769230769231
AWS,r3.xlarge,2.5,4,32.749069999999996,large,3820993928,join,2017-09-24 09:00:41,135.579,14183185.185185185,45.14666666666667,76.62703703703703
AWS,r4.xlarge,2.3,4,32.749069999999996,medium,6569831277,sort,2017-09-24 12:32:41,126.992,20983168.307692308,66.82576923076924,60.77730769230769
AWS,r3.large,2.5,2,16.106099999999998,large,13139686038,sort,2017-09-22 07:27:23,758.741,13638547.712418301,87.05790849673203,40.2397385620915
AWS,c4.2xlarge,2.9,8,16.106099999999998,large,3820993928,join,2017-09-21 03:38:15,289.969,11495447.23076923,74.64173076923076,15.465576923076922
AWS,c3.xlarge,2.8,4,7.516179999999999,large,743932950,aggregation,2017-09-20 21:30:40,426.471,6122827.402298851,79.93701149425287,22.232873563218394
AWS,m3.large,2.6,2,7.516179999999999,medium,1209030600,lr,2017-09-25 01:52:28,192.474,6899826.0,90.08225,86.22999999999999
AWS,c3.xlarge,2.8,4,7.516179999999999,small,125209992,pagerank,2017-09-21 02:02:00,270.351,5616882.740740741,73.33240740740742,30.318333333333335
AWS,m3.xlarge,2.6,4,16.106099999999998,large,1612040600,lr,2017-09-24 10:09:09,139.106,9043616.551724138,58.720689655172414,59.97275862068967
AWS,c4.xlarge,2.9,4,8.053049999999999,medium,940817222,bayes,2017-09-20 15:34:46,272.726,5820327.924528302,75.98811320754717,22.71320754716981
AWS,c3.2xlarge,2.8,8,16.106099999999998,small,0,scan,2017-09-21 07:46:40,33.311,4475203.0,29.05875,16.14
AWS,c3.2xlarge,2.8,8,16.106099999999998,small,743933329,aggregation,2017-09-24 03:37:52,96.684,9532926.285714285,61.897619047619045,57.478095238095236
AWS,m4.large,2.4,2,8.58992,small,3200000000,terasort,2017-09-22 19:20:46,217.073,7628635.181818182,93.30931818181817,68.96818181818182
AWS,m3.large,2.6,2,7.516179999999999,medium,6400000000,terasort,2017-09-22 19:32:55,459.003,6977656.473118279,91.09827956989247,67.70774193548388
AWS,r3.2xlarge,2.5,8,65.49813999999999,large,3820993928,join,2017-09-24 05:12:29,101.931,19509456.6,31.008,57.498000000000005
AWS,m3.xlarge,2.6,4,16.106099999999998,large,200168800,als,2017-09-20 20:48:27,264.86,12354981.236363636,80.22236363636362,46.66181818181818
AWS,r4.xlarge,2.3,4,32.749069999999996,large,4019032802,scan,2017-09-21 22:09:59,515.036,15143106.563106796,48.22621359223301,20.36155339805826
AWS,c4.2xlarge,2.9,8,16.106099999999998,small,72101800,als,2017-09-20 19:54:17,205.743,9701362.761904761,62.99238095238096,13.08095238095238
AWS,c3.2xlarge,2.8,8,16.106099999999998,medium,6569836450,sort,2017-09-21 21:42:54,200.016,12506637.170731707,81.20780487804879,23.89682926829268
AWS,r4.xlarge,2.3,4,32.749069999999996,large,4019032802,scan,2017-09-24 10:21:59,205.338,17266491.720930234,54.98906976744186,55.92651162790698
AWS,r4.large,2.3,2,16.374534999999998,medium,128134600,als,2017-09-25 00:26:57,172.54,7076599.444444444,45.191388888888895,88.77638888888889
AWS,r3.xlarge,2.5,4,32.749069999999996,medium,743932935,aggregation,2017-09-20 21:40:37,136.575,20719527.172413792,65.95206896551724,74.62827586206896
AWS,r3.large,2.5,2,16.106099999999998,small,3284910893,wordcount,2017-09-24 22:59:14,92.84,8843239.2,56.44899999999999,84.10949999999998
AWS,c3.2xlarge,2.8,8,16.106099999999998,small,3777029616,join,2017-09-21 02:55:14,187.135,10348710.918918919,67.19567567567569,35.094054054054055
AWS,c3.xlarge,2.8,4,7.516179999999999,small,3284904326,wordcount,2017-09-24 11:17:07,75.039,6665374.25,87.020625,47.744375
AWS,r4.2xlarge,2.3,8,65.49813999999999,medium,259947887,pagerank,2017-09-21 05:48:22,277.147,15127642.188679244,24.05698113207547,27.10264150943397
AWS,r3.xlarge,2.5,4,32.749069999999996,medium,940817222,bayes,2017-09-20 16:29:18,187.181,9568845.555555556,30.458055555555557,43.45166666666666
AWS,m3.large,2.6,2,7.516179999999999,small,743933336,aggregation,2017-09-20 21:13:51,236.609,7289712.081632653,95.17183673469388,85.38653061224491
AWS,c4.xlarge,2.9,4,8.053049999999999,small,72101800,als,2017-09-20 20:02:04,100.273,6432334.476190476,83.97809523809522,46.16142857142857
AWS,m3.2xlarge,2.6,8,32.212199999999996,large,743932993,aggregation,2017-09-20 21:42:47,98.019,21250983.80952381,68.81047619047618,58.09904761904762
AWS,r4.2xlarge,2.3,8,65.49813999999999,large,3820993928,join,2017-09-24 03:37:18,92.382,19055239.555555556,30.303333333333335,57.815000000000005
AWS,r4.large,2.3,2,16.374534999999998,large,4019032802,scan,2017-09-21 23:57:40,529.046,13799738.091743119,88.1265137614679,39.59275229357799
AWS,m4.xlarge,2.4,4,17.17984,large,9600000000,terasort,2017-09-22 18:12:22,413.475,14376498.047619049,87.4852380952381,57.34833333333332
AWS,m4.2xlarge,2.4,8,34.35968,large,4019032802,scan,2017-09-21 20:39:36,126.407,18521951.111111112,56.214814814814815,46.64407407407407
AWS,r3.xlarge,2.5,4,32.749069999999996,large,1881786739,bayes,2017-09-20 16:44:11,253.319,12335227.12,39.264399999999995,53.37520000000001
AWS,c3.2xlarge,2.8,8,16.106099999999998,small,806020600,lr,2017-09-20 18:51:33,216.399,7939463.707317073,51.55146341463415,16.13780487804878
AWS,r4.2xlarge,2.3,8,65.49813999999999,medium,940817222,bayes,2017-09-23 23:58:01,66.118,16143828.857142856,25.672857142857143,62.718571428571444
AWS,c3.large,2.8,2,4.0265249999999995,medium,3799320693,join,2017-09-21 04:48:05,208.397,3519113.523809524,91.29119047619048,81.16000000000001
AWS,c4.large,2.9,2,4.0265249999999995,medium,0,scan,2017-09-21 10:43:51,36.087,2992027.5555555555,77.61777777777777,52.660000000000004
AWS,r4.large,2.3,2,16.374534999999998,small,72101800,als,2017-09-20 22:39:02,133.45,9110178.285714285,58.17750000000001,73.07571428571428
AWS,m4.xlarge,2.4,4,17.17984,small,0,scan,2017-09-21 20:14:47,31.55,3917994.5,23.8425,30.70375
AWS,r4.2xlarge,2.3,8,65.49813999999999,large,4019032802,scan,2017-09-24 05:07:25,101.167,22006674.181818184,34.996818181818185,58.778181818181814
AWS,c4.xlarge,2.9,4,8.053049999999999,medium,940817222,bayes,2017-09-24 07:46:49,84.489,6086896.888888889,79.4688888888889,77.00222222222223
AWS,c3.2xlarge,2.8,8,16.106099999999998,small,3284909154,wordcount,2017-09-24 03:02:23,42.298,9353539.555555556,60.73444444444445,49.856666666666676
AWS,c3.xlarge,2.8,4,7.516179999999999,small,3200000000,terasort,2017-09-22 07:18:42,179.01,7264068.864864865,94.83729729729728,58.03567567567568
AWS,c4.2xlarge,2.9,8,16.106099999999998,small,743933289,aggregation,2017-09-20 20:49:16,96.099,10432171.0,67.7365,51.289
AWS,m4.large,2.4,2,8.58992,medium,940817222,bayes,2017-09-20 16:08:44,298.277,6621276.983606557,80.98803278688526,68.262131147541
AWS,c3.large,2.8,2,4.0265249999999995,medium,0,scan,2017-09-21 10:29:34,39.435,3150094.222222222,81.71777777777778,55.53777777777778
AWS,r4.2xlarge,2.3,8,65.49813999999999,large,1881786739,bayes,2017-09-24 00:08:45,102.904,20435405.904761903,32.498095238095246,67.48666666666665
AWS,m4.large,2.4,2,8.58992,small,743933336,aggregation,2017-09-25 01:51:06,227.832,7159592.085106383,87.57297872340426,86.78829787234041
AWS,c4.xlarge,2.9,4,8.053049999999999,small,3284918782,sort,2017-09-22 01:24:17,114.145,6153095.0,80.33208333333334,36.59916666666667
AWS,c3.2xlarge,2.8,8,16.106099999999998,medium,259947887,pagerank,2017-09-21 02:10:07,245.974,10381108.24,67.40499999999999,50.31620000000001
AWS,m3.large,2.6,2,7.516179999999999,medium,128134600,als,2017-09-20 20:39:05,286.761,5907989.0344827585,77.13327586206897,56.70689655172414
AWS,c3.large,2.8,2,4.0265249999999995,large,1612040600,lr,2017-09-20 20:55:58,1418.525,3724158.652631579,96.6099649122807,25.828526315789475
AWS,r3.2xlarge,2.5,8,65.49813999999999,large,4019032802,scan,2017-09-24 06:21:56,118.956,22676997.28,36.0424,60.3472
AWS,m4.xlarge,2.4,4,17.17984,large,6569820373,wordcount,2017-09-20 17:28:13,247.519,14525428.08,88.39080000000001,26.8342
AWS,r3.large,2.5,2,16.106099999999998,large,13139697664,wordcount,2017-09-20 18:20:18,460.583,15457922.652173912,98.67097826086955,47.72749999999999
AWS,r3.xlarge,2.5,4,32.749069999999996,small,806020600,lr,2017-09-20 19:50:10,190.627,8245198.051282051,26.245128205128204,31.88282051282051
AWS,r4.2xlarge,2.3,8,65.49813999999999,medium,6400000000,terasort,2017-09-24 08:01:52,168.697,32055394.588235293,50.97794117647058,66.50823529411764
AWS,r3.2xlarge,2.5,8,65.49813999999999,medium,259947887,pagerank,2017-09-21 04:33:53,290.543,14496590.142857144,23.041428571428572,26.320357142857144
AWS,r4.xlarge,2.3,4,32.749069999999996,large,3820993928,join,2017-09-24 08:28:06,125.489,14007316.0,44.6088,75.69760000000001
AWS,m3.xlarge,2.6,4,16.106099999999998,medium,0,scan,2017-09-21 15:44:41,75.371,4404247.25,28.598125,16.75
AWS,c4.2xlarge,2.9,8,16.106099999999998,large,1612040600,lr,2017-09-24 03:08:16,88.964,10152593.111111112,65.9211111111111,39.82666666666667
AWS,m3.xlarge,2.6,4,16.106099999999998,large,743933042,aggregation,2017-09-20 21:49:00,179.376,11742135.627906976,76.24209302325582,52.24279069767442
AWS,r3.large,2.5,2,16.106099999999998,large,395478955,pagerank,2017-09-21 05:02:35,526.923,9277520.301886793,59.220188679245275,78.92198113207547
AWS,m3.large,2.6,2,7.516179999999999,large,3820993928,join,2017-09-21 04:52:47,350.28,7199278.493506493,93.99181818181819,49.00818181818181
AWS,c3.xlarge,2.8,4,7.516179999999999,large,9600000000,terasort,2017-09-26 17:57:27,468.939,7454069.810526316,97.31821052631581,49.90252631578946
AWS,r4.large,2.3,2,16.374534999999998,large,13139653885,sort,2017-09-25 09:23:21,674.076,13721712.88235294,87.62838235294117,40.93816176470588
AWS,r4.xlarge,2.3,4,32.749069999999996,large,200168800,als,2017-09-20 22:36:19,150.268,14849562.838709677,47.29129032258065,73.26935483870969
AWS,c3.xlarge,2.8,4,7.516179999999999,large,4019032802,scan,2017-09-21 10:06:42,167.624,6690982.057142857,87.35514285714285,76.49571428571429
AWS,c3.xlarge,2.8,4,7.516179999999999,medium,940817222,bayes,2017-09-24 09:12:00,98.064,6147439.6,80.25900000000001,76.96399999999998
AWS,m4.xlarge,2.4,4,17.17984,small,743933319,aggregation,2017-09-24 09:34:57,124.688,12400410.814814815,75.45962962962962,73.71185185185185
AWS,r3.2xlarge,2.5,8,65.49813999999999,medium,128134600,als,2017-09-20 21:12:04,91.564,15658003.789473685,24.88684210526316,45.252631578947366
AWS,c3.large,2.8,2,4.0265249999999995,medium,1209030600,lr,2017-09-20 20:23:29,1075.415,3687733.703703704,95.66490740740743,26.96134259259259
AWS,m4.2xlarge,2.4,8,34.35968,large,743932937,aggregation,2017-09-24 02:49:49,88.472,16605102.94736842,50.396842105263154,58.85842105263158
AWS,r4.2xlarge,2.3,8,65.49813999999999,medium,3284911162,wordcount,2017-09-20 19:31:01,251.788,16127469.333333334,25.647058823529413,8.166274509803921
AWS,m4.2xlarge,2.4,8,34.35968,medium,6569852688,sort,2017-09-22 05:23:55,170.904,21616732.22857143,65.608,26.758857142857142
AWS,r4.large,2.3,2,16.374534999999998,small,743933336,aggregation,2017-09-25 00:49:20,214.347,10805851.636363637,69.0075,88.43681818181818
AWS,r3.large,2.5,2,16.106099999999998,large,9600000000,terasort,2017-09-22 18:45:35,797.56,13338253.142857144,85.1404347826087,57.440248447204965
AWS,c4.2xlarge,2.9,8,16.106099999999998,medium,6400000000,terasort,2017-09-22 17:22:40,198.901,14481767.9,94.03125,42.62975
AWS,r4.large,2.3,2,16.374534999999998,small,3284907119,sort,2017-09-22 05:35:25,199.03,12385815.804878049,79.0968292682927,39.14121951219512
AWS,r3.2xlarge,2.5,8,65.49813999999999,medium,6569837132,sort,2017-09-22 05:13:48,627.675,24411555.77952756,38.79976377952756,7.362677165354328
AWS,m4.large,2.4,2,8.58992,small,806020600,lr,2017-09-20 19:32:35,143.491,6113100.0,74.77266666666668,74.30266666666665
AWS,c3.2xlarge,2.8,8,16.106099999999998,medium,128134600,als,2017-09-20 20:07:31,223.855,10920964.727272727,70.91204545454545,21.29340909090909
AWS,m4.xlarge,2.4,4,17.17984,medium,3799320693,join,2017-09-21 05:12:30,120.213,12767467.333333334,77.69291666666668,73.26583333333333
AWS,c4.large,2.9,2,4.0265249999999995,medium,3799320693,join,2017-09-21 05:06:48,377.989,3658912.7027027025,94.91756756756757,41.527972972972975
AWS,c4.xlarge,2.9,4,8.053049999999999,medium,128134600,als,2017-09-20 20:20:01,302.391,5908972.689655173,77.1451724137931,24.528103448275864
AWS,m3.large,2.6,2,7.516179999999999,large,9600000000,terasort,2017-09-22 20:11:41,689.359,7093948.604316547,92.61647482014388,67.1436690647482
AWS,r3.xlarge,2.5,4,32.749069999999996,small,72101800,als,2017-09-20 20:29:10,188.741,9292271.777777778,29.578888888888894,29.649722222222223
AWS,m3.large,2.6,2,7.516179999999999,small,375779530,bayes,2017-09-20 15:35:44,174.301,4542111.444444444,59.30055555555556,47.16972222222223
AWS,c3.2xlarge,2.8,8,16.106099999999998,large,3820993928,join,2017-09-24 04:35:35,96.908,10833864.421052631,70.34684210526316,58.038947368421056
AWS,m3.2xlarge,2.6,8,32.212199999999996,medium,9600000000,terasort,2017-09-22 17:13:00,363.792,24485879.135135137,79.2845945945946,46.44432432432433
AWS,m4.xlarge,2.4,4,17.17984,small,3777029616,join,2017-09-21 04:57:41,119.562,12852069.5,78.20708333333333,72.48916666666666
AWS,c4.xlarge,2.9,4,8.053049999999999,small,72101800,als,2017-09-20 19:58:26,198.127,5329110.976744186,69.57511627906976,22.689767441860468
AWS,m3.2xlarge,2.6,8,32.212199999999996,large,743933084,aggregation,2017-09-20 21:39:27,99.084,21727037.714285713,70.35142857142857,58.391428571428584
AWS,c4.large,2.9,2,4.0265249999999995,large,1881786739,bayes,2017-09-20 16:28:31,1124.17,3744528.1793721975,97.13860986547085,79.9185650224215
AWS,c4.2xlarge,2.9,8,16.106099999999998,medium,940817222,bayes,2017-09-24 01:29:44,64.51,8346016.615384615,54.190769230769234,57.38153846153846
AWS,r4.2xlarge,2.3,8,65.49813999999999,medium,259947887,pagerank,2017-09-21 05:42:06,286.415,14507388.137931034,23.070517241379314,25.501551724137933
AWS,r3.xlarge,2.5,4,32.749069999999996,medium,940817222,bayes,2017-09-20 16:24:26,196.131,8989622.631578946,28.61526315789474,41.271578947368425
AWS,c3.large,2.8,2,4.0265249999999995,large,4019032802,scan,2017-09-21 10:46:18,314.07,3699079.5076923077,95.95907692307692,85.60107692307693
AWS,r4.large,2.3,2,16.374534999999998,large,9600000000,terasort,2017-09-22 19:43:08,683.251,15029210.20289855,95.97789855072465,66.78753623188406
AWS,c4.2xlarge,2.9,8,16.106099999999998,large,4019032802,scan,2017-09-21 08:07:28,96.277,13131245.8,85.2635,56.1115
AWS,m4.xlarge,2.4,4,17.17984,large,9600000000,terasort,2017-09-22 18:24:16,614.255,14932702.677419355,90.86919354838709,39.15959677419355
AWS,r4.large,2.3,2,16.374534999999998,large,4019032802,scan,2017-09-21 23:46:59,254.83,12991258.566037735,82.96301886792453,84.60471698113209
AWS,c4.large,2.9,2,4.0265249999999995,medium,0,scan,2017-09-21 10:41:32,38.402,3113863.111111111,80.77666666666667,52.39666666666666
AWS,r4.large,2.3,2,16.374534999999998,large,3820993928,join,2017-09-21 06:54:30,218.599,12367787.545454545,78.98181818181818,85.13954545454546
AWS,c3.2xlarge,2.8,8,16.106099999999998,small,806020600,lr,2017-09-20 18:55:22,125.467,9191916.461538462,59.68461538461539,27.109230769230766
AWS,c3.large,2.8,2,4.0265249999999995,medium,3799320693,join,2017-09-21 04:43:00,213.702,3513145.395348837,91.13558139534885,83.53139534883721
AWS,c3.2xlarge,2.8,8,16.106099999999998,small,743933401,aggregation,2017-09-24 03:40:11,96.546,9909848.38095238,64.34571428571428,57.103809523809524
AWS,c4.xlarge,2.9,4,8.053049999999999,medium,940817222,bayes,2017-09-20 15:41:09,284.627,5189777.615384615,67.75596153846153,23.360192307692305
AWS,m3.large,2.6,2,7.516179999999999,medium,6400000000,terasort,2017-09-22 19:42:20,461.34,6994592.425531914,91.31936170212767,67.04925531914894
AWS,c3.xlarge,2.8,4,7.516179999999999,large,743933015,aggregation,2017-09-20 21:21:49,219.847,6336893.0,82.73187499999999,43.22520833333334
AWS,c4.xlarge,2.9,4,8.053049999999999,large,13139663459,wordcount,2017-09-20 18:00:18,175.836,7458594.888888889,97.3763888888889,51.40944444444444
AWS,m3.large,2.6,2,7.516179999999999,medium,1209030600,lr,2017-09-25 01:48:34,185.511,6823518.631578947,89.08578947368423,90.13263157894737
AWS,m3.xlarge,2.6,4,16.106099999999998,large,1612040600,lr,2017-09-24 10:06:07,136.419,9091601.857142856,59.03321428571428,56.63321428571428
AWS,c3.xlarge,2.8,4,7.516179999999999,small,125209992,pagerank,2017-09-21 02:08:28,289.092,5258072.0,68.64711538461538,30.251538461538466
AWS,r3.xlarge,2.5,4,32.749069999999996,medium,743933020,aggregation,2017-09-20 21:44:37,138.133,20665009.379310343,65.77827586206895,76.01724137931033
AWS,r4.large,2.3,2,16.374534999999998,medium,128134600,als,2017-09-25 00:30:30,169.096,7302472.685714286,46.63342857142858,88.996
AWS,c3.xlarge,2.8,4,7.516179999999999,small,3284904326,wordcount,2017-09-24 11:15:12,73.618,6454094.5,84.26124999999999,48.845625
AWS,r4.large,2.3,2,16.374534999999998,small,375779530,bayes,2017-09-20 18:05:16,139.885,5456548.551724138,34.84655172413793,58.9348275862069
AWS,c3.2xlarge,2.8,8,16.106099999999998,small,3777029616,join,2017-09-21 02:50:30,203.435,10886137.170731707,70.68463414634145,32.939756097560974
AWS,c4.large,2.9,2,4.0265249999999995,small,72101800,als,2017-09-20 21:42:04,151.466,3559685.1612903224,92.34419354838708,57.627096774193554
AWS,m3.xlarge,2.6,4,16.106099999999998,large,200168800,als,2017-09-20 20:42:14,172.69,13314550.4,86.45342857142857,73.07285714285712
AWS,c4.2xlarge,2.9,8,16.106099999999998,small,72101800,als,2017-09-20 19:49:10,146.064,10056988.57142857,65.30142857142857,19.752857142857142
AWS,c3.2xlarge,2.8,8,16.106099999999998,medium,6569836450,sort,2017-09-21 21:37:52,200.73,12456028.0,80.87804878048782,22.749024390243903
AWS,r3.2xlarge,2.5,8,65.49813999999999,small,125209992,pagerank,2017-09-21 04:13:45,134.342,14042782.285714285,22.319285714285716,27.869642857142853
AWS,c4.xlarge,2.9,4,8.053049999999999,small,0,scan,2017-09-21 08:29:35,27.059,4534299.428571428,59.19857142857143,31.064285714285717
AWS,m4.2xlarge,2.4,8,34.35968,large,1612040600,lr,2017-09-24 01:57:48,100.373,11656239.047619049,35.37761904761904,41.09571428571429
AWS,r3.2xlarge,2.5,8,65.49813999999999,medium,6569827319,wordcount,2017-09-24 02:16:02,65.439,19874609.42857143,31.589285714285715,59.48500000000001
AWS,r4.large,2.3,2,16.374534999999998,small,806020600,lr,2017-09-20 21:31:54,208.187,6030013.860465116,38.508372093023254,53.96906976744185
AWS,r3.large,2.5,2,16.106099999999998,large,1881786739,bayes,2017-09-20 16:40:30,379.81,9586748.987012986,61.19467532467532,76.03935064935065
AWS,r3.xlarge,2.5,4,32.749069999999996,large,3820993928,join,2017-09-24 09:03:34,138.175,14635363.0,46.58535714285715,74.72464285714285
AWS,r3.large,2.5,2,16.106099999999998,large,13139686038,sort,2017-09-22 07:41:50,763.22,13405565.116883118,85.57038961038961,39.843831168831166
AWS,c4.xlarge,2.9,4,8.053049999999999,small,743933435,aggregation,2017-09-24 09:55:02,131.348,6028809.931034483,78.7110344827586,67.55655172413793
AWS,r3.2xlarge,2.5,8,65.49813999999999,large,9600000000,terasort,2017-09-24 10:26:19,239.337,43883525.71428572,69.74877551020407,71.55734693877551
AWS,r3.xlarge,2.5,4,32.749069999999996,large,395478955,pagerank,2017-09-24 08:44:35,233.859,15209278.916666666,48.41229166666667,88.61916666666667
AWS,c3.large,2.8,2,4.0265249999999995,large,13139671757,sort,2017-09-21 23:25:47,584.961,3698480.6779661016,95.94372881355933,50.1357627118644
AWS,r3.xlarge,2.5,4,32.749069999999996,small,3200000000,terasort,2017-09-24 12:51:39,121.893,15265501.92,48.5916,72.4788
AWS,m3.large,2.6,2,7.516179999999999,large,4019032802,scan,2017-09-21 17:33:03,955.602,7455748.547368421,97.33978947368419,27.231052631578944
AWS,c3.large,2.8,2,4.0265249999999995,small,3200000000,terasort,2017-09-22 08:15:56,233.282,3543315.5,91.91875,59.66374999999999
AWS,m3.xlarge,2.6,4,16.106099999999998,large,395478955,pagerank,2017-09-21 03:16:52,375.468,10535111.513513513,68.40594594594594,62.72594594594596
AWS,m4.xlarge,2.4,4,17.17984,large,1612040600,lr,2017-09-20 20:03:28,311.464,10721624.866666667,65.244,26.764166666666668
AWS,r3.xlarge,2.5,4,32.749069999999996,medium,3200000000,terasort,2017-09-22 17:28:58,557.089,17608056.324324325,56.04747747747748,14.876576576576579
AWS,m3.large,2.6,2,7.516179999999999,medium,0,scan,2017-09-21 16:56:37,43.424,4710832.4,61.501999999999995,60.782000000000004
AWS,c3.2xlarge,2.8,8,16.106099999999998,medium,128134600,als,2017-09-20 20:02:01,220.979,10329422.956521738,67.07065217391305,20.43065217391304
AWS,r3.2xlarge,2.5,8,65.49813999999999,medium,6569837132,sort,2017-09-22 05:18:15,158.147,32794512.82352941,52.12323529411764,31.03617647058823
AWS,m4.2xlarge,2.4,8,34.35968,large,3777029616,join,2017-09-21 05:09:19,384.798,16204533.295774648,49.18183098591549,13.192957746478871
AWS,r3.large,2.5,2,16.106099999999998,large,9600000000,terasort,2017-09-22 18:30:35,817.095,13410200.024242423,85.60018181818181,57.92503030303031
AWS,r4.large,2.3,2,16.374534999999998,small,3284907119,sort,2017-09-22 05:30:26,406.81,12040394.292682927,76.89134146341465,17.876585365853657
AWS,c3.2xlarge,2.8,8,16.106099999999998,large,3820993928,join,2017-09-24 04:33:23,94.473,10586671.789473685,68.74105263157895,57.20315789473684
AWS,c3.xlarge,2.8,4,7.516179999999999,large,200168800,als,2017-09-27 01:34:31,150.842,6580359.741935484,85.91129032258064,80.90387096774194
AWS,m3.large,2.6,2,7.516179999999999,small,375779530,bayes,2017-09-20 15:40:30,184.8,4800044.2105263155,62.66815789473684,44.05157894736843
AWS,m4.large,2.4,2,8.58992,large,1881786739,bayes,2017-09-20 16:38:10,809.497,7891855.165644172,96.52926380368099,94.94000000000001
AWS,m4.xlarge,2.4,4,17.17984,large,4019032802,scan,2017-09-26 17:53:13,154.713,12447717.75,75.74781250000001,71.62625
AWS,r3.large,2.5,2,16.106099999999998,medium,6569854679,wordcount,2017-09-24 23:14:46,155.35,12381660.875,79.0353125,88.96125
AWS,m4.xlarge,2.4,4,17.17984,small,3777029616,join,2017-09-21 04:54:07,119.268,12684870.0,77.19083333333333,73.23208333333334
AWS,m3.2xlarge,2.6,8,32.212199999999996,medium,9600000000,terasort,2017-09-22 17:05:14,1690.532,27436299.55952381,88.8372619047619,10.049315476190477
AWS,c4.xlarge,2.9,4,8.053049999999999,medium,128134600,als,2017-09-20 20:13:20,364.908,6114161.589041096,79.82438356164384,19.974794520547945
AWS,m4.xlarge,2.4,4,17.17984,medium,3799320693,join,2017-09-21 05:08:56,122.986,13274377.666666666,80.77708333333334,75.81708333333334
AWS,m3.large,2.6,2,7.516179999999999,large,9600000000,terasort,2017-09-22 20:24:52,686.796,7089320.086330935,92.55611510791367,65.41352517985611
AWS,c4.large,2.9,2,4.0265249999999995,small,3284916129,wordcount,2017-09-20 17:42:55,199.07,3722936.0,96.57780487804878,34.974390243902434
AWS,m3.xlarge,2.6,4,16.106099999999998,small,3200000000,terasort,2017-09-22 17:45:25,129.824,12565394.666666666,81.58851851851853,73.62962962962962
AWS,c3.large,2.8,2,4.0265249999999995,medium,6569831960,wordcount,2017-09-19 21:40:31,306.399,3720809.806451613,96.52306451612907,40.783064516129045
AWS,r4.xlarge,2.3,4,32.749069999999996,large,13139656929,wordcount,2017-09-26 20:23:54,145.579,21490941.466666665,68.443,85.25033333333334
AWS,c3.xlarge,2.8,4,7.516179999999999,medium,940817222,bayes,2017-09-24 09:09:41,97.0,6107970.4,79.7445,77.268
AWS,m4.xlarge,2.4,4,17.17984,small,743933439,aggregation,2017-09-24 09:37:49,127.179,12550622.814814815,76.37407407407407,73.38814814814816
AWS,r4.large,2.3,2,16.374534999999998,large,13139653885,sort,2017-09-25 09:11:11,661.373,13597964.985074626,86.83805970149253,42.44559701492537
AWS,c3.xlarge,2.8,4,7.516179999999999,large,4019032802,scan,2017-09-21 10:02:11,1130.668,7440633.900452489,97.14280542986424,10.171402714932126
AWS,c3.xlarge,2.8,4,7.516179999999999,large,1881786739,bayes,2017-09-24 09:24:31,385.244,7298691.076923077,95.28858974358975,87.27666666666667
AWS,c4.2xlarge,2.9,8,16.106099999999998,small,3284909343,sort,2017-09-24 06:38:37,74.886,11228278.75,72.90625,39.876875000000005
AWS,c4.2xlarge,2.9,8,16.106099999999998,medium,6569835532,wordcount,2017-09-20 16:41:28,231.729,14271979.0,92.66931818181818,12.946363636363635
AWS,c3.large,2.8,2,4.0265249999999995,medium,1209030600,lr,2017-09-20 20:03:51,1088.062,3702208.6392694064,96.04068493150683,67.757899543379
AWS,m4.2xlarge,2.4,8,34.35968,large,743932953,aggregation,2017-09-24 02:51:57,86.602,16089276.421052631,48.83157894736842,56.95526315789474
AWS,c3.xlarge,2.8,4,7.516179999999999,small,3284938548,sort,2017-09-21 22:49:31,131.336,7206931.259259259,94.09185185185184,38.53185185185185
AWS,r4.2xlarge,2.3,8,65.49813999999999,large,743932917,aggregation,2017-09-20 23:30:01,94.997,25939293.4,41.252500000000005,57.00049999999999
AWS,m4.2xlarge,2.4,8,34.35968,medium,6569852688,sort,2017-09-22 05:19:26,153.78,20108890.70967742,61.032258064516114,27.348709677419354
AWS,m4.2xlarge,2.4,8,34.35968,medium,6569838333,wordcount,2017-09-24 01:22:36,267.507,12961650.642857144,39.339107142857145,12.892142857142858
AWS,r4.2xlarge,2.3,8,65.49813999999999,medium,1209030600,lr,2017-09-24 01:52:21,93.808,10912564.0,17.354999999999997,36.834999999999994
AWS,r4.2xlarge,2.3,8,65.49813999999999,large,13139621842,wordcount,2017-09-24 01:41:00,139.755,25259494.83870968,40.17032258064517,43.95806451612904
AWS,r4.2xlarge,2.3,8,65.49813999999999,medium,6400000000,terasort,2017-09-24 07:58:26,160.291,32880643.757575758,52.29,61.24757575757576
AWS,r3.large,2.5,2,16.106099999999998,medium,940817222,bayes,2017-09-20 16:13:10,165.871,7630286.588235294,48.705,88.29441176470588
AWS,m3.xlarge,2.6,4,16.106099999999998,large,743933133,aggregation,2017-09-20 21:44:08,142.174,12167123.333333334,79.00199999999998,76.30566666666667
AWS,c4.2xlarge,2.9,8,16.106099999999998,large,1612040600,lr,2017-09-24 03:06:10,90.361,10048737.47368421,65.24736842105263,40.08789473684211
AWS,m4.large,2.4,2,8.58992,large,13139647834,wordcount,2017-09-25 00:54:07,405.303,7984106.634146341,97.6570731707317,62.82365853658536
AWS,m3.xlarge,2.6,4,16.106099999999998,medium,0,scan,2017-09-21 15:47:43,80.356,4647828.235294118,30.17705882352941,15.826470588235292
AWS,m4.2xlarge,2.4,8,34.35968,large,1881786739,bayes,2017-09-20 16:13:17,110.559,15107761.043478262,45.85347826086956,62.36739130434782
AWS,m3.large,2.6,2,7.516179999999999,small,806020600,lr,2017-09-25 01:29:30,143.489,5667174.933333334,73.98833333333333,87.113
AWS,r3.2xlarge,2.5,8,65.49813999999999,medium,259947887,pagerank,2017-09-21 04:40:51,316.143,15922062.915254237,25.306779661016943,24.219491525423738
AWS,m3.2xlarge,2.6,8,32.212199999999996,large,1881786739,bayes,2017-09-20 16:05:10,112.74,14774680.695652174,47.83956521739131,64.9617391304348
AWS,r3.xlarge,2.5,4,32.749069999999996,small,743933373,aggregation,2017-09-20 21:14:50,136.322,20094988.827586208,63.963793103448275,76.25793103448274
AWS,c4.2xlarge,2.9,8,16.106099999999998,small,743933453,aggregation,2017-09-20 20:45:59,97.049,9822432.952380951,63.779047619047624,47.13714285714285
AWS,r4.large,2.3,2,16.374534999999998,small,72101800,als,2017-09-20 22:42:57,134.658,9025549.142857144,57.637499999999996,73.39999999999999
AWS,r3.large,2.5,2,16.106099999999998,medium,743932928,aggregation,2017-09-25 00:39:26,231.753,10330647.333333334,65.94270833333333,88.22645833333333
AWS,r4.2xlarge,2.3,8,65.49813999999999,small,6400000000,terasort,2017-09-22 17:11:54,270.844,34355899.78181818,54.63545454545454,40.20890909090908
AWS,c3.2xlarge,2.8,8,16.106099999999998,small,3284909154,wordcount,2017-09-24 03:00:58,46.1,9209562.0,59.798,47.736000000000004
AWS,m4.large,2.4,2,8.58992,small,743933336,aggregation,2017-09-25 01:46:34,216.598,7031064.266666667,86.0008888888889,85.10044444444445
AWS,r3.xlarge,2.5,4,32.749069999999996,large,4019032802,scan,2017-09-21 21:58:47,177.154,17310488.216216218,55.1,78.97243243243243
AWS,c3.large,2.8,2,4.0265249999999995,medium,0,scan,2017-09-21 10:31:58,41.239,3029690.0,78.59399999999998,55.411
AWS,m3.large,2.6,2,7.516179999999999,medium,128134600,als,2017-09-20 20:32:34,276.28,6029735.578947368,78.72228070175439,60.09263157894736
AWS,c4.xlarge,2.9,4,8.053049999999999,small,3284918782,sort,2017-09-22 01:20:42,114.971,6141308.5,80.17875,37.74
AWS,m3.large,2.6,2,7.516179999999999,large,1881786739,bayes,2017-09-24 21:47:59,781.623,7409430.598726114,96.73528662420382,95.37471337579619
AWS,r3.2xlarge,2.5,8,65.49813999999999,small,375779530,bayes,2017-09-20 16:06:04,58.478,9962970.0,15.835,47.6175
AWS,m3.2xlarge,2.6,8,32.212199999999996,medium,3799320693,join,2017-09-24 03:21:24,102.185,14137117.0,45.775499999999994,58.3505
AWS,r4.xlarge,2.3,4,32.749069999999996,small,806020600,lr,2017-09-24 06:40:51,87.563,8333159.555555556,26.538333333333334,59.31555555555556
AWS,m3.xlarge,2.6,4,16.106099999999998,large,395478955,pagerank,2017-09-24 11:41:26,254.713,11087955.846153846,71.99538461538461,89.32711538461541
AWS,m3.2xlarge,2.6,8,32.212199999999996,large,1612040600,lr,2017-09-20 20:02:25,347.792,13582697.82857143,43.980428571428575,28.42257142857143
AWS,r3.2xlarge,2.5,8,65.49813999999999,small,806020600,lr,2017-09-24 02:43:02,69.486,9610872.8,15.275333333333332,52.75866666666668
AWS,c3.2xlarge,2.8,8,16.106099999999998,small,3200000000,terasort,2017-09-22 06:26:26,122.345,10663844.923076924,69.24192307692307,44.143076923076926
AWS,c3.large,2.8,2,4.0265249999999995,small,125209992,pagerank,2017-09-21 02:13:59,345.937,3334394.2535211267,86.49915492957746,57.67253521126761
AWS,c4.2xlarge,2.9,8,16.106099999999998,medium,6569835246,wordcount,2017-09-24 02:25:16,166.072,13029214.11764706,84.59941176470588,18.131470588235292
AWS,m4.2xlarge,2.4,8,34.35968,medium,6400000000,terasort,2017-09-24 08:19:33,168.434,26525733.17647059,80.50735294117646,65.71823529411766
AWS,c3.xlarge,2.8,4,7.516179999999999,medium,128134600,als,2017-09-20 20:09:51,146.113,6526039.225806451,85.20225806451614,53.96000000000001
AWS,c3.large,2.8,2,4.0265249999999995,large,1881786739,bayes,2017-09-19 19:53:26,1098.86,3743210.9272727272,97.10427272727271,80.42768181818182
AWS,c4.xlarge,2.9,4,8.053049999999999,large,3820993928,join,2017-09-21 04:11:06,347.439,5874424.235294118,76.69470588235293,23.819558823529416
AWS,c4.xlarge,2.9,4,8.053049999999999,medium,259947887,pagerank,2017-09-24 10:35:51,172.171,6530409.6,85.25857142857141,84.69599999999998
AWS,m3.2xlarge,2.6,8,32.212199999999996,small,3777029616,join,2017-09-24 03:04:34,99.772,13979197.6,45.263999999999996,57.540000000000006
AWS,c4.large,2.9,2,4.0265249999999995,medium,743939491,aggregation,2017-09-20 23:32:58,470.442,3669683.7083333335,95.19687500000002,37.97604166666667
AWS,c4.large,2.9,2,4.0265249999999995,small,743941939,aggregation,2017-09-20 22:56:32,236.466,3654893.7959183673,94.8130612244898,77.83244897959183
AWS,r4.2xlarge,2.3,8,65.49813999999999,small,72101800,als,2017-09-20 22:16:21,198.334,11512956.235294119,18.308235294117647,17.230588235294114
AWS,r3.2xlarge,2.5,8,65.49813999999999,large,3777029616,join,2017-09-21 05:29:56,292.25,20495560.5,32.57607142857143,17.471964285714286
AWS,r3.2xlarge,2.5,8,65.49813999999999,small,3284922539,wordcount,2017-09-20 17:20:32,259.463,16168300.0,25.69788461538461,8.308461538461538
AWS,m3.large,2.6,2,7.516179999999999,large,13139686064,wordcount,2017-09-20 18:04:33,298.46,7473369.770491803,97.56967213114754,84.06180327868852
AWS,m4.large,2.4,2,8.58992,medium,6569821069,wordcount,2017-09-20 18:19:54,321.296,7948710.9677419355,97.22467741935485,44.34629032258064
AWS,c3.2xlarge,2.8,8,16.106099999999998,small,125209992,pagerank,2017-09-21 01:54:54,173.755,7784566.555555556,50.545833333333334,37.73833333333333
AWS,r3.xlarge,2.5,4,32.749069999999996,medium,259947887,pagerank,2017-09-24 08:21:04,156.503,12526605.0,39.8734375,85.9009375
AWS,m4.large,2.4,2,8.58992,small,3777029616,join,2017-09-21 05:28:36,204.464,7431185.951219512,90.89487804878048,85.62024390243901
AWS,r3.large,2.5,2,16.106099999999998,small,3777029616,join,2017-09-21 05:39:37,223.735,11937304.8,76.19822222222223,83.38622222222223
AWS,m4.xlarge,2.4,4,17.17984,large,200168800,als,2017-09-20 20:55:56,325.191,12501057.333333334,76.07181818181819,34.480000000000004
AWS,m3.xlarge,2.6,4,16.106099999999998,large,13139687400,wordcount,2017-09-20 17:51:30,405.994,14904276.930232558,96.77488372093022,24.845465116279076
AWS,m3.xlarge,2.6,4,16.106099999999998,small,3777029616,join,2017-09-21 03:39:07,511.971,10087865.188118812,65.50148514851485,19.017029702970298
AWS,m3.xlarge,2.6,4,16.106099999999998,medium,259947887,pagerank,2017-09-24 11:25:17,167.553,9575923.411764706,62.1779411764706,85.52823529411766
AWS,r4.xlarge,2.3,4,32.749069999999996,large,743933067,aggregation,2017-09-24 07:41:28,125.253,15799768.461538462,50.31846153846155,78.92923076923077
AWS,m4.xlarge,2.4,4,17.17984,large,1881786739,bayes,2017-09-20 16:28:10,303.36,10182028.57142857,61.95982142857143,45.87
AWS,m4.large,2.4,2,8.58992,large,4019032802,scan,2017-09-21 22:55:37,509.368,7747925.0693069305,94.76881188118811,45.04861386138614
AWS,m4.xlarge,2.4,4,17.17984,medium,6569828677,sort,2017-09-24 16:26:38,202.933,12632993.42857143,76.87595238095237,40.80166666666667
AWS,m4.large,2.4,2,8.58992,small,743933336,aggregation,2017-09-20 21:54:47,402.958,7768899.036144578,95.02542168674697,45.6333734939759
AWS,c3.2xlarge,2.8,8,16.106099999999998,large,743933057,aggregation,2017-09-20 21:16:59,101.754,11458987.090909092,74.40545454545456,52.914090909090916
AWS,m4.xlarge,2.4,4,17.17984,small,3200000000,terasort,2017-09-24 18:08:20,127.463,11663068.307692308,70.9726923076923,68.78423076923076
AWS,m4.2xlarge,2.4,8,34.35968,medium,743932932,aggregation,2017-09-24 02:33:57,89.392,16333938.105263159,49.574210526315795,57.15631578947369
AWS,m3.large,2.6,2,7.516179999999999,large,1612040600,lr,2017-09-20 19:58:27,394.253,6203928.871794872,80.99653846153848,51.690384615384616
AWS,r3.2xlarge,2.5,8,65.49813999999999,large,743933126,aggregation,2017-09-24 03:26:16,98.405,21503542.85714286,34.17761904761905,58.55999999999999
AWS,c4.2xlarge,2.9,8,16.106099999999998,large,395478955,pagerank,2017-09-24 04:06:28,165.009,11510767.294117646,74.74088235294118,76.60735294117646
AWS,r4.2xlarge,2.3,8,65.49813999999999,large,1612040600,lr,2017-09-20 22:03:24,199.299,16923377.7,26.913249999999998,22.6675
AWS,m3.large,2.6,2,7.516179999999999,medium,6569829182,wordcount,2017-09-20 17:43:21,252.966,7447421.769230769,97.23153846153846,54.49019230769231
AWS,c4.xlarge,2.9,4,8.053049999999999,medium,128134600,als,2017-09-24 09:40:55,90.097,6156953.263157895,80.38368421052631,75.61368421052632
AWS,m4.xlarge,2.4,4,17.17984,large,395478955,pagerank,2017-09-24 10:22:42,244.746,11901678.08,72.4248,89.74
AWS,m4.xlarge,2.4,4,17.17984,large,743933014,aggregation,2017-09-20 21:53:45,122.718,13942786.923076924,84.8453846153846,75.24846153846154
AWS,r3.large,2.5,2,16.106099999999998,large,200168800,als,2017-09-20 21:33:02,348.987,13053737.57746479,83.32408450704223,67.12521126760562
AWS,m4.2xlarge,2.4,8,34.35968,large,1612040600,lr,2017-09-20 20:18:04,184.481,12733027.263157895,38.64552631578948,22.00342105263158
AWS,r4.2xlarge,2.3,8,65.49813999999999,small,125209992,pagerank,2017-09-21 05:22:06,122.876,13614162.72,21.650800000000004,31.944000000000003
AWS,m3.large,2.6,2,7.516179999999999,small,3284919485,sort,2017-09-22 05:19:35,136.276,6920925.655172414,90.35689655172413,65.26206896551724
AWS,r4.xlarge,2.3,4,32.749069999999996,large,1881786739,bayes,2017-09-24 04:36:28,165.168,13851751.05882353,44.11323529411764,80.64470588235294
AWS,c4.large,2.9,2,4.0265249999999995,medium,6400000000,terasort,2017-09-22 19:00:29,401.737,3752408.1975308643,97.3425925925926,58.93481481481482
AWS,r3.xlarge,2.5,4,32.749069999999996,small,3284916501,sort,2017-09-22 04:58:18,234.402,10849992.0,34.5364705882353,19.354313725490194
AWS,r3.large,2.5,2,16.106099999999998,medium,3200000000,terasort,2017-09-22 17:48:28,793.486,12533720.325,80.0053125,15.5730625
AWS,c4.xlarge,2.9,4,8.053049999999999,medium,3799320693,join,2017-09-21 03:28:46,125.337,7149568.8,93.34199999999998,64.6192
AWS,r3.xlarge,2.5,4,32.749069999999996,small,3284919977,wordcount,2017-09-20 17:14:05,118.045,13380413.166666666,42.59083333333333,36.64125
AWS,m4.large,2.4,2,8.58992,medium,743932928,aggregation,2017-09-25 02:18:58,216.272,7111569.066666666,86.98511111111111,85.75666666666667
AWS,r4.large,2.3,2,16.374534999999998,small,3777029616,join,2017-09-25 04:20:32,201.255,10086998.8,64.4165,87.6965
AWS,c4.2xlarge,2.9,8,16.106099999999998,large,3820993928,join,2017-09-24 04:27:23,82.588,10592712.5,68.78,56.430625
AWS,r4.2xlarge,2.3,8,65.49813999999999,medium,743932964,aggregation,2017-09-20 23:24:30,95.963,25065998.6,39.86149999999999,55.874999999999986
AWS,m3.xlarge,2.6,4,16.106099999999998,medium,743933016,aggregation,2017-09-24 10:38:15,137.771,11669251.310344828,75.76931034482759,76.22413793103448
AWS,c3.2xlarge,2.8,8,16.106099999999998,small,72101800,als,2017-09-24 03:24:24,58.711,6831933.0,44.360833333333325,49.6475
AWS,c4.large,2.9,2,4.0265249999999995,medium,1209030600,lr,2017-09-20 20:28:00,966.286,3720167.8564102566,96.50666666666666,26.324
AWS,c4.2xlarge,2.9,8,16.106099999999998,small,806020600,lr,2017-09-20 19:06:18,155.749,8923361.166666666,57.94041666666667,23.789583333333336
AWS,r4.2xlarge,2.3,8,65.49813999999999,medium,128134600,als,2017-09-20 22:35:41,213.458,13002566.315789474,20.67763157894737,20.414473684210527
AWS,r3.large,2.5,2,16.106099999999998,large,1881786739,bayes,2017-09-24 20:02:28,346.976,9906149.690140845,63.233098591549286,86.79042253521128
AWS,c4.2xlarge,2.9,8,16.106099999999998,medium,940817222,bayes,2017-09-20 15:30:25,155.457,7661827.866666666,49.749,25.205
AWS,c3.2xlarge,2.8,8,16.106099999999998,large,13139641846,sort,2017-09-21 21:52:58,378.496,15001286.285714285,97.40519480519481,21.16584415584416
AWS,c4.2xlarge,2.9,8,16.106099999999998,large,9600000000,terasort,2017-09-26 20:56:09,336.199,15007510.764705881,97.44529411764707,38.682647058823534
AWS,c3.xlarge,2.8,4,7.516179999999999,medium,6400000000,terasort,2017-09-26 19:04:18,317.37,7419781.5625,96.87031250000001,51.40859375
AWS,m4.large,2.4,2,8.58992,medium,6569832127,wordcount,2017-09-25 00:20:11,162.245,7917386.352941177,96.8414705882353,84.63617647058824
AWS,m3.large,2.6,2,7.516179999999999,large,395478955,pagerank,2017-09-21 03:33:00,712.167,6512215.305555556,85.02118055555555,77.075625
AWS,r3.2xlarge,2.5,8,65.49813999999999,medium,0,scan,2017-09-21 20:49:37,71.192,5811362.153846154,9.237692307692308,10.841538461538464
AWS,c4.xlarge,2.9,4,8.053049999999999,large,743933156,aggregation,2017-09-20 21:40:13,129.577,7175029.62962963,93.67481481481482,67.14555555555556
AWS,c4.large,2.9,2,4.0265249999999995,medium,6569812152,sort,2017-09-22 02:43:21,295.948,3621896.8,93.95683333333335,44.513333333333335
AWS,r4.large,2.3,2,16.374534999999998,large,395478955,pagerank,2017-09-21 05:55:09,527.088,9559253.485714287,61.04657142857143,77.72028571428571
AWS,m4.large,2.4,2,8.58992,small,3284917658,sort,2017-09-22 06:49:45,173.155,6650823.888888889,81.35,47.66944444444445
AWS,m3.2xlarge,2.6,8,32.212199999999996,large,200168800,als,2017-09-20 20:48:05,168.23,16024982.181818182,51.88666666666666,40.73303030303031
AWS,m3.xlarge,2.6,4,16.106099999999998,small,375779530,bayes,2017-09-20 15:30:35,81.371,6744737.411764706,43.79529411764706,55.07647058823529
AWS,m4.xlarge,2.4,4,17.17984,large,13139684388,sort,2017-09-22 05:52:31,387.47,14333221.846153846,87.22153846153846,45.04435897435898
AWS,m3.large,2.6,2,7.516179999999999,medium,3799320693,join,2017-09-21 04:21:52,232.058,7277400.085106383,95.01148936170213,84.58425531914895
AWS,r3.xlarge,2.5,4,32.749069999999996,medium,940817222,bayes,2017-09-24 04:33:49,99.472,11276729.142857144,35.89428571428571,77.41190476190476
AWS,r4.xlarge,2.3,4,32.749069999999996,medium,1209030600,lr,2017-09-24 06:47:56,118.556,9295571.5,29.60375,54.071666666666665
AWS,r4.xlarge,2.3,4,32.749069999999996,medium,6400000000,terasort,2017-09-24 14:29:24,210.566,21246411.162790697,67.6639534883721,71.28023255813955
AWS,c4.large,2.9,2,4.0265249999999995,small,3200000000,terasort,2017-09-22 18:44:16,221.642,3544105.217391304,91.93869565217392,56.96565217391304
AWS,c4.large,2.9,2,4.0265249999999995,small,0,scan,2017-09-21 10:36:45,37.17,3002390.222222222,77.88666666666667,51.88333333333333
AWS,c4.large,2.9,2,4.0265249999999995,small,806020600,lr,2017-09-20 19:05:16,651.945,3675367.0229007634,95.34396946564885,27.431908396946564
AWS,c4.large,2.9,2,4.0265249999999995,small,3777029616,join,2017-09-21 04:38:08,362.786,3340419.362318841,86.65507246376812,42.96246376811594
AWS,c3.xlarge,2.8,4,7.516179999999999,large,9600000000,terasort,2017-09-24 17:08:29,473.968,7063778.041666667,92.22291666666666,47.155833333333334
AWS,c3.xlarge,2.8,4,7.516179999999999,small,806020600,lr,2017-09-20 18:53:47,285.938,5749093.894736842,75.05877192982457,20.259122807017544
AWS,c3.large,2.8,2,4.0265249999999995,medium,128134600,als,2017-09-20 22:18:29,308.827,3402591.111111111,88.26746031746033,49.947460317460305
AWS,m4.large,2.4,2,8.58992,medium,128134600,als,2017-09-20 20:55:37,274.771,6818028.509090909,83.39436363636364,56.64781818181818
AWS,m3.2xlarge,2.6,8,32.212199999999996,medium,6569814547,wordcount,2017-09-26 18:56:55,63.288,14692594.153846154,47.57307692307692,58.379230769230766
AWS,r4.large,2.3,2,16.374534999999998,small,3284912523,wordcount,2017-09-24 23:04:14,92.353,8899054.2,56.830499999999994,84.542
AWS,c4.2xlarge,2.9,8,16.106099999999998,medium,6569839699,sort,2017-09-22 00:21:03,195.693,12417052.7,80.625,20.1115
AWS,r3.xlarge,2.5,4,32.749069999999996,small,3777029616,join,2017-09-21 05:13:36,145.742,15036873.931034483,47.86448275862069,65.78241379310344
AWS,m3.large,2.6,2,7.516179999999999,medium,259947887,pagerank,2017-09-21 03:04:29,471.962,5848783.617021277,76.36000000000001,66.81031914893617
AWS,c3.large,2.8,2,4.0265249999999995,small,3777029616,join,2017-09-21 04:14:07,216.45,3684571.1627906975,95.58255813953488,82.77
AWS,r4.2xlarge,2.3,8,65.49813999999999,medium,6569805272,sort,2017-09-24 06:20:21,106.284,29308372.727272727,46.60863636363637,43.14545454545454
AWS,r4.2xlarge,2.3,8,65.49813999999999,large,9600000000,terasort,2017-09-24 08:16:36,238.838,44436688.75,70.66708333333334,76.09104166666667
AWS,c4.xlarge,2.9,4,8.053049999999999,large,395478955,pagerank,2017-09-27 04:25:42,353.731,7000352.563380281,91.3943661971831,88.86521126760563
AWS,m4.xlarge,2.4,4,17.17984,medium,743933151,aggregation,2017-09-20 21:38:02,133.204,14760217.931034483,89.81999999999996,71.30068965517242
AWS,m3.large,2.6,2,7.516179999999999,small,72101800,als,2017-09-20 20:11:50,153.01,6269996.125,81.8590625,68.7359375
AWS,r3.large,2.5,2,16.106099999999998,medium,6569824450,sort,2017-09-22 06:39:09,245.063,14017584.56,89.47699999999999,60.151799999999994
AWS,m4.2xlarge,2.4,8,34.35968,medium,3799320693,join,2017-09-24 04:22:09,87.974,14258345.88235294,43.27588235294118,58.420588235294126
AWS,c3.xlarge,2.8,4,7.516179999999999,medium,1209030600,lr,2017-09-20 19:10:53,300.731,5879656.533333333,76.76283333333335,25.747666666666664
AWS,c3.2xlarge,2.8,8,16.106099999999998,large,200168800,als,2017-09-20 20:22:32,222.117,10265938.4,66.65844444444444,29.958
AWS,m3.large,2.6,2,7.516179999999999,medium,940817222,bayes,2017-09-20 15:48:12,248.726,6856132.156862745,89.51196078431374,88.27705882352942
AWS,c3.large,2.8,2,4.0265249999999995,medium,743941631,aggregation,2017-09-20 23:40:10,272.149,3662675.5714285714,95.015,83.39732142857143
AWS,m3.xlarge,2.6,4,16.106099999999998,small,3284929857,wordcount,2017-09-24 09:09:22,58.57,9538777.538461538,61.93692307692307,69.68384615384615
AWS,r3.2xlarge,2.5,8,65.49813999999999,small,806020600,lr,2017-09-20 20:11:07,280.594,8022725.615384615,12.751346153846153,12.752884615384618
AWS,c4.xlarge,2.9,4,8.053049999999999,large,13139657306,sort,2017-09-24 12:35:50,417.613,6910589.095238095,90.22261904761905,28.107857142857142
AWS,c4.xlarge,2.9,4,8.053049999999999,small,3200000000,terasort,2017-09-22 18:05:05,154.83,6485039.25,84.6671875,53.5153125
AWS,c3.2xlarge,2.8,8,16.106099999999998,medium,940817222,bayes,2017-09-24 02:24:36,67.327,8847593.42857143,57.44857142857143,62.434999999999995
AWS,m3.xlarge,2.6,4,16.106099999999998,small,0,scan,2017-09-21 15:35:47,58.961,3897267.076923077,25.303846153846152,20.58230769230769
AWS,m3.xlarge,2.6,4,16.106099999999998,medium,6569852350,sort,2017-09-22 03:48:09,220.264,11633717.244444445,75.53911111111111,36.374444444444435
AWS,c4.xlarge,2.9,4,8.053049999999999,medium,0,scan,2017-09-21 08:36:07,27.118,5149952.571428572,67.23714285714286,31.385714285714283
AWS,r3.2xlarge,2.5,8,65.49813999999999,medium,6400000000,terasort,2017-09-24 10:08:15,167.142,31454676.11764706,49.99411764705883,62.647941176470596
AWS,c4.2xlarge,2.9,8,16.106099999999998,large,13139659149,wordcount,2017-09-20 17:20:18,141.212,14896297.379310345,96.72275862068966,32.27103448275862
AWS,r4.large,2.3,2,16.374534999999998,medium,0,scan,2017-09-21 23:27:42,51.836,4808685.333333333,30.7075,41.149166666666666
AWS,m3.2xlarge,2.6,8,32.212199999999996,medium,940817222,bayes,2017-09-20 15:59:55,216.997,8493363.727272727,27.50045454545454,21.27227272727273
AWS,m4.xlarge,2.4,4,17.17984,large,395478955,pagerank,2017-09-24 10:27:27,246.093,12088168.48,73.5602,88.274
AWS,m4.2xlarge,2.4,8,34.35968,large,1612040600,lr,2017-09-20 20:22:54,192.332,14878051.555555556,45.155833333333334,24.384444444444444
AWS,r3.large,2.5,2,16.106099999999998,large,200168800,als,2017-09-20 21:25:28,352.628,12398353.5,79.14111111111112,65.38791666666667
AWS,m4.2xlarge,2.4,8,34.35968,large,13139652906,wordcount,2017-09-24 01:44:40,279.996,20121863.050847456,61.07084745762712,22.380847457627123
AWS,r4.large,2.3,2,16.374534999999998,medium,259947887,pagerank,2017-09-21 05:02:50,341.311,7878861.454545454,50.31530303030303,78.50818181818181
AWS,c4.xlarge,2.9,4,8.053049999999999,medium,128134600,als,2017-09-24 09:38:43,90.994,6188773.47368421,80.79842105263158,76.14894736842103
AWS,m3.large,2.6,2,7.516179999999999,medium,6569829182,wordcount,2017-09-20 17:48:22,199.727,7263946.341463415,94.83439024390243,68.40268292682927
AWS,r3.large,2.5,2,16.106099999999998,large,4019032802,scan,2017-09-21 23:10:35,362.672,13183600.918918919,84.15364864864864,69.3968918918919
AWS,c3.xlarge,2.8,4,7.516179999999999,small,3777029616,join,2017-09-24 13:08:15,131.766,7170076.307692308,93.60999999999999,71.80769230769232
AWS,c3.large,2.8,2,4.0265249999999995,small,743941939,aggregation,2017-09-20 23:13:48,446.609,3687816.263736264,95.6676923076923,50.871318681318684
AWS,m3.xlarge,2.6,4,16.106099999999998,large,13139687400,wordcount,2017-09-20 17:58:38,328.567,14708812.597014925,95.50641791044777,32.37447761194029
AWS,r4.xlarge,2.3,4,32.749069999999996,large,743932893,aggregation,2017-09-24 07:38:41,127.46,15093815.851851853,48.069629629629624,75.86814814814815
AWS,m3.xlarge,2.6,4,16.106099999999998,medium,259947887,pagerank,2017-09-24 11:21:48,172.862,9615073.257142857,62.43171428571429,86.89285714285715
AWS,m4.xlarge,2.4,4,17.17984,large,1881786739,bayes,2017-09-20 16:21:28,167.634,11245910.705882354,68.43529411764705,78.26852941176469
AWS,r3.large,2.5,2,16.106099999999998,small,3777029616,join,2017-09-21 05:44:56,223.326,12158106.933333334,77.60844444444443,83.17977777777777
AWS,c4.2xlarge,2.9,8,16.106099999999998,large,395478955,pagerank,2017-09-24 04:03:03,158.086,11857145.625,76.9903125,78.18562499999999
AWS,r3.2xlarge,2.5,8,65.49813999999999,large,743933029,aggregation,2017-09-24 03:23:56,97.412,19936357.333333332,31.68857142857143,57.96809523809522
AWS,r4.2xlarge,2.3,8,65.49813999999999,large,1612040600,lr,2017-09-20 21:58:25,172.387,14802662.285714285,23.539714285714282,23.991142857142854
AWS,m3.large,2.6,2,7.516179999999999,large,1612040600,lr,2017-09-20 19:50:10,383.644,6834635.282051282,89.23102564102565,59.73192307692309
AWS,r4.large,2.3,2,16.374534999999998,large,743932965,aggregation,2017-09-21 00:13:20,222.369,13515512.608695652,86.31108695652173,85.57673913043477
AWS,m4.2xlarge,2.4,8,34.35968,small,125209992,pagerank,2017-09-21 03:56:47,74.821,8528483.0,25.884375000000002,54.207499999999996
AWS,m4.large,2.4,2,8.58992,large,4019032802,scan,2017-09-21 22:45:25,430.284,7686592.7272727275,94.01863636363636,51.53454545454545
AWS,m4.xlarge,2.4,4,17.17984,medium,6569828677,sort,2017-09-24 16:30:49,210.149,12856088.837209303,78.23232558139536,39.47883720930233
AWS,m4.large,2.4,2,8.58992,small,743933336,aggregation,2017-09-20 22:00:16,224.356,7177272.510638298,87.78893617021276,83.37340425531916
AWS,c4.2xlarge,2.9,8,16.106099999999998,medium,1209030600,lr,2017-09-24 02:53:24,83.265,8556080.94117647,55.55529411764706,34.52235294117647
AWS,m4.xlarge,2.4,4,17.17984,small,3200000000,terasort,2017-09-24 18:05:32,138.591,11592614.344827587,70.54551724137932,65.20931034482759
AWS,r3.2xlarge,2.5,8,65.49813999999999,small,3284922539,wordcount,2017-09-20 17:26:25,245.379,15466612.0,24.582826086956526,8.532391304347826
AWS,r3.large,2.5,2,16.106099999999998,medium,3799320693,join,2017-09-25 02:00:05,218.22,9692275.454545455,61.868181818181824,87.6440909090909
AWS,r4.2xlarge,2.3,8,65.49813999999999,small,3284945172,sort,2017-09-24 06:10:04,77.239,20074503.0,31.925624999999997,35.364375
AWS,r4.2xlarge,2.3,8,65.49813999999999,small,72101800,als,2017-09-20 22:21:21,192.547,10801408.0,17.17702702702703,16.282432432432433
AWS,r3.2xlarge,2.5,8,65.49813999999999,large,3777029616,join,2017-09-21 05:23:29,343.753,20877002.153846152,33.18169230769231,15.994615384615386
AWS,m4.large,2.4,2,8.58992,small,125209992,pagerank,2017-09-21 03:44:19,249.086,4955148.666666667,60.60916666666666,58.97270833333334
AWS,c4.xlarge,2.9,4,8.053049999999999,large,1881786739,bayes,2017-09-20 15:58:41,534.613,6702016.897196262,87.49906542056077,51.95448598130841
AWS,m4.xlarge,2.4,4,17.17984,small,72101800,als,2017-09-24 09:16:06,74.337,7429866.0,45.21375,70.31
AWS,r4.2xlarge,2.3,8,65.49813999999999,large,3820993928,join,2017-09-21 06:45:33,529.149,13853236.57142857,22.030571428571427,10.512857142857143
AWS,m4.large,2.4,2,8.58992,small,3777029616,join,2017-09-21 05:23:36,206.183,7480913.658536585,91.50292682926829,85.8390243902439
AWS,r3.xlarge,2.5,4,32.749069999999996,medium,1209030600,lr,2017-09-20 20:12:10,320.02,9014612.861538462,28.69446153846154,25.144307692307695
AWS,r3.xlarge,2.5,4,32.749069999999996,medium,259947887,pagerank,2017-09-24 08:24:23,156.489,12506745.0,39.809375,84.79875000000001
AWS,m4.xlarge,2.4,4,17.17984,small,806020600,lr,2017-09-24 09:05:28,88.021,7660295.555555556,46.614999999999995,59.955555555555556
AWS,r4.xlarge,2.3,4,32.749069999999996,medium,3799320693,join,2017-09-21 06:23:34,129.623,15772449.076923076,50.23076923076923,72.14807692307693
AWS,m4.large,2.4,2,8.58992,medium,6569821069,wordcount,2017-09-20 18:25:59,264.402,7867230.444444444,96.22814814814816,50.570740740740725
AWS,m4.2xlarge,2.4,8,34.35968,small,3777029616,join,2017-09-24 04:06:49,90.355,14271169.777777778,43.315000000000005,54.80333333333333
AWS,r3.2xlarge,2.5,8,65.49813999999999,small,806020600,lr,2017-09-24 02:41:13,69.091,9196148.0,14.617333333333333,51.46
AWS,c3.2xlarge,2.8,8,16.106099999999998,small,3200000000,terasort,2017-09-22 06:22:43,117.11,10279393.44,66.74680000000001,43.22
AWS,m3.2xlarge,2.6,8,32.212199999999996,large,1612040600,lr,2017-09-20 19:54:58,179.187,13231447.243243244,42.84324324324324,25.525405405405404
AWS,r4.xlarge,2.3,4,32.749069999999996,small,806020600,lr,2017-09-24 06:38:45,84.574,8139538.888888889,25.92222222222222,60.35611111111112
AWS,m3.2xlarge,2.6,8,32.212199999999996,medium,3799320693,join,2017-09-24 03:23:39,100.144,14251606.4,46.144999999999996,57.805499999999995
AWS,m3.xlarge,2.6,4,16.106099999999998,large,395478955,pagerank,2017-09-24 11:46:25,259.348,11386542.716981132,73.93415094339622,88.06622641509436
AWS,c4.xlarge,2.9,4,8.053049999999999,medium,259947887,pagerank,2017-09-24 10:39:21,167.009,6426556.823529412,83.90294117647058,84.65794117647059
AWS,c4.2xlarge,2.9,8,16.106099999999998,medium,6569835246,wordcount,2017-09-24 02:21:50,182.136,13252926.333333334,86.05277777777775,15.858055555555556
AWS,c3.large,2.8,2,4.0265249999999995,small,125209992,pagerank,2017-09-21 02:06:31,250.401,3532117.411764706,91.628431372549,76.64725490196078
AWS,c3.large,2.8,2,4.0265249999999995,small,72101800,als,2017-09-20 21:51:09,201.185,3386937.7560975607,87.86146341463414,52.9339024390244
AWS,c4.xlarge,2.9,4,8.053049999999999,medium,6400000000,terasort,2017-09-22 18:25:33,444.627,7134778.921348315,93.14943820224718,32.31775280898877
AWS,c4.xlarge,2.9,4,8.053049999999999,large,3820993928,join,2017-09-21 04:03:44,375.704,7195980.0,93.94916666666667,21.694166666666668
AWS,c3.xlarge,2.8,4,7.516179999999999,medium,128134600,als,2017-09-20 20:05:41,284.799,5323880.5,69.50660714285713,27.864642857142858
AWS,r3.2xlarge,2.5,8,65.49813999999999,large,200168800,als,2017-09-20 21:31:49,256.522,15822594.509803921,25.149411764705885,24.41941176470588
AWS,c3.xlarge,2.8,4,7.516179999999999,large,1881786739,bayes,2017-09-20 15:13:17,371.752,6828660.810810811,89.15310810810811,76.56743243243243
AWS,m4.2xlarge,2.4,8,34.35968,medium,128134600,als,2017-09-20 20:40:40,86.418,14333532.470588235,43.502352941176476,48.27058823529411
AWS,c3.xlarge,2.8,4,7.516179999999999,medium,1209030600,lr,2017-09-20 19:16:01,208.765,6721327.904761905,87.75119047619046,32.91261904761904
AWS,c3.2xlarge,2.8,8,16.106099999999998,large,200168800,als,2017-09-20 20:28:22,248.852,9848874.333333334,63.94979166666667,27.438958333333332
AWS,c4.large,2.9,2,4.0265249999999995,large,13139661233,sort,2017-09-22 02:58:31,554.328,3756692.8214285714,97.45392857142856,40.955714285714286
AWS,m4.2xlarge,2.4,8,34.35968,medium,3799320693,join,2017-09-24 04:24:15,91.188,14731599.111111112,44.71055555555555,55.41222222222222
AWS,c4.xlarge,2.9,4,8.053049999999999,medium,0,scan,2017-09-21 08:33:59,28.084,4910068.571428572,64.10428571428571,28.525714285714283
AWS,m3.xlarge,2.6,4,16.106099999999998,medium,6569852350,sort,2017-09-22 03:42:47,228.48,11764962.29787234,76.39085106382977,38.88489361702127
AWS,r3.2xlarge,2.5,8,65.49813999999999,medium,6400000000,terasort,2017-09-24 10:11:37,159.78,31346415.393939395,49.82121212121213,69.5721212121212
AWS,r4.large,2.3,2,16.374534999999998,medium,0,scan,2017-09-21 23:25:08,61.976,4565213.142857143,29.155000000000005,36.03285714285714
AWS,r3.2xlarge,2.5,8,65.49813999999999,small,806020600,lr,2017-09-20 20:17:23,271.387,8147900.549019608,12.950980392156863,13.321764705882348
AWS,c3.2xlarge,2.8,8,16.106099999999998,medium,940817222,bayes,2017-09-24 02:26:27,70.025,9029104.0,58.626666666666665,60.552
AWS,c4.xlarge,2.9,4,8.053049999999999,small,3200000000,terasort,2017-09-22 18:00:49,149.755,6467886.70967742,84.44225806451612,55.632580645161305
AWS,m3.xlarge,2.6,4,16.106099999999998,small,0,scan,2017-09-21 15:38:49,80.533,3982824.4444444445,25.86111111111111,15.804444444444446
AWS,r4.xlarge,2.3,4,32.749069999999996,small,3284905343,sort,2017-09-24 12:20:23,79.709,13350164.470588235,42.51647058823529,54.74470588235294
AWS,c3.large,2.8,2,4.0265249999999995,medium,128134600,als,2017-09-20 22:11:37,327.713,3492055.462686567,90.58880597014925,46.07358208955223
AWS,c3.xlarge,2.8,4,7.516179999999999,small,806020600,lr,2017-09-20 18:57:55,149.219,6783618.451612903,88.56548387096774,36.53935483870967
AWS,m4.large,2.4,2,8.58992,medium,128134600,als,2017-09-20 21:02:10,280.316,6979864.620689655,85.3744827586207,53.880517241379316
AWS,m3.2xlarge,2.6,8,32.212199999999996,medium,6569833044,wordcount,2017-09-26 19:01:39,63.017,14769491.076923076,47.82307692307692,58.66923076923077
AWS,m3.large,2.6,2,7.516179999999999,small,72101800,als,2017-09-20 20:17:24,232.74,5819905.416666667,75.981875,46.39895833333333
AWS,r4.2xlarge,2.3,8,65.49813999999999,large,9600000000,terasort,2017-09-24 08:21:01,226.087,42273318.0,67.22652173913043,67.12608695652173
AWS,c4.xlarge,2.9,4,8.053049999999999,large,395478955,pagerank,2017-09-27 06:44:46,350.646,7055909.464788732,92.11915492957746,88.26422535211269
AWS,c3.large,2.8,2,4.0265249999999995,small,3284917430,wordcount,2017-09-19 21:03:58,249.039,3739083.9215686275,96.9962745098039,30.020196078431372
AWS,r3.xlarge,2.5,4,32.749069999999996,small,3777029616,join,2017-09-21 05:09:35,141.572,15306054.142857144,48.72107142857143,70.61321428571429
AWS,c4.2xlarge,2.9,8,16.106099999999998,medium,6569839699,sort,2017-09-22 00:16:06,197.635,12275628.975609757,79.70682926829267,19.567073170731707
AWS,m3.large,2.6,2,7.516179999999999,medium,259947887,pagerank,2017-09-21 03:13:54,463.773,5927101.957446809,77.38223404255321,70.92351063829787
AWS,r3.2xlarge,2.5,8,65.49813999999999,medium,3799320693,join,2017-09-24 04:58:10,97.086,18983998.315789472,30.173684210526314,58.16842105263157
AWS,r3.2xlarge,2.5,8,65.49813999999999,medium,0,scan,2017-09-21 20:52:34,75.849,5858438.0,9.3125,8.925625
AWS,m3.large,2.6,2,7.516179999999999,large,395478955,pagerank,2017-09-21 03:44:28,585.719,6701807.152542373,87.4964406779661,92.31677966101695
AWS,c4.xlarge,2.9,4,8.053049999999999,small,806020600,lr,2017-09-20 19:00:06,241.915,6425277.391304348,83.8867391304348,22.846739130434784
AWS,r4.large,2.3,2,16.374534999999998,large,395478955,pagerank,2017-09-21 05:44:40,529.796,9672935.094339622,61.77141509433962,77.7877358490566
AWS,m4.large,2.4,2,8.58992,small,3284917658,sort,2017-09-22 06:45:10,170.165,6607556.457142857,80.82057142857144,50.331428571428575
AWS,c4.large,2.9,2,4.0265249999999995,medium,6569812152,sort,2017-09-22 02:36:44,288.435,3632513.8305084747,94.23254237288135,45.13237288135594
AWS,c3.xlarge,2.8,4,7.516179999999999,medium,6400000000,terasort,2017-09-26 19:15:13,325.699,7459012.121212121,97.38227272727272,52.953484848484855
AWS,c3.xlarge,2.8,4,7.516179999999999,large,13139634470,sort,2017-09-27 06:41:41,472.807,7473258.863157894,97.56842105263158,31.612105263157897
AWS,m3.2xlarge,2.6,8,32.212199999999996,small,125209992,pagerank,2017-09-21 02:27:55,137.429,12304203.714285715,39.84142857142857,33.80892857142857
AWS,m3.2xlarge,2.6,8,32.212199999999996,large,200168800,als,2017-09-20 20:43:34,198.218,15265822.9,49.429500000000004,32.541000000000004
AWS,m3.large,2.6,2,7.516179999999999,large,395478955,pagerank,2017-09-25 03:20:49,565.955,6768252.842105263,88.36412280701755,94.83605263157894
AWS,c4.xlarge,2.9,4,8.053049999999999,small,3284941930,wordcount,2017-09-24 09:14:33,62.805,7061104.307692308,92.18769230769232,53.50846153846154
AWS,c4.2xlarge,2.9,8,16.106099999999998,large,9600000000,terasort,2017-09-26 21:38:26,329.496,14785728.71641791,96.00597014925373,35.947164179104476
AWS,c4.large,2.9,2,4.0265249999999995,small,0,scan,2017-09-21 10:34:26,36.242,2984068.888888889,77.4111111111111,52.871111111111105
AWS,c4.large,2.9,2,4.0265249999999995,small,3200000000,terasort,2017-09-22 18:49:45,227.874,3587830.2978723403,93.07319148936169,57.557659574468104
AWS,r4.xlarge,2.3,4,32.749069999999996,medium,6400000000,terasort,2017-09-24 14:25:13,222.993,22717617.6,72.34955555555557,68.74977777777778
AWS,c4.large,2.9,2,4.0265249999999995,small,3777029616,join,2017-09-21 04:30:28,274.833,3515331.5636363635,91.19236363636364,52.18618181818183
AWS,m4.2xlarge,2.4,8,34.35968,small,3284916567,sort,2017-09-22 04:40:31,682.615,19289478.412698414,58.544603174603175,4.42984126984127
AWS,m4.xlarge,2.4,4,17.17984,large,13139684388,sort,2017-09-22 05:44:23,387.729,14211211.443037976,86.4786075949367,38.03037974683544
AWS,r3.xlarge,2.5,4,32.749069999999996,medium,940817222,bayes,2017-09-24 04:31:29,98.098,10808516.952380951,34.40380952380953,77.87666666666667
AWS,r3.xlarge,2.5,4,32.749069999999996,small,3284919977,wordcount,2017-09-20 17:18:07,143.493,12740177.733333332,40.553000000000004,29.550000000000008
AWS,m4.large,2.4,2,8.58992,medium,743932928,aggregation,2017-09-25 02:14:36,215.273,7149433.6,87.44800000000001,86.26444444444445
AWS,c3.xlarge,2.8,4,7.516179999999999,medium,6569817093,sort,2017-09-24 14:37:54,242.178,7442512.816326531,97.16734693877552,34.49530612244898
AWS,m3.2xlarge,2.6,8,32.212199999999996,large,13139662750,wordcount,2017-09-24 01:59:00,234.772,21559252.4,69.80819999999999,27.4424
AWS,r3.xlarge,2.5,4,32.749069999999996,medium,6569822281,sort,2017-09-22 05:10:34,142.098,21692052.413793102,69.04758620689654,57.217586206896556
AWS,r4.large,2.3,2,16.374534999999998,small,3777029616,join,2017-09-25 04:24:26,198.854,10281950.6,65.66225,86.80325
AWS,r3.large,2.5,2,16.106099999999998,large,1612040600,lr,2017-09-20 20:22:00,228.257,10235693.276595745,65.33595744680851,83.36063829787234
AWS,m4.xlarge,2.4,4,17.17984,small,3284929808,wordcount,2017-09-24 08:43:43,59.369,9951897.538461538,60.56000000000001,66.37384615384616
AWS,m3.xlarge,2.6,4,16.106099999999998,large,13139648615,sort,2017-09-22 04:02:28,496.704,15002020.12,97.40939999999999,32.9474
AWS,c4.2xlarge,2.9,8,16.106099999999998,small,806020600,lr,2017-09-20 19:12:05,244.91,7504693.674418605,48.72860465116279,12.155348837209301
AWS,r4.2xlarge,2.3,8,65.49813999999999,medium,128134600,als,2017-09-20 22:40:59,215.74,12383317.904761905,19.693571428571428,18.879523809523807
AWS,c4.2xlarge,2.9,8,16.106099999999998,small,3284923260,sort,2017-09-22 00:05:45,1136.945,13839151.524229076,89.85938325991191,2.7194273127753306
AWS,r4.2xlarge,2.3,8,65.49813999999999,medium,743933033,aggregation,2017-09-20 23:21:13,90.837,25741367.57894737,40.93631578947369,58.331578947368406
AWS,m3.xlarge,2.6,4,16.106099999999998,medium,743932915,aggregation,2017-09-24 10:35:15,140.545,11643622.266666668,75.60266666666666,75.37900000000003
AWS,c4.large,2.9,2,4.0265249999999995,medium,1209030600,lr,2017-09-20 20:10:12,948.254,3730989.382198953,96.78727748691101,27.03811518324607
AWS,c3.2xlarge,2.8,8,16.106099999999998,small,72101800,als,2017-09-24 03:26:02,58.52,7229269.333333333,46.94,48.779166666666676
AWS,m3.xlarge,2.6,4,16.106099999999998,large,4019032802,scan,2017-09-21 16:13:51,411.578,13517913.209302325,87.77348837209303,30.437674418604654
AWS,m4.xlarge,2.4,4,17.17984,medium,940817222,bayes,2017-09-24 06:57:20,137.752,8720754.0,53.067499999999995,54.71821428571428
AWS,r3.2xlarge,2.5,8,65.49813999999999,small,3284915110,sort,2017-09-26 18:41:43,57.125,13836624.923076924,21.992307692307694,46.46230769230769
AWS,c3.2xlarge,2.8,8,16.106099999999998,medium,0,scan,2017-09-21 07:57:59,34.936,5690893.5,36.95125,17.1275
AWS,r3.2xlarge,2.5,8,65.49813999999999,large,1612040600,lr,2017-09-20 20:53:01,231.158,15078069.688888889,23.965111111111113,21.377555555555556
AWS,m3.xlarge,2.6,4,16.106099999999998,large,13139694778,wordcount,2017-09-24 09:35:12,222.541,15201064.8,98.7022222222222,47.93933333333332
AWS,r3.large,2.5,2,16.106099999999998,medium,128134600,als,2017-09-20 21:01:56,219.22,11106543.466666667,70.89577777777777,71.45200000000001
AWS,c3.xlarge,2.8,4,7.516179999999999,large,395478955,pagerank,2017-09-24 12:48:59,406.039,6855344.292682927,89.50146341463415,86.84158536585365
AWS,c4.2xlarge,2.9,8,16.106099999999998,small,3284906959,wordcount,2017-09-20 16:16:46,218.657,12091609.727272727,78.51204545454547,8.07159090909091
AWS,m4.xlarge,2.4,4,17.17984,medium,6400000000,terasort,2017-09-24 18:29:15,280.857,13382778.596491229,81.43754385964913,62.85912280701754
AWS,c3.xlarge,2.8,4,7.516179999999999,medium,0,scan,2017-09-21 09:21:52,109.256,5565384.363636363,72.66000000000001,10.848636363636363
AWS,m4.large,2.4,2,8.58992,medium,1209030600,lr,2017-09-20 20:05:27,831.383,7479065.055214724,91.48049079754601,81.87631901840491
AWS,r3.xlarge,2.5,4,32.749069999999996,medium,6400000000,terasort,2017-09-24 13:14:00,231.779,23269665.276595745,74.06872340425531,68.55999999999999
AWS,c3.2xlarge,2.8,8,16.106099999999998,small,72101800,als,2017-09-20 19:43:03,213.674,8876809.05263158,57.63763157894736,15.011578947368422
AWS,c3.xlarge,2.8,4,7.516179999999999,small,375779530,bayes,2017-09-20 14:34:37,175.375,5336958.742857143,69.67685714285713,26.98114285714286
AWS,c4.xlarge,2.9,4,8.053049999999999,large,9600000000,terasort,2017-09-27 03:02:32,440.28,7464365.590361446,97.45204819277107,48.337469879518075
AWS,r4.2xlarge,2.3,8,65.49813999999999,large,395478955,pagerank,2017-09-24 03:14:58,141.949,22995292.137931034,36.56896551724138,78.59896551724135
AWS,m4.xlarge,2.4,4,17.17984,medium,6569853400,wordcount,2017-09-24 08:56:46,87.036,14022391.777777778,85.33,77.315
AWS,m3.large,2.6,2,7.516179999999999,medium,6569839852,sort,2017-09-22 05:37:06,287.598,7414293.627118644,96.79881355932204,58.65864406779661
AWS,r4.large,2.3,2,16.374534999999998,medium,743932928,aggregation,2017-09-25 01:26:25,214.068,11147132.454545455,71.1865909090909,88.20772727272728
AWS,c4.2xlarge,2.9,8,16.106099999999998,medium,128134600,als,2017-09-20 20:03:30,231.25,10228127.416666666,66.41145833333333,17.73875
AWS,m3.large,2.6,2,7.516179999999999,large,200168800,als,2017-09-20 20:51:27,396.567,6641660.6,86.71124999999999,62.46225
AWS,r4.2xlarge,2.3,8,65.49813999999999,small,3200000000,terasort,2017-09-24 07:45:18,84.281,18196033.777777776,28.936666666666667,52.11222222222222
AWS,c4.xlarge,2.9,4,8.053049999999999,medium,6400000000,terasort,2017-09-26 17:32:10,282.988,7446523.087719298,97.21877192982457,51.86070175438597
AWS,c3.large,2.8,2,4.0265249999999995,large,3820993928,join,2017-09-21 05:00:59,218.988,3674876.5454545454,95.3309090909091,83.26204545454546
AWS,c4.2xlarge,2.9,8,16.106099999999998,large,743932921,aggregation,2017-09-24 03:19:23,85.17,9877095.111111112,64.13222222222223,53.772777777777776
AWS,r4.large,2.3,2,16.374534999999998,medium,3799320693,join,2017-09-25 04:47:18,205.013,10233855.219512194,65.35439024390244,88.26634146341463
AWS,r4.2xlarge,2.3,8,65.49813999999999,medium,3799320693,join,2017-09-21 06:28:42,110.212,22033499.636363637,35.03909090909091,47.73409090909092
AWS,c3.xlarge,2.8,4,7.516179999999999,large,1612040600,lr,2017-09-20 19:28:47,247.128,6525937.333333333,85.20098039215686,36.02470588235294
AWS,c3.xlarge,2.8,4,7.516179999999999,small,3200000000,terasort,2017-09-24 16:17:14,167.637,6269076.685714286,81.84800000000001,51.34457142857143
AWS,m3.2xlarge,2.6,8,32.212199999999996,large,4019032802,scan,2017-09-24 04:35:09,119.488,16496641.44,53.41480000000001,62.11240000000001
AWS,m4.large,2.4,2,8.58992,medium,1209030600,lr,2017-09-25 01:19:47,172.647,7095755.666666667,86.79194444444443,88.68888888888888
AWS,r3.large,2.5,2,16.106099999999998,large,3820993928,join,2017-09-25 02:28:14,215.276,9601910.232558139,61.29093023255813,87.75418604651162
AWS,c3.large,2.8,2,4.0265249999999995,medium,259947887,pagerank,2017-09-21 02:45:07,707.372,3514224.195804196,91.16440559440561,77.71237762237762
AWS,m3.xlarge,2.6,4,16.106099999999998,large,1881786739,bayes,2017-09-20 15:59:25,163.842,10951701.647058824,71.11088235294119,79.50323529411764
AWS,c4.large,2.9,2,4.0265249999999995,large,3820993928,join,2017-09-21 05:37:18,189.344,3470929.5789473685,90.04210526315791,81.42710526315788
AWS,c4.2xlarge,2.9,8,16.106099999999998,large,13139678240,wordcount,2017-09-26 20:41:56,121.382,15090012.32,97.9816,38.095600000000005
AWS,r3.2xlarge,2.5,8,65.49813999999999,medium,940817222,bayes,2017-09-24 00:51:41,134.505,12603599.0,20.032142857142855,31.41178571428572
AWS,m4.2xlarge,2.4,8,34.35968,large,13139653241,sort,2017-09-22 05:45:54,320.084,24850866.707692306,75.42338461538463,24.36476923076923
AWS,c4.large,2.9,2,4.0265249999999995,large,1612040600,lr,2017-09-20 20:51:56,1255.796,3751635.3174603176,97.32269841269843,25.002142857142854
AWS,c4.large,2.9,2,4.0265249999999995,large,4019032802,scan,2017-09-21 11:07:35,246.999,3599240.6274509802,93.36921568627453,82.89588235294119
AWS,c4.large,2.9,2,4.0265249999999995,large,9600000000,terasort,2017-09-22 19:43:01,580.448,3705612.9572649575,96.12880341880343,57.04418803418804
AWS,m4.large,2.4,2,8.58992,medium,0,scan,2017-09-21 22:18:05,39.932,4595918.222222222,56.21333333333334,55.23777777777778
AWS,c3.2xlarge,2.8,8,16.106099999999998,small,3284924449,sort,2017-09-21 21:20:23,80.233,11842526.11764706,76.89470588235294,40.29588235294118
AWS,m3.2xlarge,2.6,8,32.212199999999996,small,72101800,als,2017-09-20 20:15:31,159.641,10830156.969696969,35.0678787878788,20.31757575757576
AWS,m4.large,2.4,2,8.58992,large,13139675643,sort,2017-09-22 07:55:49,645.764,7608812.885496183,93.06732824427482,43.42488549618321
AWS,r4.large,2.3,2,16.374534999999998,small,125209992,pagerank,2017-09-21 04:52:48,244.642,6256389.25,39.95395833333333,59.61041666666667
AWS,m3.large,2.6,2,7.516179999999999,small,125209992,pagerank,2017-09-21 02:36:50,262.636,4996247.851851852,65.22981481481482,58.93166666666667
AWS,m3.xlarge,2.6,4,16.106099999999998,medium,940817222,bayes,2017-09-24 07:29:13,100.187,8802578.666666666,57.15666666666667,78.13333333333334
AWS,c4.xlarge,2.9,4,8.053049999999999,medium,743933033,aggregation,2017-09-20 21:32:33,122.121,5931940.461538462,77.4453846153846,69.08192307692308
AWS,r4.xlarge,2.3,4,32.749069999999996,medium,6400000000,terasort,2017-09-22 18:02:23,1208.195,17545508.146938775,55.8774693877551,11.877591836734693
AWS,r4.large,2.3,2,16.374534999999998,medium,940817222,bayes,2017-09-20 18:25:06,171.875,7819869.647058823,49.93911764705882,85.84588235294117
AWS,c4.2xlarge,2.9,8,16.106099999999998,large,13139639564,sort,2017-09-22 00:39:28,386.408,13818060.974358974,89.7220512820513,15.864487179487178
AWS,m4.2xlarge,2.4,8,34.35968,medium,0,scan,2017-09-21 20:30:51,33.792,5703442.0,17.3125,17.265
AWS,m3.large,2.6,2,7.516179999999999,medium,743932928,aggregation,2017-09-20 22:05:02,475.595,6397379.689320388,83.52233009708739,40.09990291262136
AWS,m3.2xlarge,2.6,8,32.212199999999996,small,0,scan,2017-09-21 14:51:54,67.831,4097428.285714286,13.267857142857144,10.29857142857143
AWS,r4.2xlarge,2.3,8,65.49813999999999,large,13139688966,sort,2017-09-22 05:51:50,269.401,37704405.018181816,59.960727272727276,32.140727272727275
AWS,r3.xlarge,2.5,4,32.749069999999996,large,13139655218,sort,2017-09-22 05:29:35,337.584,26652904.34285714,84.83857142857141,51.28242857142857
AWS,c4.2xlarge,2.9,8,16.106099999999998,small,3777029616,join,2017-09-24 04:14:59,79.885,10519717.75,68.304375,53.93125
AWS,m3.xlarge,2.6,4,16.106099999999998,medium,3799320693,join,2017-09-21 03:56:43,135.244,11943580.296296297,77.55148148148149,73.3774074074074
AWS,r3.large,2.5,2,16.106099999999998,medium,743932928,aggregation,2017-09-20 22:17:56,229.956,13837330.833333334,88.32708333333333,87.62750000000001
AWS,r4.xlarge,2.3,4,32.749069999999996,medium,259947887,pagerank,2017-09-24 07:53:48,146.176,12559092.266666668,39.99766666666667,83.47033333333336
AWS,c3.xlarge,2.8,4,7.516179999999999,medium,6569838504,wordcount,2017-09-20 16:23:53,216.06,7042763.0,91.94818181818182,27.291590909090907
AWS,m3.large,2.6,2,7.516179999999999,large,13139677776,sort,2017-09-22 06:05:16,557.301,7454267.079646017,97.32053097345134,56.40902654867257
AWS,r4.xlarge,2.3,4,32.749069999999996,large,9600000000,terasort,2017-09-22 18:47:33,381.698,24631353.454545453,78.4444155844156,66.0796103896104
AWS,m4.2xlarge,2.4,8,34.35968,small,806020600,lr,2017-09-20 19:41:52,272.476,7795903.407407408,23.66018518518519,12.111666666666666
AWS,m3.large,2.6,2,7.516179999999999,large,4019032802,scan,2017-09-25 05:36:47,306.994,6997116.063492063,91.35269841269842,87.73333333333332
AWS,m3.2xlarge,2.6,8,32.212199999999996,medium,128134600,als,2017-09-20 20:30:43,167.163,13162491.647058824,42.619705882352946,26.85205882352941
AWS,m4.2xlarge,2.4,8,34.35968,small,3284922651,wordcount,2017-09-24 01:08:49,113.611,15401510.086956521,46.744782608695644,20.87173913043478
AWS,r3.large,2.5,2,16.106099999999998,small,72101800,als,2017-09-20 20:47:35,136.0,9513963.714285715,60.72857142857144,77.50928571428572
AWS,m4.large,2.4,2,8.58992,large,743932965,aggregation,2017-09-20 22:55:43,223.394,7172346.127659574,87.72851063829786,84.27
AWS,m4.large,2.4,2,8.58992,small,0,scan,2017-09-21 22:15:33,37.836,4288626.666666667,52.45777777777777,55.46111111111111
AWS,c3.xlarge,2.8,4,7.516179999999999,medium,259947887,pagerank,2017-09-21 02:32:09,253.805,6188181.615384615,80.79057692307694,66.31153846153846
AWS,c3.2xlarge,2.8,8,16.106099999999998,medium,3799320693,join,2017-09-24 04:17:23,94.713,10583766.52631579,68.72157894736843,56.213684210526324
AWS,r4.2xlarge,2.3,8,65.49813999999999,small,806020600,lr,2017-09-20 21:34:13,131.068,10043858.518518519,15.97296296296296,25.291481481481483
AWS,r3.2xlarge,2.5,8,65.49813999999999,small,743933506,aggregation,2017-09-24 02:57:26,96.503,19576022.85714286,31.113333333333333,57.60714285714285
AWS,m3.large,2.6,2,7.516179999999999,small,806020600,lr,2017-09-20 19:18:36,147.031,6055694.064516129,79.06064516129032,81.58838709677418
AWS,r3.2xlarge,2.5,8,65.49813999999999,medium,940817222,bayes,2017-09-20 16:29:06,77.172,16088771.0,25.57125,57.20125
AWS,c3.xlarge,2.8,4,7.516179999999999,medium,3799320693,join,2017-09-21 03:40:41,143.319,6203274.482758621,80.98724137931033,66.71896551724137
AWS,c3.large,2.8,2,4.0265249999999995,medium,6400000000,terasort,2017-09-22 08:32:35,416.71,3729579.717647059,96.75023529411763,61.080235294117635
AWS,m3.2xlarge,2.6,8,32.212199999999996,medium,6400000000,terasort,2017-09-26 20:33:45,169.555,24117626.514285713,78.09114285714287,62.08685714285713
AWS,m4.xlarge,2.4,4,17.17984,small,375779530,bayes,2017-09-20 15:56:18,168.311,5849484.7272727275,35.594848484848484,25.560606060606062
AWS,m3.xlarge,2.6,4,16.106099999999998,medium,6400000000,terasort,2017-09-22 18:14:21,307.798,12391023.238095239,80.45682539682541,55.09873015873017
AWS,m3.xlarge,2.6,4,16.106099999999998,large,3820993928,join,2017-09-21 04:12:38,138.952,12319224.714285715,79.99035714285715,74.17678571428573
AWS,m3.2xlarge,2.6,8,32.212199999999996,large,9600000000,terasort,2017-09-22 17:24:44,502.912,27712035.56862745,89.73049019607843,61.08696078431372
AWS,m3.2xlarge,2.6,8,32.212199999999996,medium,259947887,pagerank,2017-09-24 02:36:19,109.824,13884354.43478261,44.95652173913044,74.46173913043476
AWS,c4.2xlarge,2.9,8,16.106099999999998,large,1881786739,bayes,2017-09-24 01:42:09,94.132,11054550.315789474,71.77789473684211,65.67
AWS,m4.large,2.4,2,8.58992,large,3820993928,join,2017-09-21 06:22:28,371.341,7206207.506849315,88.14287671232876,49.428082191780824
AWS,r3.xlarge,2.5,4,32.749069999999996,large,1881786739,bayes,2017-09-24 04:46:18,163.25,13514642.235294119,43.01882352941176,82.1479411764706
AWS,r3.2xlarge,2.5,8,65.49813999999999,medium,259947887,pagerank,2017-09-24 04:19:44,97.945,16534838.0,26.279500000000002,70.78
AWS,c3.2xlarge,2.8,8,16.106099999999998,large,395478955,pagerank,2017-09-21 02:27:07,251.502,12643025.384615384,82.0926923076923,79.53326923076924
AWS,m3.2xlarge,2.6,8,32.212199999999996,large,3820993928,join,2017-09-24 03:33:41,100.91,14073500.0,45.57,59.284000000000006
AWS,r4.xlarge,2.3,4,32.749069999999996,medium,743933057,aggregation,2017-09-24 07:23:29,127.076,15492391.25925926,49.33814814814815,76.04851851851852
AWS,r3.large,2.5,2,16.106099999999998,large,743932965,aggregation,2017-09-20 22:36:46,222.738,13715668.869565217,87.55021739130434,87.08608695652174
AWS,r4.xlarge,2.3,4,32.749069999999996,medium,0,scan,2017-09-21 21:51:38,30.917,5362059.0,17.07625,31.37375
AWS,r4.2xlarge,2.3,8,65.49813999999999,large,200168800,als,2017-09-20 22:55:09,219.573,16421208.533333333,26.113999999999997,25.84511111111111
AWS,m3.2xlarge,2.6,8,32.212199999999996,small,3200000000,terasort,2017-09-24 07:15:11,91.711,16381180.210526315,53.04157894736843,58.985263157894735
AWS,r3.2xlarge,2.5,8,65.49813999999999,medium,743933396,aggregation,2017-09-20 22:05:44,299.927,24299231.2,38.6205,19.69133333333333
AWS,c4.large,2.9,2,4.0265249999999995,large,743941688,aggregation,2017-09-21 00:00:19,224.838,3641960.595744681,94.47744680851065,82.17063829787234
AWS,c4.xlarge,2.9,4,8.053049999999999,small,3777029616,join,2017-09-21 03:21:21,142.149,5968066.714285715,77.91714285714285,56.04464285714287
AWS,m3.2xlarge,2.6,8,32.212199999999996,large,395478955,pagerank,2017-09-24 02:51:13,162.591,16736969.212121213,54.193333333333335,78.15181818181817
AWS,c3.large,2.8,2,4.0265249999999995,small,375779530,bayes,2017-09-19 18:37:47,306.329,3556954.426229508,92.27262295081965,52.03147540983607
AWS,m4.2xlarge,2.4,8,34.35968,medium,940817222,bayes,2017-09-20 16:03:45,198.18,8558974.341463415,25.97658536585366,19.698780487804875
AWS,c3.large,2.8,2,4.0265249999999995,large,395478955,pagerank,2017-09-21 03:59:09,1042.62,3687214.419047619,95.65128571428572,75.56457142857144
AWS,m3.large,2.6,2,7.516179999999999,medium,743932928,aggregation,2017-09-25 03:02:02,237.881,6680112.1632653065,87.21367346938776,86.25734693877553
AWS,r4.xlarge,2.3,4,32.749069999999996,medium,1209030600,lr,2017-09-20 21:52:56,435.836,7747986.857142857,24.675054945054942,17.19208791208791
AWS,r4.xlarge,2.3,4,32.749069999999996,large,1612040600,lr,2017-09-24 07:05:51,126.812,10999364.307692308,35.02961538461538,57.14923076923076
AWS,c4.large,2.9,2,4.0265249999999995,medium,940817222,bayes,2017-09-20 15:37:45,648.825,3685269.292307692,95.60100000000001,66.71723076923078
AWS,m4.2xlarge,2.4,8,34.35968,medium,1209030600,lr,2017-09-20 20:09:17,358.547,11557275.771428572,35.07685714285714,10.681000000000001
AWS,c4.xlarge,2.9,4,8.053049999999999,large,13139622681,sort,2017-09-26 20:32:02,385.616,7465935.794871795,97.47269230769231,32.05551282051282
AWS,r3.xlarge,2.5,4,32.749069999999996,large,1612040600,lr,2017-09-24 07:18:05,149.476,11104854.709677419,35.34903225806451,57.01903225806451
AWS,m3.2xlarge,2.6,8,32.212199999999996,small,806020600,lr,2017-09-20 19:27:04,134.336,9469738.857142856,30.663214285714282,26.697499999999998
AWS,c3.xlarge,2.8,4,7.516179999999999,large,4019032802,scan,2017-09-24 13:45:18,172.637,7204746.222222222,94.06333333333333,78.32138888888889
AWS,m4.2xlarge,2.4,8,34.35968,medium,0,scan,2017-09-21 20:33:05,33.325,5772115.0,17.518749999999997,17.113750000000003
AWS,m3.large,2.6,2,7.516179999999999,medium,743932928,aggregation,2017-09-20 21:55:11,495.449,7081829.644859813,92.45850467289719,36.53813084112149
AWS,m3.xlarge,2.6,4,16.106099999999998,medium,1209030600,lr,2017-09-20 19:35:23,172.717,8631231.42857143,56.043714285714294,42.51571428571428
AWS,m3.xlarge,2.6,4,16.106099999999998,small,3284898033,sort,2017-09-22 03:24:13,83.593,10727260.222222222,69.65388888888889,57.17888888888889
AWS,r4.large,2.3,2,16.374534999999998,medium,940817222,bayes,2017-09-20 18:29:37,169.443,8087251.657142857,51.64571428571429,87.34514285714285
AWS,r4.xlarge,2.3,4,32.749069999999996,medium,6400000000,terasort,2017-09-22 18:22:45,1123.244,25758118.654545456,82.03290909090909,14.130454545454544
AWS,c4.2xlarge,2.9,8,16.106099999999998,large,13139639564,sort,2017-09-22 00:48:03,415.078,13873996.57142857,90.08500000000001,15.424166666666663
AWS,m3.large,2.6,2,7.516179999999999,large,200168800,als,2017-09-25 02:22:13,276.094,6574905.5,85.84017857142858,91.74303571428571
AWS,r3.large,2.5,2,16.106099999999998,medium,743932928,aggregation,2017-09-20 22:23:26,223.344,13528426.212765958,86.35468085106382,86.57170212765958
AWS,r3.large,2.5,2,16.106099999999998,small,806020600,lr,2017-09-20 19:46:00,181.996,6207969.894736842,39.62684210526315,67.99657894736843
AWS,r3.xlarge,2.5,4,32.749069999999996,large,13139641527,wordcount,2017-09-24 06:44:43,151.431,23138938.19354839,73.65387096774192,84.97129032258064
AWS,c4.large,2.9,2,4.0265249999999995,medium,259947887,pagerank,2017-09-21 02:43:02,752.756,3592032.552631579,93.18282894736842,64.82809210526315
AWS,r4.2xlarge,2.3,8,65.49813999999999,large,13139688966,sort,2017-09-22 05:45:42,2087.952,40998194.73933649,65.19883886255924,3.1847156398104266
AWS,m4.2xlarge,2.4,8,34.35968,large,13139653241,sort,2017-09-22 05:38:54,330.12,24978123.164179105,75.81074626865671,25.2655223880597
AWS,r4.large,2.3,2,16.374534999999998,medium,1209030600,lr,2017-09-25 00:07:42,175.034,7789870.333333333,49.746944444444445,89.35916666666668
AWS,c4.large,2.9,2,4.0265249999999995,large,3820993928,join,2017-09-21 05:32:31,185.676,3492839.6756756757,90.60972972972972,80.2310810810811
AWS,r3.2xlarge,2.5,8,65.49813999999999,medium,940817222,bayes,2017-09-24 00:54:41,137.701,13384109.57142857,21.271785714285716,33.06357142857142
AWS,c4.2xlarge,2.9,8,16.106099999999998,large,13139675456,wordcount,2017-09-26 20:34:07,123.16,15107398.4,98.09360000000001,37.254799999999996
AWS,c4.large,2.9,2,4.0265249999999995,large,9600000000,terasort,2017-09-22 19:54:24,581.086,3707489.5042735045,96.1776923076923,57.43461538461539
AWS,c4.large,2.9,2,4.0265249999999995,large,4019032802,scan,2017-09-21 11:01:44,244.239,3588351.137254902,93.08686274509805,80.58078431372549
AWS,c3.large,2.8,2,4.0265249999999995,medium,259947887,pagerank,2017-09-21 02:59:31,761.819,3528848.1818181816,91.54318181818182,71.94292207792208
AWS,m4.xlarge,2.4,4,17.17984,small,3284921354,sort,2017-09-22 04:43:13,679.136,15218546.028985508,92.60898550724639,6.302536231884058
AWS,m3.large,2.6,2,7.516179999999999,small,3284931666,wordcount,2017-09-25 00:59:33,93.974,7022418.8,91.68200000000002,84.4825
AWS,m3.2xlarge,2.6,8,32.212199999999996,small,72101800,als,2017-09-20 20:11:09,154.294,10663226.5,34.5265625,20.9771875
AWS,r4.xlarge,2.3,4,32.749069999999996,medium,940817222,bayes,2017-09-20 18:33:47,161.935,9982758.666666666,31.79242424242424,50.81212121212121
AWS,c4.xlarge,2.9,4,8.053049999999999,medium,743932936,aggregation,2017-09-20 21:28:48,127.127,5913449.185185186,77.20481481481482,65.94333333333333
AWS,m4.large,2.4,2,8.58992,large,13139675643,sort,2017-09-22 07:43:21,642.294,7623557.661538461,93.24761538461537,43.439538461538454
AWS,c4.xlarge,2.9,4,8.053049999999999,large,1612040600,lr,2017-09-20 19:38:11,233.83,7025860.680851064,91.72680851063828,32.13148936170212
AWS,r4.large,2.3,2,16.374534999999998,small,125209992,pagerank,2017-09-21 04:47:02,258.93,5715960.0784313725,36.50274509803922,54.933137254901965
AWS,m3.large,2.6,2,7.516179999999999,small,125209992,pagerank,2017-09-21 02:42:40,248.407,5054851.76,65.9954,57.840999999999994
AWS,m3.xlarge,2.6,4,16.106099999999998,medium,6569849326,wordcount,2017-09-24 09:20:15,88.957,13581893.894736841,88.19,78.81157894736843
AWS,r4.2xlarge,2.3,8,65.49813999999999,small,3200000000,terasort,2017-09-24 07:47:13,76.779,18034118.0,28.679375,58.605625
AWS,c4.xlarge,2.9,4,8.053049999999999,small,125209992,pagerank,2017-09-21 02:07:22,93.256,5953226.105263158,77.72368421052632,72.34894736842105
AWS,m3.large,2.6,2,7.516179999999999,large,200168800,als,2017-09-20 20:59:33,383.65,6184063.384615385,80.7373076923077,61.27525641025641
AWS,r4.large,2.3,2,16.374534999999998,medium,743932928,aggregation,2017-09-25 01:22:07,224.477,10964279.40425532,70.01872340425533,86.70000000000002
AWS,c3.large,2.8,2,4.0265249999999995,large,13139679554,wordcount,2017-09-19 22:45:52,404.351,3725518.048780488,96.64512195121952,57.064634146341454
AWS,m4.2xlarge,2.4,8,34.35968,medium,259947887,pagerank,2017-09-24 03:38:07,103.805,14429846.285714285,43.79571428571428,73.17
AWS,r3.large,2.5,2,16.106099999999998,small,743933336,aggregation,2017-09-25 00:10:26,228.78,10395669.083333334,66.3575,87.00645833333333
AWS,m4.large,2.4,2,8.58992,medium,1209030600,lr,2017-09-25 01:23:22,172.074,7245786.057142857,88.62628571428571,89.12028571428571
AWS,r4.large,2.3,2,16.374534999999998,medium,3799320693,join,2017-09-25 04:51:21,208.402,10535137.047619049,67.27785714285714,86.91904761904763
AWS,c4.2xlarge,2.9,8,16.106099999999998,large,743933044,aggregation,2017-09-24 03:21:30,86.374,10041476.888888888,65.20055555555557,54.657222222222224
AWS,c3.xlarge,2.8,4,7.516179999999999,large,1612040600,lr,2017-09-20 19:34:48,260.576,6627206.666666667,86.52235294117648,36.04196078431372
AWS,c3.xlarge,2.8,4,7.516179999999999,small,3200000000,terasort,2017-09-24 16:13:43,173.956,6348923.666666667,82.88944444444445,52.27194444444444
AWS,r4.2xlarge,2.3,8,65.49813999999999,medium,3799320693,join,2017-09-21 06:25:17,102.636,20846309.0,33.15149999999999,52.48749999999999
AWS,c3.xlarge,2.8,4,7.516179999999999,large,395478955,pagerank,2017-09-24 12:55:57,376.54,6814313.35064935,88.96597402597402,87.86818181818182
AWS,c4.2xlarge,2.9,8,16.106099999999998,small,3284906959,wordcount,2017-09-20 16:11:28,140.307,12280733.655172413,79.74034482758621,13.432758620689654
AWS,m4.xlarge,2.4,4,17.17984,medium,6400000000,terasort,2017-09-24 18:23:50,272.672,13242405.785714285,80.58339285714285,58.90696428571429
AWS,r3.xlarge,2.5,4,32.749069999999996,medium,6400000000,terasort,2017-09-24 13:09:28,250.632,20809342.274509802,66.23803921568629,65.18411764705883
AWS,m4.large,2.4,2,8.58992,medium,1209030600,lr,2017-09-20 20:12:16,307.962,6877186.793650794,84.11809523809522,48.922698412698416
AWS,c3.xlarge,2.8,4,7.516179999999999,medium,0,scan,2017-09-21 09:18:21,108.799,5389497.043478261,70.36391304347829,10.466521739130437
AWS,m4.xlarge,2.4,4,17.17984,medium,940817222,bayes,2017-09-24 07:00:55,170.853,8277421.142857143,50.37171428571428,45.12314285714286
AWS,r3.2xlarge,2.5,8,65.49813999999999,small,3284928419,sort,2017-09-26 18:28:19,56.656,13393912.333333334,21.289166666666667,47.54583333333333
AWS,c4.2xlarge,2.9,8,16.106099999999998,small,3200000000,terasort,2017-09-22 17:06:19,104.774,12531383.090909092,81.36727272727272,48.92545454545454
AWS,r3.large,2.5,2,16.106099999999998,medium,128134600,als,2017-09-20 21:07:02,203.374,11280526.095238095,72.0054761904762,78.15523809523809
AWS,r3.2xlarge,2.5,8,65.49813999999999,large,1612040600,lr,2017-09-20 20:59:57,318.066,15258894.903225806,24.252741935483872,15.360645161290323
AWS,c3.xlarge,2.8,4,7.516179999999999,medium,6569817775,sort,2017-09-21 23:15:43,242.535,6759317.04,88.2476,34.129
AWS,c3.2xlarge,2.8,8,16.106099999999998,medium,0,scan,2017-09-21 07:55:43,32.496,5313061.0,34.49875,17.107499999999998
AWS,m4.xlarge,2.4,4,17.17984,medium,6569853400,wordcount,2017-09-24 08:58:55,87.433,14431203.555555556,87.81666666666668,77.31888888888889
AWS,r3.2xlarge,2.5,8,65.49813999999999,small,72101800,als,2017-09-20 21:03:06,59.227,12232301.538461538,19.443076923076923,50.722307692307695
AWS,m4.xlarge,2.4,4,17.17984,medium,259947887,pagerank,2017-09-21 03:59:45,309.779,8648063.728813559,52.625423728813566,45.99389830508475
AWS,c4.large,2.9,2,4.0265249999999995,small,3284918336,sort,2017-09-22 02:12:39,157.272,3721863.5,96.5515625,48.557812500000004
AWS,c3.2xlarge,2.8,8,16.106099999999998,small,72101800,als,2017-09-20 19:48:04,192.61,8605320.864864865,55.87513513513514,17.58297297297297
AWS,c4.xlarge,2.9,4,8.053049999999999,large,9600000000,terasort,2017-09-27 02:41:00,432.527,7486000.592592592,97.73432098765433,50.57246913580248
AWS,r4.2xlarge,2.3,8,65.49813999999999,large,395478955,pagerank,2017-09-24 03:11:56,142.169,22228968.0,35.35103448275862,77.44172413793105
AWS,c3.xlarge,2.8,4,7.516179999999999,small,375779530,bayes,2017-09-20 14:29:53,100.039,4691035.0,61.24416666666667,38.52458333333333
AWS,m4.2xlarge,2.4,8,34.35968,medium,940817222,bayes,2017-09-20 16:08:13,162.906,9874977.93939394,29.97121212121212,24.597878787878784
AWS,c4.xlarge,2.9,4,8.053049999999999,small,3777029616,join,2017-09-21 03:17:24,137.206,6514690.962962963,85.05333333333334,57.35999999999999
AWS,m3.2xlarge,2.6,8,32.212199999999996,large,395478955,pagerank,2017-09-24 02:54:36,161.806,16935827.393939395,54.83757575757576,77.6081818181818
AWS,c3.large,2.8,2,4.0265249999999995,large,200168800,als,2017-09-20 22:31:46,564.973,3633234.6548672565,94.25150442477874,55.17061946902654
AWS,c4.xlarge,2.9,4,8.053049999999999,medium,6569819952,wordcount,2017-09-20 17:09:32,100.912,7456358.476190476,97.34809523809524,53.73809523809524
AWS,c3.large,2.8,2,4.0265249999999995,large,395478955,pagerank,2017-09-21 03:40:04,1096.965,3675208.709090909,95.34036363636365,73.22895454545456
AWS,m3.2xlarge,2.6,8,32.212199999999996,small,806020600,lr,2017-09-20 19:23:11,162.751,8582306.424242424,27.79,21.932424242424243
AWS,m4.xlarge,2.4,4,17.17984,large,4019032802,scan,2017-09-24 13:50:10,627.412,13963674.0,84.97234375,15.16046875
AWS,r3.2xlarge,2.5,8,65.49813999999999,large,13139659718,sort,2017-09-24 08:39:46,202.016,47359852.666666664,75.27500000000002,47.96928571428571
AWS,r3.xlarge,2.5,4,32.749069999999996,large,1612040600,lr,2017-09-24 07:14:52,140.886,10898253.793103449,34.68931034482758,57.30344827586207
AWS,c4.xlarge,2.9,4,8.053049999999999,large,13139642947,sort,2017-09-26 17:15:33,394.961,7141041.3,93.23162499999998,29.37525
AWS,r4.xlarge,2.3,4,32.749069999999996,medium,1209030600,lr,2017-09-20 21:57:44,189.348,9999880.923076924,31.84666666666666,35.315897435897426
AWS,m3.2xlarge,2.6,8,32.212199999999996,medium,0,scan,2017-09-21 15:00:38,69.298,4766324.266666667,15.434,9.366000000000001
AWS,m3.large,2.6,2,7.516179999999999,medium,743932928,aggregation,2017-09-25 02:57:20,235.394,6667504.244897959,87.04897959183673,86.1534693877551
AWS,m4.2xlarge,2.4,8,34.35968,medium,1209030600,lr,2017-09-20 20:01:41,342.166,10638663.692307692,32.28846153846154,11.267384615384616
AWS,r4.xlarge,2.3,4,32.749069999999996,large,1612040600,lr,2017-09-24 07:03:05,125.137,10600421.692307692,33.75884615384616,55.56653846153846
AWS,r3.xlarge,2.5,4,32.749069999999996,large,1881786739,bayes,2017-09-24 04:49:41,162.728,14065501.212121213,44.77090909090909,83.10878787878788
AWS,m4.large,2.4,2,8.58992,large,3820993928,join,2017-09-21 06:14:41,252.464,7424595.68627451,90.81392156862745,68.8421568627451
AWS,c4.2xlarge,2.9,8,16.106099999999998,large,1881786739,bayes,2017-09-24 01:44:21,92.206,11414098.94736842,74.11368421052632,67.35263157894737
AWS,r3.xlarge,2.5,4,32.749069999999996,medium,1209030600,lr,2017-09-24 06:58:26,118.985,9430904.8,30.0196,53.7308
AWS,r3.2xlarge,2.5,8,65.49813999999999,medium,259947887,pagerank,2017-09-24 04:17:25,96.261,16499938.6,26.226,71.748
AWS,r4.2xlarge,2.3,8,65.49813999999999,small,3777029616,join,2017-09-21 06:16:10,316.404,19976882.426229507,31.769180327868852,16.691803278688525
AWS,m3.2xlarge,2.6,8,32.212199999999996,medium,259947887,pagerank,2017-09-24 02:38:48,110.112,13921336.173913043,45.076521739130435,74.5182608695652
AWS,r4.2xlarge,2.3,8,65.49813999999999,large,200168800,als,2017-09-20 23:00:46,237.317,16594267.288888888,26.389777777777777,25.890666666666664
AWS,r4.2xlarge,2.3,8,65.49813999999999,large,13139638060,sort,2017-09-24 06:33:51,173.764,48117234.222222224,76.52111111111111,51.83861111111111
AWS,r4.xlarge,2.3,4,32.749069999999996,medium,0,scan,2017-09-21 21:49:26,30.888,5162351.5,16.43875,32.16375
AWS,m3.2xlarge,2.6,8,32.212199999999996,small,3200000000,terasort,2017-09-24 07:13:01,89.849,16079615.157894736,52.06526315789474,59.81157894736844
AWS,r4.xlarge,2.3,4,32.749069999999996,medium,743933057,aggregation,2017-09-24 07:20:40,124.573,14875968.307692308,47.37653846153846,76.35423076923077
AWS,m4.large,2.4,2,8.58992,large,395478955,pagerank,2017-09-21 04:40:17,575.778,7429292.947368421,90.87149122807018,90.04184210526313
AWS,c4.xlarge,2.9,4,8.053049999999999,small,375779530,bayes,2017-09-20 15:18:44,67.976,5177334.285714285,67.59214285714286,54.965714285714284
AWS,c4.2xlarge,2.9,8,16.106099999999998,medium,0,scan,2017-09-21 07:57:38,30.542,5179446.857142857,33.63,16.558571428571426
AWS,r4.large,2.3,2,16.374534999999998,small,743933336,aggregation,2017-09-20 23:36:28,210.711,14489948.363636363,92.5343181818182,86.09727272727274
AWS,m3.large,2.6,2,7.516179999999999,small,806020600,lr,2017-09-20 19:14:27,237.932,5215475.428571428,68.09183673469387,51.962244897959174
AWS,r4.2xlarge,2.3,8,65.49813999999999,small,806020600,lr,2017-09-20 21:30:23,127.221,9705311.538461538,15.434230769230773,28.422307692307694
AWS,r3.2xlarge,2.5,8,65.49813999999999,small,743933431,aggregation,2017-09-24 02:55:08,97.664,19793421.523809522,31.46047619047619,58.19285714285714
AWS,r3.xlarge,2.5,4,32.749069999999996,medium,0,scan,2017-09-21 21:45:08,32.801,4861945.5,15.477500000000001,33.28125
AWS,m4.large,2.4,2,8.58992,large,743932965,aggregation,2017-09-20 23:01:09,222.003,7104614.173913044,86.90000000000002,82.86152173913045
AWS,c3.xlarge,2.8,4,7.516179999999999,medium,259947887,pagerank,2017-09-21 02:26:13,223.81,6367686.695652174,83.13434782608695,73.92152173913043
AWS,m4.large,2.4,2,8.58992,small,0,scan,2017-09-21 22:13:13,38.975,4210701.777777778,51.50222222222222,55.37444444444445
AWS,m3.xlarge,2.6,4,16.106099999999998,medium,6400000000,terasort,2017-09-22 18:07:31,305.109,12169541.161290323,79.0182258064516,57.45354838709678
AWS,m4.xlarge,2.4,4,17.17984,small,375779530,bayes,2017-09-20 15:51:42,125.871,6602326.08,40.176,34.2816
AWS,m3.2xlarge,2.6,8,32.212199999999996,medium,6400000000,terasort,2017-09-26 20:24:39,159.576,23974361.333333332,77.62787878787879,60.759393939393945
AWS,m3.xlarge,2.6,4,16.106099999999998,small,3284936091,wordcount,2017-09-20 16:40:46,192.372,11058983.794871794,71.80692307692306,21.983846153846148
AWS,r3.large,2.5,2,16.106099999999998,large,3820993928,join,2017-09-21 06:31:42,298.053,12312005.666666666,78.59083333333334,63.294833333333344
AWS,r3.2xlarge,2.5,8,65.49813999999999,medium,940817222,bayes,2017-09-20 16:26:02,239.11,11330096.6,18.008000000000003,19.055500000000002
AWS,c3.xlarge,2.8,4,7.516179999999999,medium,3799320693,join,2017-09-21 03:44:33,135.273,6239396.148148148,81.45925925925927,72.04333333333332
AWS,r4.2xlarge,2.3,8,65.49813999999999,medium,6569830487,wordcount,2017-09-24 01:28:30,91.352,18294425.4,29.09250000000001,38.3975
AWS,r4.2xlarge,2.3,8,65.49813999999999,large,13139652980,wordcount,2017-09-20 19:59:28,482.579,27608806.43478261,43.906304347826094,13.364239130434783
AWS,r3.xlarge,2.5,4,32.749069999999996,medium,3799320693,join,2017-09-21 05:21:56,139.974,15780377.285714285,50.229285714285716,72.72071428571428
AWS,r4.xlarge,2.3,4,32.749069999999996,medium,259947887,pagerank,2017-09-24 07:56:57,147.043,12643394.133333333,40.26566666666667,85.31433333333332
AWS,c3.xlarge,2.8,4,7.516179999999999,medium,6569838504,wordcount,2017-09-20 16:30:08,274.953,6759417.214285715,88.2494642857143,21.65125
AWS,c3.large,2.8,2,4.0265249999999995,large,743941688,aggregation,2017-09-21 00:06:47,275.247,3667575.01754386,95.14192982456139,83.5022807017544
AWS,r4.xlarge,2.3,4,32.749069999999996,small,375779530,bayes,2017-09-20 18:19:54,73.49,7736561.0,24.63875,62.545625
AWS,c3.xlarge,2.8,4,7.516179999999999,large,3820993928,join,2017-09-24 13:26:23,133.663,7173509.481481481,93.6551851851852,71.74296296296296
AWS,r3.large,2.5,2,16.106099999999998,small,0,scan,2017-09-21 22:42:39,40.129,3740398.8,23.875,61.023
AWS,r4.2xlarge,2.3,8,65.49813999999999,medium,3284928650,sort,2017-09-22 04:50:15,213.329,11677326.19047619,18.570238095238093,12.704761904761906
AWS,m3.large,2.6,2,7.516179999999999,large,4019032802,scan,2017-09-25 05:30:56,304.782,6992743.428571428,91.29523809523809,86.08619047619047
AWS,r3.large,2.5,2,16.106099999999998,small,72101800,als,2017-09-20 20:43:38,142.206,9303872.533333333,59.389,75.122
AWS,m4.2xlarge,2.4,8,34.35968,small,3284922651,wordcount,2017-09-24 01:12:34,180.95,11820043.888888888,35.87555555555556,11.129444444444447
AWS,m3.2xlarge,2.6,8,32.212199999999996,medium,128134600,als,2017-09-20 20:26:13,159.374,13239759.878787879,42.86969696969697,28.66151515151515
AWS,m4.2xlarge,2.4,8,34.35968,small,806020600,lr,2017-09-20 19:46:05,150.584,9226366.307692308,28.00269230769231,22.11884615384615
AWS,r4.xlarge,2.3,4,32.749069999999996,large,9600000000,terasort,2017-09-22 18:39:31,390.872,24157584.75949367,76.93569620253164,64.4953164556962
AWS,r4.xlarge,2.3,4,32.749069999999996,small,125209992,pagerank,2017-09-21 05:10:40,107.865,8564416.181818182,27.275454545454547,61.2640909090909
AWS,c4.2xlarge,2.9,8,16.106099999999998,small,125209992,pagerank,2017-09-21 02:24:31,174.903,10073382.857142856,65.40714285714286,22.685714285714283
AWS,c4.large,2.9,2,4.0265249999999995,large,200168800,als,2017-09-20 22:44:56,535.474,3572442.296296296,92.67379629629629,50.422222222222224
AWS,r4.large,2.3,2,16.374534999999998,large,1881786739,bayes,2017-09-20 18:54:44,325.128,10461984.909090908,66.8119696969697,87.49439393939394
AWS,r3.large,2.5,2,16.106099999999998,large,13139667798,wordcount,2017-09-24 23:44:14,361.155,15277832.383561645,97.52191780821917,59.66232876712328
AWS,c4.xlarge,2.9,4,8.053049999999999,small,3284919652,wordcount,2017-09-20 17:04:40,271.704,6324052.148148148,82.56388888888887,12.923888888888891
AWS,c3.large,2.8,2,4.0265249999999995,medium,6569816257,sort,2017-09-21 22:58:23,302.923,3627289.0967741935,94.09693548387098,52.256935483870976
AWS,r3.large,2.5,2,16.106099999999998,medium,3799320693,join,2017-09-21 06:07:24,330.964,12071073.292307692,77.05153846153847,58.331384615384614
AWS,r3.2xlarge,2.5,8,65.49813999999999,small,3777029616,join,2017-09-24 04:46:16,95.73,18998739.57894737,30.196842105263165,56.62105263157895
AWS,m3.xlarge,2.6,4,16.106099999999998,large,4019032802,scan,2017-09-24 13:14:31,172.808,12228555.888888888,79.40194444444444,79.75527777777776
AWS,r4.xlarge,2.3,4,32.749069999999996,small,3777029616,join,2017-09-21 06:15:51,227.107,14914469.767441861,47.49837209302325,39.765116279069765
AWS,c3.xlarge,2.8,4,7.516179999999999,small,3777029616,join,2017-09-21 03:28:19,350.018,5686813.623188406,74.24521739130435,28.089999999999996
AWS,m4.large,2.4,2,8.58992,large,9600000000,terasort,2017-09-22 20:31:19,688.836,7620155.1654676255,93.20618705035972,56.53194244604317
AWS,m4.2xlarge,2.4,8,34.35968,small,3284938279,sort,2017-09-24 07:05:16,70.571,16334740.0,49.57666666666667,39.297999999999995
AWS,m4.2xlarge,2.4,8,34.35968,large,200168800,als,2017-09-24 02:06:35,87.919,12258936.444444444,37.20777777777778,64.78333333333333
AWS,c3.2xlarge,2.8,8,16.106099999999998,large,4019032802,scan,2017-09-21 08:21:40,113.574,12244617.833333334,79.50583333333333,59.47333333333333
AWS,c3.2xlarge,2.8,8,16.106099999999998,large,1612040600,lr,2017-09-20 19:22:57,194.189,12956994.8,84.13175,22.80525
AWS,m4.2xlarge,2.4,8,34.35968,small,0,scan,2017-09-21 20:23:57,31.171,4976315.0,15.103749999999998,18.494999999999997
AWS,c4.2xlarge,2.9,8,16.106099999999998,small,0,scan,2017-09-21 07:55:20,41.775,4698193.6,30.505999999999993,12.889000000000001
AWS,r4.large,2.3,2,16.374534999999998,small,3200000000,terasort,2017-09-22 18:57:25,185.736,11227088.52631579,71.6978947368421,73.9978947368421
AWS,c3.large,2.8,2,4.0265249999999995,small,0,scan,2017-09-21 10:24:39,39.828,3116592.888888889,80.8488888888889,55.80777777777777
AWS,m3.2xlarge,2.6,8,32.212199999999996,medium,1209030600,lr,2017-09-20 19:44:23,236.841,11990556.166666666,38.82458333333333,16.6725
AWS,c3.large,2.8,2,4.0265249999999995,medium,940817222,bayes,2017-09-19 19:29:50,512.787,3663495.4563106797,95.03582524271843,82.22563106796117
AWS,m4.large,2.4,2,8.58992,medium,6569820135,sort,2017-09-22 06:59:33,326.829,7858110.985074627,96.11671641791045,43.90985074626866
AWS,m3.large,2.6,2,7.516179999999999,large,743932965,aggregation,2017-09-20 22:31:22,235.328,6663848.897959184,87.00102040816327,85.46142857142857
AWS,c4.large,2.9,2,4.0265249999999995,small,375779530,bayes,2017-09-20 15:21:32,267.213,3460667.245283019,89.7747169811321,54.67226415094339
AWS,m3.2xlarge,2.6,8,32.212199999999996,small,3284926658,sort,2017-09-24 06:06:58,73.355,15067185.866666667,48.788000000000004,44.50133333333334
AWS,r4.2xlarge,2.3,8,65.49813999999999,small,3777029616,join,2017-09-24 03:26:00,89.417,19461586.666666668,30.947777777777773,55.32777777777777
AWS,r4.2xlarge,2.3,8,65.49813999999999,medium,259947887,pagerank,2017-09-24 02:56:01,93.049,16369538.52631579,26.031578947368423,70.71947368421051
AWS,c3.2xlarge,2.8,8,16.106099999999998,large,1881786739,bayes,2017-09-20 14:53:27,136.754,11471699.714285715,74.48642857142856,66.96785714285714
AWS,m4.xlarge,2.4,4,17.17984,small,806020600,lr,2017-09-20 19:39:07,116.242,7206179.652173913,43.85217391304348,43.93304347826087
AWS,r3.2xlarge,2.5,8,65.49813999999999,small,0,scan,2017-09-21 20:38:14,34.167,5620871.0,8.93375,17.384999999999998
AWS,m3.xlarge,2.6,4,16.106099999999998,small,125209992,pagerank,2017-09-21 02:28:20,169.182,7985978.057142857,51.855142857142866,44.833999999999996
AWS,r3.large,2.5,2,16.106099999999998,small,3200000000,terasort,2017-09-25 05:43:35,201.147,11652912.68292683,74.38219512195123,75.38609756097561
AWS,c4.large,2.9,2,4.0265249999999995,medium,6569836163,wordcount,2017-09-20 18:23:17,167.067,3622927.757575758,93.98424242424242,70.97575757575758
AWS,m4.xlarge,2.4,4,17.17984,medium,0,scan,2017-09-21 20:25:55,29.944,5040127.428571428,30.669999999999998,33.49857142857143
AWS,r3.2xlarge,2.5,8,65.49813999999999,large,395478955,pagerank,2017-09-24 04:28:24,151.197,22021873.677419353,35.001935483870966,77.14483870967743
AWS,c3.2xlarge,2.8,8,16.106099999999998,medium,6569841921,wordcount,2017-09-20 15:44:37,206.95,12690588.38095238,82.40214285714285,16.04714285714286
AWS,c4.large,2.9,2,4.0265249999999995,large,395478955,pagerank,2017-09-21 03:43:01,791.575,3652327.325,94.74637500000001,89.37375
AWS,r3.large,2.5,2,16.106099999999998,medium,6569830995,wordcount,2017-09-20 17:49:40,160.611,14262681.090909092,91.04181818181819,86.59636363636363
AWS,m3.xlarge,2.6,4,16.106099999999998,small,72101800,als,2017-09-24 10:17:31,79.007,6362222.588235294,41.309411764705885,67.10647058823531
AWS,m3.2xlarge,2.6,8,32.212199999999996,small,3284914167,wordcount,2017-09-20 16:50:34,86.319,15923474.222222222,51.56055555555555,28.612777777777783
AWS,m4.large,2.4,2,8.58992,small,72101800,als,2017-09-20 20:39:22,131.769,6811782.222222222,83.31814814814815,75.06851851851852
AWS,r3.large,2.5,2,16.106099999999998,small,3284922529,sort,2017-09-22 06:22:54,130.944,10554570.370370371,67.37185185185186,65.01518518518517
AWS,c4.2xlarge,2.9,8,16.106099999999998,medium,259947887,pagerank,2017-09-24 03:46:35,101.938,10385331.42857143,67.43190476190478,73.20904761904761
AWS,r4.2xlarge,2.3,8,65.49813999999999,small,743933406,aggregation,2017-09-24 02:08:03,88.424,20807906.315789472,33.09,57.99210526315789
AWS,c4.xlarge,2.9,4,8.053049999999999,medium,1209030600,lr,2017-09-24 09:30:12,121.217,6732436.0,87.8968,47.6412
AWS,r4.large,2.3,2,16.374534999999998,large,1612040600,lr,2017-09-20 22:27:34,325.263,9861241.75,62.9746875,56.230624999999996
AWS,r3.xlarge,2.5,4,32.749069999999996,medium,6569830536,wordcount,2017-09-24 06:34:49,89.3,15940555.789473685,50.740526315789474,77.80947368421053
AWS,c3.xlarge,2.8,4,7.516179999999999,large,200168800,als,2017-09-20 20:22:18,379.907,6397113.369863014,83.51780821917808,36.19972602739726
AWS,r4.2xlarge,2.3,8,65.49813999999999,large,4019032802,scan,2017-09-21 21:20:08,305.21,28553752.875,45.40796875,19.665312500000002
AWS,c3.2xlarge,2.8,8,16.106099999999998,medium,1209030600,lr,2017-09-20 19:09:54,334.598,10462249.25,67.93234375,12.151093750000001
AWS,c4.xlarge,2.9,4,8.053049999999999,large,4019032802,scan,2017-09-21 08:43:49,141.362,7215914.266666667,94.20833333333333,72.464
AWS,m3.2xlarge,2.6,8,32.212199999999996,medium,940817222,bayes,2017-09-24 01:03:53,73.928,10289567.75,33.3175,59.888125
AWS,r3.2xlarge,2.5,8,65.49813999999999,large,395478955,pagerank,2017-09-21 04:58:27,299.172,19289191.92982456,30.659298245614035,44.27561403508772
AWS,r4.2xlarge,2.3,8,65.49813999999999,small,3284906323,wordcount,2017-09-24 01:21:51,44.529,13645003.6,21.7,47.783
AWS,c4.xlarge,2.9,4,8.053049999999999,medium,6569849487,sort,2017-09-22 01:41:10,206.058,6749483.428571428,88.11976190476192,34.6897619047619
AWS,m4.2xlarge,2.4,8,34.35968,large,9600000000,terasort,2017-09-22 18:04:31,328.788,24434355.701492537,74.15970149253731,49.45776119402985
AWS,r4.large,2.3,2,16.374534999999998,large,13139667667,wordcount,2017-09-26 20:43:17,277.607,15265619.01754386,97.48719298245615,91.14070175438596
AWS,m3.2xlarge,2.6,8,32.212199999999996,medium,6569844013,sort,2017-09-22 02:56:44,154.741,19343808.5,62.6353125,29.980625000000003
AWS,r3.xlarge,2.5,4,32.749069999999996,medium,743933087,aggregation,2017-09-24 07:31:06,137.941,15060827.72413793,47.94034482758621,76.60379310344827
AWS,m4.2xlarge,2.4,8,34.35968,small,743933480,aggregation,2017-09-24 02:20:15,88.381,15500540.631578946,47.04526315789474,57.36368421052632
AWS,r3.xlarge,2.5,4,32.749069999999996,small,125209992,pagerank,2017-09-21 04:14:22,211.505,7898347.333333333,25.140476190476193,36.639761904761905
AWS,r3.xlarge,2.5,4,32.749069999999996,medium,128134600,als,2017-09-20 20:46:38,122.749,12311205.76,39.187599999999996,65.0328
AWS,r3.large,2.5,2,16.106099999999998,small,125209992,pagerank,2017-09-21 04:16:28,225.28,5358820.608695652,34.20673913043478,61.478695652173926
AWS,c3.2xlarge,2.8,8,16.106099999999998,large,9600000000,terasort,2017-09-26 20:38:39,338.354,14912755.823529411,96.83029411764707,39.385294117647064
AWS,m4.2xlarge,2.4,8,34.35968,large,395478955,pagerank,2017-09-24 03:51:24,151.722,17896487.870967742,54.31774193548388,79.46903225806453
AWS,r4.xlarge,2.3,4,32.749069999999996,small,72101800,als,2017-09-20 22:17:35,73.366,10086136.8,32.12133333333333,67.00533333333333
AWS,r3.large,2.5,2,16.106099999999998,medium,0,scan,2017-09-21 22:49:57,38.555,4396644.888888889,28.06555555555555,59.00888888888888
AWS,r4.2xlarge,2.3,8,65.49813999999999,small,375779530,bayes,2017-09-20 18:27:02,182.934,8126758.666666667,12.922727272727274,15.148787878787878
AWS,m4.2xlarge,2.4,8,34.35968,small,72101800,als,2017-09-20 20:37:04,57.121,11859333.333333334,35.99333333333333,49.93333333333334
AWS,m3.large,2.6,2,7.516179999999999,small,3777029616,join,2017-09-21 04:02:56,218.745,6964259.090909091,90.92318181818183,82.80636363636364
AWS,m3.xlarge,2.6,4,16.106099999999998,large,9600000000,terasort,2017-09-22 18:43:42,467.958,13230219.789473685,85.90526315789475,54.14778947368421
AWS,c4.large,2.9,2,4.0265249999999995,large,13139653882,wordcount,2017-09-20 19:16:59,250.42,3665836.3921568627,95.09705882352941,82.14098039215688
AWS,r3.xlarge,2.5,4,32.749069999999996,large,200168800,als,2017-09-20 20:55:53,156.616,15126454.75,48.1490625,73.8915625
AWS,c3.xlarge,2.8,4,7.516179999999999,large,395478955,pagerank,2017-09-27 01:25:52,427.223,6933646.23255814,90.52267441860467,87.17197674418604
AWS,m4.2xlarge,2.4,8,34.35968,medium,940817222,bayes,2017-09-24 00:31:02,165.576,9187920.470588235,27.886176470588236,24.387941176470587
AWS,m3.large,2.6,2,7.516179999999999,small,3200000000,terasort,2017-09-22 19:01:09,212.042,7202391.090909091,94.03250000000001,77.01022727272726
AWS,c3.2xlarge,2.8,8,16.106099999999998,medium,6400000000,terasort,2017-09-24 06:45:07,235.225,12753214.75,82.80854166666667,44.685
AWS,m4.large,2.4,2,8.58992,small,375779530,bayes,2017-09-20 15:57:06,138.834,5231231.714285715,63.986071428571414,55.930714285714295
AWS,r3.large,2.5,2,16.106099999999998,medium,259947887,pagerank,2017-09-21 04:40:33,356.22,7691284.611111111,49.09513888888889,71.21097222222221
AWS,c3.xlarge,2.8,4,7.516179999999999,large,13139634783,wordcount,2017-09-20 17:35:20,398.062,6948071.604938271,90.71185185185185,25.39666666666667
AWS,m4.large,2.4,2,8.58992,large,1612040600,lr,2017-09-20 20:25:25,251.349,7490892.549019608,91.62470588235296,71.28960784313726
AWS,r3.2xlarge,2.5,8,65.49813999999999,medium,743933029,aggregation,2017-09-24 03:07:14,100.814,19830783.272727273,31.519545454545458,57.291818181818186
AWS,m4.2xlarge,2.4,8,34.35968,medium,259947887,pagerank,2017-09-21 04:17:28,311.152,11768630.42857143,35.71928571428572,25.878214285714282
AWS,r3.2xlarge,2.5,8,65.49813999999999,large,1881786739,bayes,2017-09-20 16:47:24,254.34,16225775.673469387,25.78938775510204,30.825102040816322
AWS,r4.xlarge,2.3,4,32.749069999999996,large,395478955,pagerank,2017-09-24 08:11:34,216.427,14960082.727272727,47.643636363636354,88.74204545454546
AWS,r3.xlarge,2.5,4,32.749069999999996,small,0,scan,2017-09-21 21:42:45,33.373,4762162.5,15.157499999999999,32.46125000000001
AWS,m4.xlarge,2.4,4,17.17984,medium,1209030600,lr,2017-09-20 19:44:11,166.742,9198496.94117647,55.97558823529412,38.29852941176471
AWS,c3.2xlarge,2.8,8,16.106099999999998,large,9600000000,terasort,2017-09-24 07:03:39,358.494,13663209.150684932,88.71671232876712,41.43191780821918
AWS,m4.xlarge,2.4,4,17.17984,large,4019032802,scan,2017-09-21 20:45:13,549.524,14456588.033613445,87.97260504201681,16.8781512605042
AWS,r4.large,2.3,2,16.374534999999998,large,200168800,als,2017-09-20 23:07:58,430.926,10969607.441860465,70.05255813953485,52.38197674418604
AWS,m4.xlarge,2.4,4,17.17984,medium,940817222,bayes,2017-09-20 16:06:47,196.063,7399776.421052632,45.02947368421053,40.153684210526315
AWS,m4.large,2.4,2,8.58992,large,13139669151,wordcount,2017-09-20 19:35:13,435.575,7724286.023529412,94.4795294117647,59.99305882352941
AWS,m4.2xlarge,2.4,8,34.35968,large,13139648497,wordcount,2017-09-26 18:29:32,87.986,23573911.777777776,71.54833333333335,74.0611111111111
AWS,m4.xlarge,2.4,4,17.17984,medium,128134600,als,2017-09-20 20:33:30,256.49,10356883.36,63.02439999999999,31.3494
AWS,r3.xlarge,2.5,4,32.749069999999996,large,743932969,aggregation,2017-09-20 22:01:01,138.449,21897691.310344826,69.70241379310345,75.89793103448277
AWS,m3.2xlarge,2.6,8,32.212199999999996,small,375779530,bayes,2017-09-20 15:49:31,195.898,7282198.333333333,23.578888888888894,14.949722222222224
AWS,m3.xlarge,2.6,4,16.106099999999998,medium,128134600,als,2017-09-20 20:21:13,258.632,10076386.588235294,65.42705882352939,35.06333333333333
AWS,c4.2xlarge,2.9,8,16.106099999999998,small,375779530,bayes,2017-09-20 15:17:52,46.08,7083680.8,45.99499999999999,47.221
AWS,m3.large,2.6,2,7.516179999999999,large,1612040600,lr,2017-09-25 02:11:53,235.187,6977265.0,91.09250000000002,85.28854166666667
AWS,m4.xlarge,2.4,4,17.17984,small,125209992,pagerank,2017-09-21 03:44:07,206.275,6507153.268292683,39.59756097560975,35.22829268292683
AWS,m4.2xlarge,2.4,8,34.35968,small,375779530,bayes,2017-09-20 15:55:12,53.906,8727186.909090908,26.487272727272728,44.71545454545455
AWS,m4.large,2.4,2,8.58992,small,3284927560,wordcount,2017-09-25 00:09:18,92.69,7397108.6,90.47900000000001,83.441
AWS,r3.large,2.5,2,16.106099999999998,medium,1209030600,lr,2017-09-20 20:15:08,202.521,8630497.61904762,55.08904761904761,78.89357142857142
AWS,m4.xlarge,2.4,4,17.17984,small,3284919950,sort,2017-09-24 16:09:15,83.363,11236476.235294119,68.37647058823529,56.64647058823529
AWS,r4.xlarge,2.3,4,32.749069999999996,small,3200000000,terasort,2017-09-24 14:11:07,123.572,15042516.16,47.906000000000006,68.4764
AWS,c3.large,2.8,2,4.0265249999999995,medium,128134600,als,2017-09-25 01:37:24,179.288,3464584.864864865,89.87567567567568,86.10621621621623
AWS,c3.large,2.8,2,4.0265249999999995,small,806020600,lr,2017-09-20 19:06:09,665.427,3609437.582089552,93.63410447761196,29.777014925373134
AWS,r4.large,2.3,2,16.374534999999998,medium,6569838538,wordcount,2017-09-26 17:53:36,155.245,10920118.25,69.7375,88.905625
AWS,c3.xlarge,2.8,4,7.516179999999999,medium,743933049,aggregation,2017-09-20 21:04:02,136.296,5959190.75862069,77.80137931034481,71.82034482758623
AWS,r3.2xlarge,2.5,8,65.49813999999999,small,3200000000,terasort,2017-09-24 09:52:08,93.386,18194986.8,28.919500000000006,52.3115
AWS,r3.large,2.5,2,16.106099999999998,small,375779530,bayes,2017-09-20 15:59:18,99.902,5549543.047619048,35.42380952380953,79.82619047619048
AWS,m3.2xlarge,2.6,8,32.212199999999996,large,13139653319,sort,2017-09-22 03:08:42,243.913,27553809.84,89.21759999999999,38.6364
AWS,c3.2xlarge,2.8,8,16.106099999999998,medium,743933075,aggregation,2017-09-24 03:49:40,95.211,11569119.4,75.12100000000001,59.056
AWS,m3.2xlarge,2.6,8,32.212199999999996,small,3284914167,wordcount,2017-09-20 16:47:28,142.644,11934205.333333334,38.64259259259259,15.722592592592592
AWS,r4.large,2.3,2,16.374534999999998,medium,6569825479,sort,2017-09-25 08:26:29,244.214,13574204.0,86.68599999999998,62.6306
AWS,m4.large,2.4,2,8.58992,small,72101800,als,2017-09-20 20:43:08,125.383,6823946.153846154,83.46692307692307,79.86423076923077
AWS,r4.xlarge,2.3,4,32.749069999999996,small,743933381,aggregation,2017-09-20 22:57:52,128.387,20109072.740740743,64.0425925925926,75.41407407407407
AWS,m3.xlarge,2.6,4,16.106099999999998,small,72101800,als,2017-09-24 10:19:26,75.76,6538864.0,42.4575,70.90125
AWS,c3.2xlarge,2.8,8,16.106099999999998,medium,1209030600,lr,2017-09-20 19:16:49,316.485,10857375.368421054,70.49842105263157,14.52421052631579
AWS,r3.2xlarge,2.5,8,65.49813999999999,large,395478955,pagerank,2017-09-21 04:51:41,348.365,21056554.727272727,33.468030303030304,36.40151515151514
AWS,r3.2xlarge,2.5,8,65.49813999999999,medium,1209030600,lr,2017-09-20 20:30:15,402.975,9731759.56626506,15.46819277108434,10.279277108433735
AWS,c3.2xlarge,2.8,8,16.106099999999998,small,3284916145,wordcount,2017-09-20 15:30:42,177.541,11770812.0,76.43,11.847777777777777
AWS,r4.2xlarge,2.3,8,65.49813999999999,small,743933305,aggregation,2017-09-24 02:10:14,89.859,20788716.42105263,33.05947368421053,58.398421052631576
AWS,c4.xlarge,2.9,4,8.053049999999999,medium,1209030600,lr,2017-09-24 09:27:28,126.219,6823364.769230769,89.08499999999998,44.97923076923077
AWS,r4.large,2.3,2,16.374534999999998,large,1612040600,lr,2017-09-20 22:20:29,241.771,10127221.166666666,64.67312499999998,72.22291666666666
AWS,r3.xlarge,2.5,4,32.749069999999996,medium,6569830536,wordcount,2017-09-24 06:32:39,88.621,15179039.368421054,48.31421052631579,77.7421052631579
AWS,c3.2xlarge,2.8,8,16.106099999999998,large,1881786739,bayes,2017-09-20 14:57:28,139.707,11494324.413793104,74.63275862068966,65.08862068965516
AWS,m4.xlarge,2.4,4,17.17984,small,806020600,lr,2017-09-20 19:35:32,261.28,6844557.960784313,41.651176470588226,24.080588235294115
AWS,c3.large,2.8,2,4.0265249999999995,large,9600000000,terasort,2017-09-22 09:04:54,594.073,3757316.433333333,97.47008333333333,61.60391666666666
AWS,m3.large,2.6,2,7.516179999999999,small,0,scan,2017-09-21 16:46:41,42.232,3773158.8,49.26100000000001,57.85200000000001
AWS,r3.xlarge,2.5,4,32.749069999999996,large,9600000000,terasort,2017-09-24 13:26:12,328.6,27193096.23880597,86.55805970149255,74.49134328358208
AWS,r3.large,2.5,2,16.106099999999998,medium,6569830995,wordcount,2017-09-20 17:45:18,198.668,13662885.0,87.21204545454545,64.36
AWS,c3.large,2.8,2,4.0265249999999995,small,3284910532,sort,2017-09-21 22:26:23,168.585,3713258.1714285715,96.32714285714285,55.32142857142857
AWS,c4.large,2.9,2,4.0265249999999995,medium,6569836163,wordcount,2017-09-20 18:29:25,266.845,3534404.0754716983,91.68698113207547,43.04999999999999
AWS,c3.2xlarge,2.8,8,16.106099999999998,medium,6569841921,wordcount,2017-09-20 15:49:38,199.757,12722609.170731707,82.60951219512195,20.515365853658537
AWS,c4.large,2.9,2,4.0265249999999995,large,395478955,pagerank,2017-09-21 03:58:02,798.562,3682668.447204969,95.53291925465838,91.29130434782608
AWS,m4.xlarge,2.4,4,17.17984,medium,0,scan,2017-09-21 20:23:44,29.83,4877424.0,29.681428571428572,35.21571428571429
AWS,r4.large,2.3,2,16.374534999999998,small,3200000000,terasort,2017-09-22 18:52:39,194.013,11643842.3,74.3585,72.87375
AWS,c4.2xlarge,2.9,8,16.106099999999998,small,0,scan,2017-09-21 07:52:58,55.334,4252008.0,27.610833333333332,10.290000000000001
AWS,c3.large,2.8,2,4.0265249999999995,small,0,scan,2017-09-21 10:22:17,39.35,3051665.777777778,79.16444444444444,54.281111111111116
AWS,r4.xlarge,2.3,4,32.749069999999996,medium,6569858490,wordcount,2017-09-20 19:51:28,234.208,14860312.936170213,47.32617021276596,31.24085106382978
AWS,m4.2xlarge,2.4,8,34.35968,small,0,scan,2017-09-21 20:26:12,33.421,5143486.5,15.61,18.01625
AWS,r3.xlarge,2.5,4,32.749069999999996,small,375779530,bayes,2017-09-20 16:05:20,70.513,8261697.6,26.298000000000002,61.55933333333333
AWS,r4.large,2.3,2,16.374534999999998,small,0,scan,2017-09-21 23:13:58,64.773,3822716.0,24.41230769230769,38.00923076923077
AWS,r4.2xlarge,2.3,8,65.49813999999999,small,3777029616,join,2017-09-24 03:28:06,91.571,19405960.0,30.86111111111111,56.43333333333333
AWS,m3.2xlarge,2.6,8,32.212199999999996,small,743933420,aggregation,2017-09-20 21:04:59,615.36,16968879.696969695,54.94439393939393,9.085833333333332
AWS,c4.large,2.9,2,4.0265249999999995,medium,128134600,als,2017-09-20 21:56:16,267.876,3618910.690909091,93.87927272727273,47.40818181818183
AWS,c4.xlarge,2.9,4,8.053049999999999,large,200168800,als,2017-09-20 20:31:22,400.146,6205444.634146341,81.01609756097561,25.540975609756092
AWS,m4.large,2.4,2,8.58992,medium,6400000000,terasort,2017-09-22 19:43:21,443.528,7958279.555555556,97.34177777777776,61.514333333333326
AWS,m3.large,2.6,2,7.516179999999999,large,743932965,aggregation,2017-09-20 22:37:04,238.199,6677843.183673469,87.18346938775511,85.99061224489796
AWS,c3.large,2.8,2,4.0265249999999995,medium,940817222,bayes,2017-09-19 19:19:35,511.359,3633540.8076923075,94.25903846153848,84.83826923076923
AWS,m3.2xlarge,2.6,8,32.212199999999996,medium,1209030600,lr,2017-09-20 19:38:47,245.599,11903016.32,38.541,17.2378
AWS,m3.2xlarge,2.6,8,32.212199999999996,small,3284926658,sort,2017-09-24 06:05:05,73.822,14722992.0,47.671875,41.115624999999994
AWS,c4.large,2.9,2,4.0265249999999995,small,375779530,bayes,2017-09-20 15:15:23,193.162,3545920.5263157897,91.98657894736843,72.57631578947367
AWS,r4.large,2.3,2,16.374534999999998,large,1881786739,bayes,2017-09-20 18:47:38,371.126,10036045.92,64.09133333333334,77.71826666666668
AWS,c4.large,2.9,2,4.0265249999999995,large,200168800,als,2017-09-20 22:34:18,531.188,3554161.457943925,92.19971962616822,49.52448598130841
AWS,r4.xlarge,2.3,4,32.749069999999996,small,3284934675,wordcount,2017-09-20 19:25:49,96.069,12571643.368421054,40.03684210526317,48.170526315789466
AWS,r3.large,2.5,2,16.106099999999998,large,13139667798,wordcount,2017-09-24 23:51:01,365.482,15352747.567567568,98.0,58.582972972972975
AWS,c4.2xlarge,2.9,8,16.106099999999998,large,200168800,als,2017-09-20 20:21:03,271.137,10995978.75862069,71.39844827586207,20.161896551724137
AWS,r4.xlarge,2.3,4,32.749069999999996,small,0,scan,2017-09-21 21:39:40,48.956,4087294.0,13.018,25.087999999999997
AWS,c4.2xlarge,2.9,8,16.106099999999998,small,125209992,pagerank,2017-09-21 02:19:59,236.297,9066258.916666666,58.868125,19.527083333333334
AWS,r4.large,2.3,2,16.374534999999998,medium,6400000000,terasort,2017-09-22 19:08:23,378.893,14562432.207792208,92.99753246753247,72.19285714285714
AWS,r3.2xlarge,2.5,8,65.49813999999999,small,3777029616,join,2017-09-24 04:48:29,97.417,19135970.94736842,30.414736842105263,57.72526315789472
AWS,r4.xlarge,2.3,4,32.749069999999996,small,3777029616,join,2017-09-21 06:10:30,128.069,14739696.307692308,46.94192307692307,70.73769230769231
AWS,m3.xlarge,2.6,4,16.106099999999998,large,4019032802,scan,2017-09-24 13:10:56,177.535,12244781.405405406,79.5064864864865,77.22621621621623
AWS,m4.large,2.4,2,8.58992,large,9600000000,terasort,2017-09-22 20:44:36,695.169,7610389.342857143,93.08664285714285,57.46064285714286
AWS,m4.2xlarge,2.4,8,34.35968,small,3284938279,sort,2017-09-24 07:07:07,68.965,15905048.857142856,48.27428571428571,40.14785714285715
AWS,c3.2xlarge,2.8,8,16.106099999999998,large,4019032802,scan,2017-09-21 08:25:21,118.588,12414173.76,80.6076,58.108000000000004
AWS,c3.xlarge,2.8,4,7.516179999999999,small,3777029616,join,2017-09-21 03:20:52,349.957,7196322.956521739,93.95275362318841,26.645217391304346
AWS,m3.xlarge,2.6,4,16.106099999999998,small,806020600,lr,2017-09-24 09:51:04,92.022,6674117.052631579,43.33578947368421,61.578947368421055
AWS,c3.xlarge,2.8,4,7.516179999999999,small,743933551,aggregation,2017-09-20 20:41:21,144.766,6990555.225806451,91.26709677419352,69.47741935483872
AWS,c4.xlarge,2.9,4,8.053049999999999,small,3284919652,wordcount,2017-09-20 16:58:30,301.572,7158566.413793104,93.45879310344829,12.191034482758619
AWS,c3.large,2.8,2,4.0265249999999995,medium,6569816257,sort,2017-09-21 22:51:37,306.68,3620693.3333333335,93.92603174603177,51.39222222222222
AWS,r4.2xlarge,2.3,8,65.49813999999999,medium,0,scan,2017-09-21 21:04:52,35.197,6066407.0,9.64625,15.415
AWS,m4.large,2.4,2,8.58992,medium,3799320693,join,2017-09-21 05:40:47,205.406,7798050.536585365,95.38243902439024,86.54512195121953
AWS,m3.xlarge,2.6,4,16.106099999999998,small,743933441,aggregation,2017-09-20 20:57:03,147.341,13808859.612903226,89.66225806451612,73.90677419354839
AWS,m4.large,2.4,2,8.58992,small,3284927560,wordcount,2017-09-25 00:07:02,91.916,7419887.7894736845,90.75684210526315,83.28789473684209
AWS,c4.xlarge,2.9,4,8.053049999999999,large,3820993928,join,2017-09-24 11:14:08,117.02,7159599.652173913,93.47304347826085,71.36695652173913
AWS,m4.xlarge,2.4,4,17.17984,small,125209992,pagerank,2017-09-21 03:49:40,234.371,6770011.377777778,41.198,31.34911111111111
AWS,m3.large,2.6,2,7.516179999999999,large,1612040600,lr,2017-09-25 02:07:14,243.007,6990158.32,91.2614,82.15599999999999
AWS,m4.2xlarge,2.4,8,34.35968,small,375779530,bayes,2017-09-20 15:52:31,50.482,8876123.272727273,26.939999999999998,48.55272727272727
AWS,c4.2xlarge,2.9,8,16.106099999999998,small,375779530,bayes,2017-09-20 15:21:46,136.293,6821527.68,44.2936,18.972800000000003
AWS,c3.xlarge,2.8,4,7.516179999999999,medium,743932912,aggregation,2017-09-20 21:08:07,141.056,6000952.533333333,78.34700000000001,69.94200000000001
AWS,r3.large,2.5,2,16.106099999999998,medium,1209030600,lr,2017-09-20 20:10:05,202.887,8452252.952380951,53.95238095238095,80.40833333333333
AWS,c3.large,2.8,2,4.0265249999999995,medium,128134600,als,2017-09-25 01:41:04,177.571,3480360.972972973,90.28567567567566,86.26864864864865
AWS,r4.xlarge,2.3,4,32.749069999999996,small,3200000000,terasort,2017-09-24 14:08:24,118.519,14564576.833333334,46.38458333333333,70.71166666666666
AWS,c3.large,2.8,2,4.0265249999999995,small,806020600,lr,2017-09-20 19:19:50,718.345,3619743.4166666665,93.90138888888889,29.54909722222222
AWS,r4.xlarge,2.3,4,32.749069999999996,large,395478955,pagerank,2017-09-24 08:15:52,215.9,15319574.909090908,48.78863636363637,87.97954545454546
AWS,r3.xlarge,2.5,4,32.749069999999996,small,0,scan,2017-09-21 21:40:29,32.068,4482764.0,14.270000000000001,32.13125
AWS,m4.2xlarge,2.4,8,34.35968,medium,259947887,pagerank,2017-09-21 04:24:30,317.295,13172012.459016394,39.977540983606545,26.053770491803277
AWS,r3.2xlarge,2.5,8,65.49813999999999,large,1881786739,bayes,2017-09-20 16:41:29,250.849,16352372.163265307,25.990408163265304,29.906734693877553
AWS,c4.2xlarge,2.9,8,16.106099999999998,medium,3799320693,join,2017-09-21 03:19:50,86.511,10430754.352941176,67.72941176470589,51.06117647058824
AWS,m4.xlarge,2.4,4,17.17984,medium,940817222,bayes,2017-09-20 16:11:13,164.316,7728110.625,47.028125,45.678125
AWS,m4.large,2.4,2,8.58992,large,13139669151,wordcount,2017-09-20 19:26:17,450.581,7969190.606741573,97.47505617977527,56.886292134831464
AWS,r3.xlarge,2.5,4,32.749069999999996,large,743933057,aggregation,2017-09-20 21:57:01,139.361,21809780.275862068,69.42275862068965,76.30965517241378
AWS,m3.2xlarge,2.6,8,32.212199999999996,small,375779530,bayes,2017-09-20 15:44:23,165.384,6809625.6,22.049333333333333,18.208666666666666
AWS,c3.2xlarge,2.8,8,16.106099999999998,large,13139663028,wordcount,2017-09-24 03:10:56,125.575,15138723.692307692,98.29730769230767,42.918461538461536
AWS,m4.xlarge,2.4,4,17.17984,large,4019032802,scan,2017-09-21 20:50:06,161.559,13260381.411764706,80.6929411764706,67.90117647058823
AWS,m4.xlarge,2.4,4,17.17984,large,3820993928,join,2017-09-21 05:20:07,123.557,12720270.4,77.4056,72.3892
AWS,c3.2xlarge,2.8,8,16.106099999999998,medium,6400000000,terasort,2017-09-24 06:40:28,241.841,12798758.448979592,83.10408163265306,41.005714285714284
AWS,m4.large,2.4,2,8.58992,small,375779530,bayes,2017-09-20 15:53:07,158.925,4711435.375,57.62875,51.223124999999996
AWS,c3.2xlarge,2.8,8,16.106099999999998,small,3777029616,join,2017-09-24 04:03:34,93.712,10604967.578947369,68.86,55.913157894736834
AWS,r3.xlarge,2.5,4,32.749069999999996,large,200168800,als,2017-09-20 21:03:04,318.248,14422161.548387097,45.90661290322581,37.6066129032258
AWS,c3.xlarge,2.8,4,7.516179999999999,large,395478955,pagerank,2017-09-26 15:40:32,423.615,6808520.372093023,88.89011627906977,83.9710465116279
AWS,c4.2xlarge,2.9,8,16.106099999999998,medium,743932954,aggregation,2017-09-20 20:54:30,84.129,11645938.888888888,75.61888888888889,54.31722222222223
AWS,m4.2xlarge,2.4,8,34.35968,medium,940817222,bayes,2017-09-24 00:34:27,161.159,9992944.848484848,30.328787878787878,25.354242424242425
AWS,m4.2xlarge,2.4,8,34.35968,small,3200000000,terasort,2017-09-24 08:07:07,93.023,16159346.2,49.044500000000006,58.87600000000001
AWS,m4.large,2.4,2,8.58992,large,1612040600,lr,2017-09-20 20:31:04,238.146,7503340.653061224,91.77673469387756,75.77714285714285
AWS,c3.xlarge,2.8,4,7.516179999999999,large,13139634783,wordcount,2017-09-20 17:41:29,268.382,7227851.2727272725,94.36454545454546,37.18709090909091
AWS,r3.2xlarge,2.5,8,65.49813999999999,large,13139705816,wordcount,2017-09-27 01:11:00,99.431,28071349.523809522,44.61714285714286,64.94095238095238
AWS,r3.large,2.5,2,16.106099999999998,medium,259947887,pagerank,2017-09-21 04:48:16,360.914,8013287.342465754,51.150136986301376,74.08369863013698
AWS,m4.2xlarge,2.4,8,34.35968,large,9600000000,terasort,2017-09-22 17:57:22,341.873,25184932.115942027,76.4378260869565,48.736231884057965
AWS,r4.large,2.3,2,16.374534999999998,large,13139667667,wordcount,2017-09-26 20:37:58,280.832,15271285.333333334,97.52368421052631,91.21140350877194
AWS,m4.large,2.4,2,8.58992,medium,259947887,pagerank,2017-09-21 04:07:40,431.047,6592154.975609756,80.6319512195122,71.84914634146341
AWS,r3.xlarge,2.5,4,32.749069999999996,small,125209992,pagerank,2017-09-21 04:20:49,278.062,8516781.090909092,27.10945454545455,28.809272727272727
AWS,m3.2xlarge,2.6,8,32.212199999999996,medium,6569844013,sort,2017-09-22 03:01:00,156.387,19848263.75,64.2684375,31.0975
AWS,r4.2xlarge,2.3,8,65.49813999999999,small,3284906323,wordcount,2017-09-24 01:20:28,45.134,13450218.0,21.391,48.853
AWS,c4.xlarge,2.9,4,8.053049999999999,medium,6569849487,sort,2017-09-22 01:36:04,206.975,6793190.095238095,88.69,34.21238095238094
AWS,r4.2xlarge,2.3,8,65.49813999999999,small,375779530,bayes,2017-09-20 18:31:33,166.353,8505036.0,13.526,16.516666666666666
AWS,c3.xlarge,2.8,4,7.516179999999999,small,0,scan,2017-09-21 09:04:20,133.661,4344276.571428572,56.71785714285715,8.998571428571427
AWS,r4.xlarge,2.3,4,32.749069999999996,small,72101800,als,2017-09-20 22:20:27,72.808,10466639.733333332,33.33333333333333,68.43266666666666
AWS,c4.large,2.9,2,4.0265249999999995,large,13139653882,wordcount,2017-09-20 19:11:07,251.113,3673106.274509804,95.28509803921567,82.93588235294119
AWS,m4.2xlarge,2.4,8,34.35968,small,72101800,als,2017-09-20 20:34:29,55.887,11832825.0,35.91416666666667,50.865
AWS,m3.xlarge,2.6,4,16.106099999999998,large,9600000000,terasort,2017-09-22 18:34:13,458.479,13278253.075268818,86.21720430107527,54.16172043010753
AWS,m3.large,2.6,2,7.516179999999999,small,3777029616,join,2017-09-21 04:08:35,242.437,6913821.714285715,90.26367346938775,77.5491836734694
AWS,r3.xlarge,2.5,4,32.749069999999996,medium,128134600,als,2017-09-20 20:42:56,111.428,12384797.913043479,39.42217391304348,71.18173913043478
AWS,r3.large,2.5,2,16.106099999999998,small,125209992,pagerank,2017-09-21 04:21:26,197.051,6629497.333333333,42.31769230769231,69.02051282051283
AWS,c3.large,2.8,2,4.0265249999999995,large,1612040600,lr,2017-09-20 21:19:59,1337.409,3702427.2118959106,96.0460966542751,27.05832713754647
AWS,m4.xlarge,2.4,4,17.17984,large,6569820373,wordcount,2017-09-20 17:33:19,207.421,14384598.666666666,87.53358974358973,34.05641025641025
AWS,r3.2xlarge,2.5,8,65.49813999999999,large,4019032802,scan,2017-09-24 06:24:39,120.363,23125508.32,36.756,59.4832
AWS,r3.xlarge,2.5,4,32.749069999999996,small,806020600,lr,2017-09-20 19:54:05,132.276,7979433.62962963,25.398148148148152,42.23259259259259
AWS,r3.large,2.5,2,16.106099999999998,medium,940817222,bayes,2017-09-20 16:23:41,242.203,7431978.530612245,47.43938775510203,63.60122448979592
AWS,m4.2xlarge,2.4,8,34.35968,large,1881786739,bayes,2017-09-20 16:20:19,122.933,16539741.76,50.1992,58.114799999999995
AWS,m3.large,2.6,2,7.516179999999999,small,806020600,lr,2017-09-25 01:35:41,142.201,5992286.533333333,78.23366666666668,87.387
AWS,m4.xlarge,2.4,4,17.17984,large,395478955,pagerank,2017-09-21 04:27:13,396.645,10951510.909090908,66.6425974025974,57.42987012987011
AWS,c4.2xlarge,2.9,8,16.106099999999998,large,1881786739,bayes,2017-09-20 15:40:21,212.668,8518755.555555556,55.31266666666667,27.807999999999996
AWS,r4.xlarge,2.3,4,32.749069999999996,large,3820993928,join,2017-09-24 08:30:45,125.46,14100699.52,44.906000000000006,75.0236
AWS,r4.large,2.3,2,16.374534999999998,medium,3284907119,sort,2017-09-22 05:45:07,360.141,11627750.742857143,74.25614285714286,21.371857142857145
AWS,m3.xlarge,2.6,4,16.106099999999998,medium,0,scan,2017-09-21 15:41:43,63.111,4207117.0,27.316666666666666,21.31
AWS,m4.large,2.4,2,8.58992,large,13139647834,wordcount,2017-09-25 01:07:20,311.164,7872639.301587301,96.29349206349205,80.7136507936508
AWS,r4.large,2.3,2,16.374534999999998,small,72101800,als,2017-09-20 22:35:08,133.665,9086907.0,58.03000000000001,73.93714285714285
AWS,m4.xlarge,2.4,4,17.17984,small,0,scan,2017-09-21 20:17:01,32.774,4093603.0,24.91125,29.369999999999997
AWS,r4.2xlarge,2.3,8,65.49813999999999,large,4019032802,scan,2017-09-24 05:09:51,102.134,22042595.818181816,35.05318181818181,56.95409090909091
AWS,c4.xlarge,2.9,4,8.053049999999999,medium,940817222,bayes,2017-09-24 07:48:53,86.289,6222707.555555556,81.2411111111111,76.58055555555555
AWS,r3.large,2.5,2,16.106099999999998,medium,743932928,aggregation,2017-09-25 00:48:28,221.817,10770444.173913043,68.7504347826087,88.20304347826088
AWS,m3.2xlarge,2.6,8,32.212199999999996,large,1881786739,bayes,2017-09-20 16:12:17,115.272,15143905.666666666,49.03458333333333,65.36625
AWS,r3.xlarge,2.5,4,32.749069999999996,small,743933321,aggregation,2017-09-20 21:27:13,393.615,21352410.974358976,67.96615384615386,26.14153846153846
AWS,c3.xlarge,2.8,4,7.516179999999999,small,3200000000,terasort,2017-09-22 07:23:30,186.617,6377580.923076923,83.26358974358975,52.74692307692307
AWS,m4.large,2.4,2,8.58992,small,3284920240,wordcount,2017-09-20 17:49:37,131.128,7655645.481481481,93.64,56.40185185185185
AWS,m3.large,2.6,2,7.516179999999999,large,1881786739,bayes,2017-09-24 22:16:19,802.543,7235414.641975309,94.46296296296296,95.35104938271604
AWS,r3.2xlarge,2.5,8,65.49813999999999,small,375779530,bayes,2017-09-20 16:14:57,184.171,8588038.742857143,13.650571428571428,14.88971428571429
AWS,c4.2xlarge,2.9,8,16.106099999999998,large,13139663032,wordcount,2017-09-24 02:47:04,206.701,14538657.047619049,94.40071428571429,21.847142857142856
AWS,m4.large,2.4,2,8.58992,medium,940817222,bayes,2017-09-20 16:14:30,245.572,7194184.88,87.9962,87.30919999999998
AWS,c3.large,2.8,2,4.0265249999999995,medium,0,scan,2017-09-21 10:27:12,40.354,3079579.6,79.889,57.461
AWS,r3.xlarge,2.5,4,32.749069999999996,large,4019032802,scan,2017-09-21 22:14:57,575.283,17475730.75630252,55.62655462184875,20.502857142857142
AWS,r4.2xlarge,2.3,8,65.49813999999999,large,1881786739,bayes,2017-09-24 00:11:09,103.461,20999739.23809524,33.3947619047619,68.11619047619047
AWS,c3.2xlarge,2.8,8,16.106099999999998,medium,259947887,pagerank,2017-09-21 02:15:24,214.619,10009592.727272727,64.99363636363636,57.124772727272735
AWS,r4.large,2.3,2,16.374534999999998,small,743933336,aggregation,2017-09-25 00:53:47,223.272,11061609.739130436,70.64065217391307,88.44304347826088
AWS,m4.2xlarge,2.4,8,34.35968,large,3777029616,join,2017-09-21 05:22:22,298.906,16262623.555555556,49.35759259259259,16.05296296296296
AWS,c4.2xlarge,2.9,8,16.106099999999998,medium,6400000000,terasort,2017-09-22 17:28:12,232.417,13096219.829787234,85.03553191489361,37.94404255319149
AWS,c3.xlarge,2.8,4,7.516179999999999,small,3284922483,wordcount,2017-09-20 15:51:33,137.373,6660350.666666667,86.9562962962963,29.427407407407404
AWS,m4.large,2.4,2,8.58992,small,806020600,lr,2017-09-20 19:37:41,202.814,6347238.952380952,77.63666666666667,56.273809523809526
AWS,c4.large,2.9,2,4.0265249999999995,medium,3799320693,join,2017-09-21 05:11:46,200.289,3440837.7560975607,89.26024390243902,71.46146341463415
AWS,m3.large,2.6,2,7.516179999999999,large,9600000000,terasort,2017-09-22 19:58:27,674.632,7453950.470588235,97.31669117647058,68.00058823529412
AWS,r3.xlarge,2.5,4,32.749069999999996,small,72101800,als,2017-09-20 20:32:10,81.205,10508502.11764706,33.45,65.4629411764706
AWS,m3.large,2.6,2,7.516179999999999,small,375779530,bayes,2017-09-20 15:31:05,129.208,4601533.333333333,60.07666666666666,63.28185185185185
AWS,c3.xlarge,2.8,4,7.516179999999999,large,200168800,als,2017-09-27 01:47:57,153.345,6436299.5,84.0309375,80.46656250000001
AWS,m4.large,2.4,2,8.58992,large,1881786739,bayes,2017-09-20 17:09:00,825.885,7721032.698795181,94.43963855421687,94.9572891566265
AWS,m4.xlarge,2.4,4,17.17984,large,4019032802,scan,2017-09-26 18:38:03,155.773,12450960.75,75.76781249999999,71.1390625
AWS,r3.large,2.5,2,16.106099999999998,medium,6569854679,wordcount,2017-09-24 23:21:18,154.868,12731744.0,81.26875,89.165625
AWS,r3.large,2.5,2,16.106099999999998,large,395478955,pagerank,2017-09-21 05:13:12,536.187,9549620.560747664,60.95728971962617,76.80327102803737
AWS,c3.xlarge,2.8,4,7.516179999999999,large,9600000000,terasort,2017-09-27 02:08:56,480.686,7478457.896907217,97.63680412371134,49.162783505154636
AWS,c4.large,2.9,2,4.0265249999999995,small,3284916129,wordcount,2017-09-20 17:53:10,216.5,3454025.5454545454,89.60181818181817,31.97045454545454
AWS,m3.large,2.6,2,7.516179999999999,large,3820993928,join,2017-09-21 04:59:28,305.092,6683453.24590164,87.25754098360659,62.37065573770492
AWS,r4.xlarge,2.3,4,32.749069999999996,large,13139644682,wordcount,2017-09-26 19:11:11,145.621,21568384.4,68.68966666666665,84.708
AWS,m3.xlarge,2.6,4,16.106099999999998,small,3200000000,terasort,2017-09-22 17:53:31,142.084,10324335.310344828,67.03724137931036,60.033793103448275
AWS,c3.large,2.8,2,4.0265249999999995,medium,6569831960,wordcount,2017-09-19 21:51:47,282.197,3533020.0701754387,91.65140350877193,45.54298245614035
AWS,m4.2xlarge,2.4,8,34.35968,large,200168800,als,2017-09-20 21:02:04,259.949,16006778.530612245,48.58204081632653,25.703469387755106
AWS,m4.xlarge,2.4,4,17.17984,small,743933300,aggregation,2017-09-24 09:32:09,126.752,12312682.666666666,74.92481481481481,75.52740740740741
AWS,r4.xlarge,2.3,4,32.749069999999996,large,200168800,als,2017-09-20 22:42:41,283.203,14971270.444444444,47.678888888888906,41.67148148148148
AWS,c4.2xlarge,2.9,8,16.106099999999998,small,3284909343,sort,2017-09-24 06:43:10,97.437,10039148.2,65.1845,26.7095
AWS,c3.xlarge,2.8,4,7.516179999999999,large,1881786739,bayes,2017-09-24 09:36:52,322.388,7001313.03030303,91.40636363636365,82.45939393939393
AWS,r3.2xlarge,2.5,8,65.49813999999999,medium,128134600,als,2017-09-20 21:16:46,183.541,14023495.444444444,22.28944444444444,25.06833333333333
AWS,r4.2xlarge,2.3,8,65.49813999999999,large,13139621842,wordcount,2017-09-24 01:45:41,90.719,30859728.210526317,49.07631578947369,71.4078947368421
AWS,r4.2xlarge,2.3,8,65.49813999999999,medium,1209030600,lr,2017-09-24 01:56:45,92.35,11359003.368421054,18.064210526315787,36.81210526315789
AWS,r3.xlarge,2.5,4,32.749069999999996,large,395478955,pagerank,2017-09-21 04:51:40,391.786,13295352.205128206,42.31961538461538,53.48551282051282
AWS,m4.2xlarge,2.4,8,34.35968,large,743933006,aggregation,2017-09-24 02:47:39,87.451,15745964.421052631,47.79,57.224736842105266
AWS,c3.xlarge,2.8,4,7.516179999999999,small,3284938548,sort,2017-09-21 22:57:22,133.639,6332350.285714285,82.67392857142859,36.778214285714284
AWS,r4.2xlarge,2.3,8,65.49813999999999,large,743933078,aggregation,2017-09-20 23:36:25,89.969,26279289.263157893,41.7921052631579,58.42526315789473
AWS,m4.2xlarge,2.4,8,34.35968,medium,6569838333,wordcount,2017-09-24 01:29:38,159.089,16577600.125,50.3146875,24.0546875
AWS,r3.2xlarge,2.5,8,65.49813999999999,medium,6569857617,sort,2017-09-24 08:27:26,108.741,31124912.52173913,49.47043478260869,48.28999999999999
AWS,r4.large,2.3,2,16.374534999999998,small,806020600,lr,2017-09-20 21:40:10,144.671,6602262.0,42.16266666666665,73.25933333333333
AWS,r3.2xlarge,2.5,8,65.49813999999999,small,125209992,pagerank,2017-09-21 04:24:03,264.393,11870144.962962963,18.866296296296298,13.885925925925925
AWS,c4.xlarge,2.9,4,8.053049999999999,small,0,scan,2017-09-21 08:25:19,27.719,4124168.0,53.844285714285725,31.32571428571429
AWS,r4.2xlarge,2.3,8,65.49813999999999,small,0,scan,2017-09-21 21:00:16,31.261,5717018.857142857,9.09142857142857,17.43857142857143
AWS,c3.xlarge,2.8,4,7.516179999999999,small,72101800,als,2017-09-20 19:44:32,197.376,5415814.666666667,70.70692307692308,28.46128205128205
AWS,m4.large,2.4,2,8.58992,large,200168800,als,2017-09-20 21:21:10,271.655,7257777.857142857,88.77374999999999,84.77267857142856
AWS,m3.2xlarge,2.6,8,32.212199999999996,medium,743933028,aggregation,2017-09-20 21:26:38,98.494,21958572.38095238,71.1004761904762,58.898095238095244
AWS,m3.large,2.6,2,7.516179999999999,medium,6569840990,wordcount,2017-09-25 01:17:59,155.776,7186511.0,93.8253125,87.8103125
AWS,c3.xlarge,2.8,4,7.516179999999999,large,13139654547,sort,2017-09-24 15:35:14,474.235,7110035.791666667,92.82645833333333,31.225729166666667
AWS,r3.xlarge,2.5,4,32.749069999999996,large,395478955,pagerank,2017-09-24 08:35:31,233.688,14597696.25,46.465624999999996,87.28270833333333
AWS,r4.xlarge,2.3,4,32.749069999999996,medium,128134600,als,2017-09-20 22:28:02,108.984,12492756.869565217,39.78565217391305,69.28043478260871
AWS,r3.xlarge,2.5,4,32.749069999999996,large,3820993928,join,2017-09-24 08:57:50,136.124,14212001.333333334,45.23888888888889,77.60740740740741
AWS,r4.xlarge,2.3,4,32.749069999999996,medium,6569831277,sort,2017-09-24 12:35:32,128.76,20947608.0,66.7125925925926,57.09444444444444
AWS,r3.large,2.5,2,16.106099999999998,large,13139686038,sort,2017-09-22 07:13:02,756.371,15168410.614379086,96.8232679738562,40.62928104575164
AWS,c4.large,2.9,2,4.0265249999999995,small,125209992,pagerank,2017-09-21 02:18:47,345.486,3252497.257142857,84.37442857142857,49.75442857142857
AWS,r4.xlarge,2.3,4,32.749069999999996,large,13139636273,sort,2017-09-22 06:00:00,354.709,23557625.833333332,75.02416666666666,46.25472222222223
AWS,m3.large,2.6,2,7.516179999999999,medium,1209030600,lr,2017-09-20 19:30:06,257.58,6623938.490566038,86.48018867924527,62.561320754716974
AWS,c3.xlarge,2.8,4,7.516179999999999,medium,940817222,bayes,2017-09-20 14:46:17,273.173,5953790.846153846,77.73038461538462,27.125576923076917
AWS,m4.large,2.4,2,8.58992,medium,743932928,aggregation,2017-09-20 22:37:30,245.124,6852471.04,83.8162,79.85579999999999
AWS,r4.xlarge,2.3,4,32.749069999999996,medium,259947887,pagerank,2017-09-21 05:40:57,356.615,12015269.552238805,38.265074626865676,36.24417910447762
AWS,c3.2xlarge,2.8,8,16.106099999999998,small,375779530,bayes,2017-09-20 14:29:04,122.232,6382648.923076923,41.4426923076923,28.280769230769234
AWS,m4.xlarge,2.4,4,17.17984,large,1612040600,lr,2017-09-20 20:12:18,167.362,11198398.823529411,68.14470588235294,43.352058823529404
AWS,c4.2xlarge,2.9,8,16.106099999999998,medium,940817222,bayes,2017-09-24 01:33:08,65.772,9297278.285714285,60.367142857142866,56.48928571428571
AWS,c4.large,2.9,2,4.0265249999999995,large,1881786739,bayes,2017-09-20 17:06:05,1075.559,3655623.0555555555,94.83162037037037,82.26962962962962
AWS,m3.large,2.6,2,7.516179999999999,small,743933336,aggregation,2017-09-20 21:19:31,235.308,6671645.306122449,87.10244897959183,84.8412244897959
AWS,r4.2xlarge,2.3,8,65.49813999999999,large,3820993928,join,2017-09-24 03:39:22,90.03,19381538.666666668,30.82222222222222,57.45444444444445
AWS,m4.xlarge,2.4,4,17.17984,large,9600000000,terasort,2017-09-22 18:03:48,378.167,15901898.52631579,96.7671052631579,62.345263157894735
AWS,m4.2xlarge,2.4,8,34.35968,large,4019032802,scan,2017-09-21 20:45:56,268.966,21110066.35714286,64.06982142857143,21.73482142857143
AWS,r4.large,2.3,2,16.374534999999998,large,3820993928,join,2017-09-21 07:04:55,217.545,12587781.818181818,80.38636363636363,86.0959090909091
AWS,c3.2xlarge,2.8,8,16.106099999999998,small,806020600,lr,2017-09-20 18:46:12,160.932,8794782.5,57.105625,22.440625
AWS,r4.2xlarge,2.3,8,65.49813999999999,medium,940817222,bayes,2017-09-23 23:59:51,69.266,14895994.133333333,23.689333333333334,58.714666666666666
AWS,c3.large,2.8,2,4.0265249999999995,large,4019032802,scan,2017-09-21 10:59:23,286.217,3612059.118644068,93.70220338983052,84.15440677966103
AWS,c4.2xlarge,2.9,8,16.106099999999998,large,4019032802,scan,2017-09-21 08:35:01,764.394,14024317.56862745,91.06124183006536,5.236666666666667
AWS,r4.large,2.3,2,16.374534999999998,large,9600000000,terasort,2017-09-22 20:13:11,761.182,13517912.545454545,86.32701298701298,62.800909090909094
AWS,c4.xlarge,2.9,4,8.053049999999999,large,13139663459,wordcount,2017-09-20 18:09:24,173.86,7156902.4,93.43828571428571,51.80228571428571
AWS,c3.xlarge,2.8,4,7.516179999999999,small,125209992,pagerank,2017-09-21 01:55:46,124.268,6365837.230769231,83.11076923076924,63.92
AWS,c3.2xlarge,2.8,8,16.106099999999998,small,0,scan,2017-09-21 07:48:53,30.976,4818862.285714285,31.29,19.465714285714284
AWS,c3.2xlarge,2.8,8,16.106099999999998,small,743933407,aggregation,2017-09-24 03:35:34,95.55,11527302.4,74.84850000000002,59.4385
AWS,m4.large,2.4,2,8.58992,small,3200000000,terasort,2017-09-22 19:26:14,225.857,6825271.404255319,83.48319148936169,62.80829787234043
AWS,c3.xlarge,2.8,4,7.516179999999999,large,3820993928,join,2017-09-21 04:09:17,350.97,5952058.363636363,77.70818181818183,28.59090909090909
AWS,m3.xlarge,2.6,4,16.106099999999998,medium,743932971,aggregation,2017-09-20 21:30:15,337.539,11690386.05263158,75.90776315789473,27.90631578947369
AWS,r3.2xlarge,2.5,8,65.49813999999999,large,3820993928,join,2017-09-24 05:14:42,98.616,19563076.2,31.0945,56.40350000000001
AWS,m3.large,2.6,2,7.516179999999999,medium,6400000000,terasort,2017-09-22 19:23:31,432.137,7444948.181818182,97.1984090909091,69.24363636363637
AWS,c4.2xlarge,2.9,8,16.106099999999998,large,395478955,pagerank,2017-09-21 02:58:31,228.987,12401152.869565217,80.52108695652173,57.56804347826089
AWS,r4.large,2.3,2,16.374534999999998,medium,128134600,als,2017-09-20 22:49:57,187.57,9958135.135135135,63.59324324324323,82.29864864864865
AWS,r3.large,2.5,2,16.106099999999998,small,3284910893,wordcount,2017-09-24 23:01:30,93.659,9033825.6,57.664,83.73949999999999
AWS,r4.xlarge,2.3,4,32.749069999999996,large,4019032802,scan,2017-09-24 10:26:52,247.846,16657474.823529411,53.049019607843135,41.75549019607843
AWS,r4.large,2.3,2,16.374534999999998,medium,128134600,als,2017-09-25 00:23:21,171.146,6840805.942857143,43.68657142857143,88.974
AWS,r4.large,2.3,2,16.374534999999998,small,375779530,bayes,2017-09-20 18:13:55,146.488,5403007.0344827585,34.50413793103448,56.975862068965526
AWS,c4.large,2.9,2,4.0265249999999995,small,72101800,als,2017-09-20 21:49:31,123.147,3402962.153846154,88.27769230769232,70.61
AWS,c3.large,2.8,2,4.0265249999999995,medium,6569831960,wordcount,2017-09-19 21:45:22,188.549,3636958.9743589745,94.34717948717949,65.8546153846154
AWS,m3.xlarge,2.6,4,16.106099999999998,small,3200000000,terasort,2017-09-22 17:49:29,144.843,10326437.733333332,67.05166666666668,57.83933333333333
AWS,r4.xlarge,2.3,4,32.749069999999996,large,13139679554,wordcount,2017-09-26 19:21:27,147.226,21178545.2,67.44866666666665,85.27066666666668
AWS,m3.large,2.6,2,7.516179999999999,large,3820993928,join,2017-09-21 05:06:16,311.463,6809073.161290322,88.89758064516128,60.098870967741924
AWS,m4.2xlarge,2.4,8,34.35968,large,200168800,als,2017-09-20 20:55:59,231.986,16587749.023255814,50.34418604651163,29.74372093023256
AWS,c4.large,2.9,2,4.0265249999999995,small,3284916129,wordcount,2017-09-20 17:47:52,195.277,3440525.128205128,89.25282051282052,36.36410256410256
AWS,c3.xlarge,2.8,4,7.516179999999999,large,9600000000,terasort,2017-09-27 03:30:23,470.434,7483983.410526316,97.70852631578943,49.063473684210535
AWS,r4.xlarge,2.3,4,32.749069999999996,large,200168800,als,2017-09-20 22:49:21,301.437,14043507.79661017,44.72440677966103,36.08203389830508
AWS,r4.large,2.3,2,16.374534999999998,large,13139653885,sort,2017-09-25 08:59:12,666.285,15233583.582089553,97.2829104477612,40.92074626865671
AWS,c3.xlarge,2.8,4,7.516179999999999,large,1881786739,bayes,2017-09-24 09:30:47,333.525,7032710.529411765,91.81705882352942,81.64985294117646
AWS,c4.2xlarge,2.9,8,16.106099999999998,small,3284909343,sort,2017-09-24 06:40:53,96.212,10351212.2,67.21050000000001,30.540999999999997
AWS,c3.xlarge,2.8,4,7.516179999999999,medium,940817222,bayes,2017-09-24 09:07:21,96.396,6251268.2,81.6145,77.0845
AWS,r3.large,2.5,2,16.106099999999998,large,395478955,pagerank,2017-09-21 05:21:50,417.01,9896323.529411765,63.170352941176475,94.28235294117646
AWS,c3.xlarge,2.8,4,7.516179999999999,small,3284938548,sort,2017-09-21 22:53:26,133.028,6209276.857142857,81.06571428571428,37.15285714285715
AWS,r3.xlarge,2.5,4,32.749069999999996,large,395478955,pagerank,2017-09-21 04:57:11,231.186,14736578.468085106,46.907659574468084,86.32893617021277
AWS,c3.large,2.8,2,4.0265249999999995,medium,1209030600,lr,2017-09-20 19:44:00,1028.247,3695301.6585365855,95.86131707317072,27.92375609756098
AWS,m4.2xlarge,2.4,8,34.35968,medium,6569838333,wordcount,2017-09-24 01:26:17,180.93,17010927.77142857,51.62914285714286,21.693428571428573
AWS,m4.2xlarge,2.4,8,34.35968,medium,6569852688,sort,2017-09-22 05:15:14,1042.059,18729759.23809524,56.84604761904762,3.6678571428571427
AWS,r4.2xlarge,2.3,8,65.49813999999999,large,743932981,aggregation,2017-09-20 23:33:14,91.646,24935967.8,39.654,56.9455
AWS,r3.2xlarge,2.5,8,65.49813999999999,medium,128134600,als,2017-09-20 21:22:13,223.074,13527192.095238095,21.5,20.59190476190476
AWS,r4.2xlarge,2.3,8,65.49813999999999,large,13139621842,wordcount,2017-09-24 01:43:31,112.151,28483167.826086957,45.296086956521734,58.24130434782609
AWS,r4.2xlarge,2.3,8,65.49813999999999,medium,1209030600,lr,2017-09-24 01:54:32,92.536,11210327.789473685,17.828421052631576,35.89842105263158
AWS,m4.large,2.4,2,8.58992,small,806020600,lr,2017-09-20 19:43:17,235.616,6363342.521739131,77.83391304347825,50.68543478260871
AWS,c3.xlarge,2.8,4,7.516179999999999,small,3284922483,wordcount,2017-09-20 15:57:05,231.567,6483456.425531914,84.64553191489361,16.16404255319149
AWS,c3.2xlarge,2.8,8,16.106099999999998,medium,128134600,als,2017-09-20 19:56:35,222.773,10634758.536585366,69.05341463414635,22.592195121951217
AWS,m4.2xlarge,2.4,8,34.35968,large,3777029616,join,2017-09-21 05:15:49,292.361,15788956.07142857,47.92053571428572,15.88642857142857
AWS,r4.large,2.3,2,16.374534999999998,small,743933336,aggregation,2017-09-25 00:58:12,222.356,11128111.652173912,71.065,88.02
AWS,r3.large,2.5,2,16.106099999999998,large,9600000000,terasort,2017-09-22 18:15:14,698.612,15025749.929078015,95.91191489361701,67.68524822695035
AWS,c4.2xlarge,2.9,8,16.106099999999998,medium,6400000000,terasort,2017-09-22 17:33:44,233.392,12846515.083333334,83.41333333333334,39.496249999999996
AWS,r4.2xlarge,2.3,8,65.49813999999999,medium,1209030600,lr,2017-09-20 21:47:40,288.064,12055518.148148147,19.171481481481482,13.2412962962963
AWS,r4.large,2.3,2,16.374534999999998,small,3284907119,sort,2017-09-22 05:21:59,143.193,11354727.466666667,72.51299999999999,54.327666666666666
AWS,m4.xlarge,2.4,4,17.17984,large,4019032802,scan,2017-09-26 18:49:27,158.353,12422759.878787879,75.59606060606062,68.6739393939394
AWS,c3.2xlarge,2.8,8,16.106099999999998,large,3820993928,join,2017-09-24 04:31:14,95.162,10576285.894736841,68.67210526315789,57.75421052631579
AWS,c3.xlarge,2.8,4,7.516179999999999,large,200168800,als,2017-09-27 01:42:45,151.786,6606952.0,86.25870967741936,82.56903225806451
AWS,m4.large,2.4,2,8.58992,large,1881786739,bayes,2017-09-20 16:53:33,821.461,7715654.4,94.37412121212124,94.4838787878788
AWS,m4.xlarge,2.4,4,17.17984,small,3777029616,join,2017-09-21 04:50:33,246.136,10504957.714285715,63.92530612244898,35.76734693877551
AWS,r3.large,2.5,2,16.106099999999998,medium,6569854679,wordcount,2017-09-24 23:18:01,154.372,12525226.5,79.95093750000001,88.90468750000001
AWS,c4.large,2.9,2,4.0265249999999995,medium,3799320693,join,2017-09-21 05:16:28,185.239,3477487.7837837837,90.21027027027026,78.54891891891893
AWS,m4.xlarge,2.4,4,17.17984,medium,3799320693,join,2017-09-21 05:05:18,122.698,13150369.666666666,80.02333333333333,74.12083333333334
AWS,r3.xlarge,2.5,4,32.749069999999996,small,72101800,als,2017-09-20 20:35:16,86.317,10582597.111111112,33.68555555555556,63.77277777777778
AWS,m3.2xlarge,2.6,8,32.212199999999996,large,1881786739,bayes,2017-09-20 16:08:43,114.379,14528490.608695652,47.04260869565218,64.43434782608696
AWS,r3.xlarge,2.5,4,32.749069999999996,small,743933308,aggregation,2017-09-20 21:18:49,136.679,19844527.03448276,63.16620689655172,75.78172413793105
AWS,m4.large,2.4,2,8.58992,small,3284920240,wordcount,2017-09-20 17:45:45,240.295,7939666.127659574,97.11446808510637,33.879999999999995
AWS,c4.2xlarge,2.9,8,16.106099999999998,small,743933363,aggregation,2017-09-20 20:42:40,88.186,12423365.894736841,80.66631578947367,52.695263157894736
AWS,r4.2xlarge,2.3,8,65.49813999999999,large,4019032802,scan,2017-09-24 05:12:16,102.132,22466930.181818184,35.72863636363637,57.79863636363637
AWS,m4.xlarge,2.4,4,17.17984,small,0,scan,2017-09-21 20:19:12,29.661,4440088.571428572,27.02,33.04
AWS,c4.xlarge,2.9,4,8.053049999999999,medium,940817222,bayes,2017-09-24 07:50:59,85.792,6171661.777777778,80.57499999999999,75.14833333333334
AWS,c3.2xlarge,2.8,8,16.106099999999998,small,3284909154,wordcount,2017-09-24 02:59:29,45.899,8985708.8,58.345000000000006,46.794
AWS,r3.large,2.5,2,16.106099999999998,medium,743932928,aggregation,2017-09-25 00:44:03,232.872,10625704.583333334,67.82625,88.68291666666669
AWS,m4.large,2.4,2,8.58992,medium,940817222,bayes,2017-09-20 16:20:43,272.966,7153196.654545454,87.49400000000001,80.45581818181819
AWS,r3.xlarge,2.5,4,32.749069999999996,large,4019032802,scan,2017-09-21 22:03:27,177.348,17457543.675675675,55.56891891891891,78.15270270270271
AWS,r4.2xlarge,2.3,8,65.49813999999999,large,1881786739,bayes,2017-09-24 00:13:31,103.745,20998956.19047619,33.39476190476191,66.72809523809524
AWS,m4.large,2.4,2,8.58992,small,743933336,aggregation,2017-09-25 01:42:13,220.798,7689012.260869565,94.0486956521739,85.17173913043479
AWS,c4.2xlarge,2.9,8,16.106099999999998,large,13139663032,wordcount,2017-09-24 02:42:59,279.122,15007165.103448275,97.44275862068964,15.715689655172413
AWS,c4.xlarge,2.9,4,8.053049999999999,small,3284918782,sort,2017-09-22 01:17:07,145.524,7201145.333333333,94.01633333333332,30.39
AWS,c3.2xlarge,2.8,8,16.106099999999998,medium,259947887,pagerank,2017-09-21 02:19:46,160.918,11386220.242424242,73.93242424242425,75.46606060606061
AWS,m3.large,2.6,2,7.516179999999999,medium,128134600,als,2017-09-20 20:26:17,292.973,6645498.333333333,86.76133333333333,57.575833333333335
AWS,r3.2xlarge,2.5,8,65.49813999999999,small,375779530,bayes,2017-09-20 16:10:05,137.072,9396819.851851853,14.935555555555554,20.093703703703703
AWS,m3.large,2.6,2,7.516179999999999,large,1881786739,bayes,2017-09-24 22:02:15,810.49,7228855.09202454,94.37754601226995,95.43153374233128
AWS,r3.xlarge,2.5,4,32.749069999999996,small,806020600,lr,2017-09-20 19:57:56,130.307,7666088.888888889,24.401851851851855,42.03666666666667
AWS,r3.large,2.5,2,16.106099999999998,medium,940817222,bayes,2017-09-20 16:17:57,184.727,7839728.324324325,50.042162162162164,81.33567567567566
AWS,r4.2xlarge,2.3,8,65.49813999999999,medium,6400000000,terasort,2017-09-24 07:55:06,159.961,30197894.424242426,48.02272727272727,71.72121212121212
AWS,c3.large,2.8,2,4.0265249999999995,large,1612040600,lr,2017-09-20 21:43:51,1329.411,3717936.3895131084,96.44880149812735,27.002921348314604
AWS,m4.xlarge,2.4,4,17.17984,large,6569820373,wordcount,2017-09-20 17:38:37,219.575,14447363.42857143,87.91619047619048,31.48
AWS,r3.2xlarge,2.5,8,65.49813999999999,large,4019032802,scan,2017-09-24 06:30:17,294.416,28136917.639344264,44.720983606557375,22.39508196721312
AWS,m4.large,2.4,2,8.58992,large,13139647834,wordcount,2017-09-25 01:01:27,398.166,7795459.851851852,95.35024691358025,63.29716049382716
AWS,m3.xlarge,2.6,4,16.106099999999998,large,743932961,aggregation,2017-09-20 21:40:02,144.081,13228912.266666668,85.89666666666669,76.00133333333333
AWS,c4.2xlarge,2.9,8,16.106099999999998,large,1612040600,lr,2017-09-24 03:04:02,90.294,9820717.684210526,63.76736842105263,41.13578947368421
AWS,r4.large,2.3,2,16.374534999999998,medium,3284907119,sort,2017-09-22 05:51:34,285.316,13347143.310344828,85.23620689655172,26.667413793103446
AWS,c4.2xlarge,2.9,8,16.106099999999998,large,1881786739,bayes,2017-09-20 15:43:39,100.484,11725649.523809524,76.13619047619046,62.234285714285704
AWS,m4.2xlarge,2.4,8,34.35968,large,1881786739,bayes,2017-09-20 16:16:39,104.05,15401574.857142856,46.74666666666666,67.59190476190477
AWS,m4.xlarge,2.4,4,17.17984,large,395478955,pagerank,2017-09-21 04:35:40,408.476,11329676.2,68.944375,53.589875000000006
AWS,m3.large,2.6,2,7.516179999999999,small,806020600,lr,2017-09-25 01:32:34,140.847,5958370.75862069,77.79103448275862,88.05068965517239
AWS,r4.xlarge,2.3,4,32.749069999999996,large,3820993928,join,2017-09-24 08:33:24,124.155,14092980.96,44.8828,74.6368
AWS,c3.xlarge,2.8,4,7.516179999999999,large,3820993928,join,2017-09-21 04:01:50,393.37,7190072.52631579,93.87144736842107,24.87447368421053
AWS,c3.2xlarge,2.8,8,16.106099999999998,small,0,scan,2017-09-21 07:51:07,32.999,4862908.5,31.575000000000003,16.80375
AWS,m4.large,2.4,2,8.58992,small,3200000000,terasort,2017-09-22 19:31:43,227.491,6858964.340425532,83.89617021276598,65.7968085106383
AWS,m3.xlarge,2.6,4,16.106099999999998,medium,743933137,aggregation,2017-09-20 21:21:58,337.303,12078364.296296297,78.42592592592592,25.99049382716049
AWS,r3.2xlarge,2.5,8,65.49813999999999,large,3820993928,join,2017-09-24 05:16:56,98.773,19820005.4,31.501999999999992,56.7285
AWS,c4.xlarge,2.9,4,8.053049999999999,large,13139663459,wordcount,2017-09-20 18:04:52,174.356,7106962.444444444,92.7863888888889,52.07555555555555
AWS,c3.xlarge,2.8,4,7.516179999999999,large,743933030,aggregation,2017-09-20 21:16:14,143.245,7182568.133333334,93.77299999999998,70.23
AWS,m3.large,2.6,2,7.516179999999999,medium,1209030600,lr,2017-09-25 01:44:44,186.493,6676507.684210527,87.16631578947369,89.74263157894738
AWS,m3.xlarge,2.6,4,16.106099999999998,large,1612040600,lr,2017-09-24 10:03:09,138.673,8614850.75862069,55.93793103448275,60.32965517241381
AWS,r4.xlarge,2.3,4,32.749069999999996,large,4019032802,scan,2017-09-24 10:31:40,240.136,16692355.76,53.1606,42.27899999999999
AWS,r3.large,2.5,2,16.106099999999998,small,3284910893,wordcount,2017-09-24 23:03:45,91.76,9216216.210526315,58.828947368421055,84.72999999999999
AWS,c4.large,2.9,2,4.0265249999999995,small,72101800,als,2017-09-20 21:45:47,122.035,3321720.769230769,86.16923076923078,69.6876923076923
AWS,c3.xlarge,2.8,4,7.516179999999999,small,3284904326,wordcount,2017-09-24 11:13:17,72.485,7036605.066666666,91.86733333333333,51.83866666666666
AWS,r4.large,2.3,2,16.374534999999998,small,375779530,bayes,2017-09-20 18:09:48,167.344,5159604.342857143,32.95028571428571,48.33542857142857
AWS,m3.xlarge,2.6,4,16.106099999999998,large,200168800,als,2017-09-20 20:37:36,220.438,13661347.659574468,88.7044680851064,52.331489361702104
AWS,c4.2xlarge,2.9,8,16.106099999999998,large,395478955,pagerank,2017-09-21 02:53:03,448.5,12040116.359550562,78.17820224719102,29.01101123595506
AWS,c4.2xlarge,2.9,8,16.106099999999998,small,72101800,als,2017-09-20 19:45:04,202.394,9726799.783783784,63.15702702702701,14.734324324324326
AWS,r4.large,2.3,2,16.374534999999998,medium,128134600,als,2017-09-20 22:55:39,238.983,10017377.583333334,63.971875000000004,64.04083333333334
AWS,c3.2xlarge,2.8,8,16.106099999999998,medium,6569836450,sort,2017-09-21 21:32:50,162.771,14079005.454545455,91.41666666666667,27.36848484848485
AWS,c4.xlarge,2.9,4,8.053049999999999,small,72101800,als,2017-09-20 19:53:28,130.145,6155294.814814814,80.36074074074075,36.01333333333333
AWS,m3.2xlarge,2.6,8,32.212199999999996,large,743933101,aggregation,2017-09-20 21:36:06,99.091,21889535.42857143,70.87714285714287,58.69904761904761
AWS,r4.2xlarge,2.3,8,65.49813999999999,large,3820993928,join,2017-09-24 03:41:29,92.832,19748353.555555556,31.40611111111111,58.34277777777777
AWS,c4.large,2.9,2,4.0265249999999995,large,1881786739,bayes,2017-09-20 16:46:28,975.492,3716502.836734694,96.41147959183674,89.08811224489796
AWS,c4.2xlarge,2.9,8,16.106099999999998,medium,940817222,bayes,2017-09-24 01:31:26,64.881,8850875.384615384,57.46923076923077,59.63307692307691
AWS,m3.large,2.6,2,7.516179999999999,small,743933336,aggregation,2017-09-20 21:26:56,341.145,6862203.294117647,89.59029411764706,58.47676470588236
AWS,c3.large,2.8,2,4.0265249999999995,large,4019032802,scan,2017-09-21 10:52:51,287.544,3624022.033898305,94.01237288135592,85.20966101694917
AWS,r4.large,2.3,2,16.374534999999998,large,9600000000,terasort,2017-09-22 19:58:47,836.477,13759031.834319526,87.86668639053255,56.27568047337278
AWS,c4.2xlarge,2.9,8,16.106099999999998,large,4019032802,scan,2017-09-21 08:20:36,686.988,13964963.28057554,90.67589928057555,6.262661870503597
AWS,r4.large,2.3,2,16.374534999999998,large,4019032802,scan,2017-09-21 23:40:59,252.263,13224753.538461538,84.45442307692306,85.49365384615386
AWS,m4.2xlarge,2.4,8,34.35968,large,4019032802,scan,2017-09-21 21:01:09,802.798,21314956.050314464,64.69194968553458,6.719559748427674
AWS,r4.2xlarge,2.3,8,65.49813999999999,medium,940817222,bayes,2017-09-24 00:01:38,68.321,15693732.285714285,24.95714285714286,59.94928571428572
AWS,c3.large,2.8,2,4.0265249999999995,medium,3799320693,join,2017-09-21 04:37:49,245.539,3685586.285714286,95.60938775510203,75.2738775510204
AWS,c4.large,2.9,2,4.0265249999999995,medium,0,scan,2017-09-21 10:39:12,37.649,3014256.4444444445,78.19333333333333,50.35888888888889
AWS,r4.large,2.3,2,16.374534999999998,large,3820993928,join,2017-09-21 06:59:43,216.856,12490686.232558139,79.76674418604651,88.16418604651163
AWS,r4.xlarge,2.3,4,32.749069999999996,large,13139636273,sort,2017-09-22 06:07:17,336.941,23172554.17647059,73.79838235294118,47.368823529411756
AWS,c3.large,2.8,2,4.0265249999999995,large,13139671757,sort,2017-09-21 23:14:19,587.42,3757229.277310924,97.4680672268908,48.826134453781506
AWS,r3.xlarge,2.5,4,32.749069999999996,small,3200000000,terasort,2017-09-24 12:48:54,126.022,15376846.153846154,48.94461538461538,71.60653846153846
AWS,c4.large,2.9,2,4.0265249999999995,small,125209992,pagerank,2017-09-21 02:26:07,339.783,3326645.913043478,86.29768115942029,50.64391304347826
AWS,r4.xlarge,2.3,4,32.749069999999996,medium,259947887,pagerank,2017-09-21 05:33:21,351.667,11767279.940298507,37.475820895522375,35.106567164179104
AWS,c3.xlarge,2.8,4,7.516179999999999,medium,940817222,bayes,2017-09-20 14:50:14,136.43,6201088.142857143,80.96000000000001,54.72642857142857
AWS,c3.large,2.8,2,4.0265249999999995,small,3200000000,terasort,2017-09-22 08:10:20,231.504,3730975.829787234,96.7868085106383,60.2727659574468
AWS,m4.large,2.4,2,8.58992,medium,743932928,aggregation,2017-09-20 22:31:41,544.624,7365912.820512821,90.09529914529914,32.31410256410256
AWS,c3.2xlarge,2.8,8,16.106099999999998,small,375779530,bayes,2017-09-20 14:32:57,127.527,6903761.538461538,44.82769230769231,28.251923076923074
AWS,m4.xlarge,2.4,4,17.17984,large,1612040600,lr,2017-09-20 20:07:52,165.693,11024156.242424242,67.08484848484848,45.673030303030295
AWS,m4.xlarge,2.4,4,17.17984,medium,6569811111,sort,2017-09-22 05:25:00,867.097,14055407.976878613,85.53098265895954,9.25878612716763
AWS,m3.large,2.6,2,7.516179999999999,medium,0,scan,2017-09-21 16:54:10,41.905,4376715.2,57.141999999999996,57.14
AWS,m3.large,2.6,2,7.516179999999999,medium,1209030600,lr,2017-09-20 19:35:33,226.898,6685427.739130435,87.28282608695652,71.72130434782608
AWS,r3.2xlarge,2.5,8,65.49813999999999,small,125209992,pagerank,2017-09-21 04:17:52,144.192,14774726.266666668,23.483666666666668,26.712666666666667
AWS,r3.2xlarge,2.5,8,65.49813999999999,medium,6569827319,wordcount,2017-09-24 02:14:16,68.25,18830480.57142857,29.93,56.109285714285704
AWS,r4.2xlarge,2.3,8,65.49813999999999,small,0,scan,2017-09-21 21:02:28,31.492,5735124.0,9.120000000000001,15.850000000000001
AWS,m4.2xlarge,2.4,8,34.35968,large,1612040600,lr,2017-09-24 01:55:29,318.826,12855532.923076924,39.01646153846154,30.17676923076923
AWS,c3.xlarge,2.8,4,7.516179999999999,small,72101800,als,2017-09-20 19:49:31,200.62,5272886.146341464,68.84146341463415,27.297560975609755
AWS,r4.large,2.3,2,16.374534999999998,small,806020600,lr,2017-09-20 21:36:05,147.658,6360703.866666666,40.62033333333333,74.11633333333333
AWS,r3.2xlarge,2.5,8,65.49813999999999,medium,6569857617,sort,2017-09-24 08:29:55,107.494,30815473.454545453,48.97772727272727,49.08272727272727
AWS,c3.2xlarge,2.8,8,16.106099999999998,large,13139646178,wordcount,2017-09-20 16:25:35,272.742,14811242.07142857,96.1707142857143,25.089642857142856
AWS,r4.xlarge,2.3,4,32.749069999999996,medium,128134600,als,2017-09-20 22:31:38,116.789,12595208.666666666,40.11208333333334,65.34458333333333
AWS,c4.xlarge,2.9,4,8.053049999999999,small,743933355,aggregation,2017-09-24 09:52:04,126.305,7005478.666666667,91.46222222222221,68.88814814814815
AWS,r3.2xlarge,2.5,8,65.49813999999999,large,9600000000,terasort,2017-09-24 10:21:39,252.993,43348322.84615385,68.89826923076923,68.0546153846154
AWS,r4.xlarge,2.3,4,32.749069999999996,medium,6569831277,sort,2017-09-24 12:38:41,149.191,20858423.096774194,66.42838709677419,49.880645161290325
AWS,c3.xlarge,2.8,4,7.516179999999999,large,13139654547,sort,2017-09-24 15:43:54,476.288,7049456.412371134,92.03546391752577,30.019381443298965
AWS,m3.2xlarge,2.6,8,32.212199999999996,medium,743933039,aggregation,2017-09-20 21:30:00,100.085,21405134.285714287,69.3090476190476,58.491904761904756
AWS,m3.large,2.6,2,7.516179999999999,medium,6569840990,wordcount,2017-09-25 01:21:17,155.945,7184298.75,93.79593750000001,88.3825
AWS,m4.large,2.4,2,8.58992,large,200168800,als,2017-09-20 21:29:27,393.068,6909013.135802469,84.50790123456791,59.05703703703705
AWS,m3.2xlarge,2.6,8,32.212199999999996,small,3284918485,sort,2017-09-22 02:42:07,575.37,20022819.6302521,64.83294117647058,4.587815126050421
